team,season,volume,sphericity,components,peak_density
OKC,2018-19,332.50535560533945,0.6570917869341426,3,2.1598082912288756
OKC,2019-20,127.91846806693917,0.8078877012605071,3,3.312799979883933
OKC,2020-21,120.06563804021269,0.9705266886966052,1,5.149014667718403
OKC,2021-22,143.54146675168974,0.8726912011856025,1,5.464568254882715
OKC,2022-23,149.61707735131495,0.8108062463996438,1,4.387824003809188
OKC,2023-24,154.576759473458,0.736198302694932,2,3.842001868153236
OKC,2024-25,141.39227116542776,0.7660021570827764,2,3.907551613839652
OKC,2025-26,204.17358069488836,0.7468048766749324,3,3.1043053858759326
GSW,2018-19,288.0335392434569,0.7350421863960765,2,2.51856587698444
GSW,2019-20,160.1977325452201,0.9592232534435424,1,2.8265618710326295
GSW,2020-21,155.44470384483301,0.8005311500007329,1,3.3445806098787907
GSW,2021-22,251.9105211205151,0.8636022726465444,2,3.19471943493085
GSW,2022-23,230.8732027857584,0.8259002101652082,2,3.022446606573034
GSW,2023-24,120.72692898983176,0.869377398523023,2,3.8843426812274875
GSW,2024-25,227.2774332472047,0.8130013695925483,2,2.9915261678414224
GSW,2025-26,138.87109942000504,0.9380297118534354,1,4.182168692315869
BOS,2018-19,99.97892544553339,0.9710606447273354,1,5.232002383934222
BOS,2019-20,121.51221199250442,0.9426058690891841,1,3.875133947361438
BOS,2020-21,152.26224114979124,0.8216750320742361,1,3.280623228720426
BOS,2021-22,213.43165398955537,0.7503233468327658,2,3.0586960738595645
BOS,2022-23,243.52039219722315,0.7981019952191117,1,3.113941580309663
BOS,2023-24,129.19971928182613,0.8803073552493516,2,4.095984833526998
BOS,2024-25,167.63725572843467,0.7853238038784383,2,3.1557091528689547
BOS,2025-26,124.48802126579024,0.6428262999851537,4,3.016390377991293
MIN,2018-19,312.00533616714824,0.7064707612316985,1,2.4891395944438583
MIN,2019-20,156.6432936910176,0.8872207693243668,3,3.8210925462682988
MIN,2020-21,311.0133997427196,0.709750457986363,2,2.4491746389161375
MIN,2021-22,276.7915930999327,0.695290196477909,3,2.4343907900750654
MIN,2022-23,231.2451789449191,0.8099716808075095,2,2.7390739736519087
MIN,2023-24,267.82283459572403,0.6787038223713978,2,2.180656516602542
MIN,2024-25,232.15445400064533,0.7469570044267685,2,2.480260753205117
MIN,2025-26,140.27634268794557,0.8472081948292419,2,4.230730544930122
DAL,2018-19,268.56678691404545,0.714731323738896,2,2.7174755676346836
DAL,2019-20,229.50929020216904,0.7028876588469617,2,2.855019634003287
DAL,2020-21,286.9176107659747,0.7048668224465521,3,2.5339233931725853
DAL,2021-22,138.29246983908837,0.776650324608001,3,3.6268630402705497
DAL,2022-23,306.59101651714207,0.6932742965378799,2,2.099689167964196
DAL,2023-24,164.909430561256,0.6989437420878392,3,3.083541643911656
DAL,2024-25,235.17159395828236,0.9085803270009091,2,3.6943470613789247
DAL,2025-26,250.21596306211623,0.8478572334115132,1,3.2046187357253637
CLE,2018-19,165.94269767003578,0.840573051139009,2,4.016673282720501
CLE,2019-20,419.0104779523843,0.7309196865539249,1,1.8337053489636543
CLE,2020-21,152.5102252558984,0.7480540540000519,2,3.8007683069807308
CLE,2021-22,385.69794636532356,0.7064651918004929,2,2.2789295278888857
CLE,2022-23,322.25534588624384,0.6576414204140564,2,2.1113117455103017
CLE,2023-24,244.6363206747053,0.7020883595654912,2,2.927956938855579
CLE,2024-25,145.8559850753565,0.6702868952043397,4,3.4937949507670036
CLE,2025-26,280.3460319541352,0.6741536932542155,2,2.707161510591697
MEM,2018-19,124.48802126579024,0.8028302998133657,3,4.008584199255829
MEM,2019-20,267.6161811739681,0.7669245981386474,1,2.623356278521791
MEM,2020-21,182.55763277921497,0.7885524604803602,2,3.3805757915342984
MEM,2021-22,229.50929020216904,0.764968320788437,3,2.7158852288227275
MEM,2022-23,311.6333600079875,0.762262454482144,2,2.5827146288391334
MEM,2023-24,129.65435680968923,0.9119971903973471,1,4.796887817014475
MEM,2024-25,242.77643987890167,0.7946639352318521,2,2.9943965509924513
MEM,2025-26,219.71391801093657,0.9389999516306065,1,3.639952713662149
NYK,2018-19,198.22196214831672,0.8009867549910787,2,3.409172567716672
NYK,2019-20,346.06182007253045,0.7141201063181476,3,2.0757925346747124
NYK,2020-21,209.50523897619215,0.7344798822250616,3,2.7515744979193415
NYK,2021-22,138.20980847038598,0.9272285931630018,1,4.485894677625721
NYK,2022-23,220.4992010136092,0.7417145440140109,3,2.7536489280761707
NYK,2023-24,195.2461528750309,0.7197042706485477,2,3.0670005591138096
NYK,2024-25,170.075766105155,0.774359067339326,3,2.7697630759493044
NYK,2025-26,101.79747555698584,0.9339055783421283,2,4.741959023699739
