team,s0,s1,turnover,iou,fielddiff,d_volume,d_spher,d_comp,d_peak,d_net
ATL,2018-19,2019-20,0.3638676844783715,0.4866131191432396,0.10132128442324816,142.5914931334653,0.18760473447554848,0,1.6901082583257216,-1.6048729933445527
ATL,2019-20,2020-21,0.41506329113924045,0.30347490347490347,0.1373050943271317,185.06670323794572,0.2849439763252053,1,2.1757021306618567,8.778368335072773
ATL,2020-21,2021-22,0.22659493596865676,0.44866920152091255,0.08503682065080306,155.22071697647476,0.1204120825779963,0,1.0630124869506732,-0.7229702860835245
ATL,2021-22,2022-23,0.3867956744450768,0.49259624876604147,0.08596193560160979,12.251426548560431,0.0032350109179758446,1,0.25853922960434295,-1.1402048539674636
ATL,2022-23,2023-24,0.2075409058572445,0.5359891353553644,0.07777261776619535,177.83458360135054,0.04882252623299399,1,1.363901913250678,-2.61329307353102
ATL,2023-24,2024-25,0.5467309304274937,0.2552891396332863,0.12339973502926886,159.484429299542,0.061397867840525366,0,1.465622244411688,1.1313728709470672
ATL,2024-25,2025-26,0.5571888844140154,0.2969061876247505,0.16156282223336435,159.484429299542,0.0767961061200344,2,0.6463024406873679,4.4692799062096
BKN,2018-19,2019-20,0.5568519087094463,0.3314491264131552,0.12340117646632728,88.2966248169376,0.03942953168169283,1,1.8676511112779997,-0.6179417911094999
BKN,2019-20,2020-21,0.6649645560495014,0.2765,0.13779604868053655,70.97192031434778,0.02177944610406435,1,1.7975736777187605,5.5684222848331855
BKN,2020-21,2021-22,0.46267068629189567,0.17668218366483285,0.156846105343277,51.48837412919224,0.050075168623662014,0,0.29221078509904874,-2.3218528193837518
BKN,2021-22,2022-23,0.6100082941664362,0.24981884057971016,0.1634742864022544,27.52523145271286,0.1225752508940614,0,0.18406307196303207,-0.198557384829523
BKN,2022-23,2023-24,0.5298789712556733,0.49092365189535503,0.09647393069664974,103.35454555283349,0.008956168968409228,0,0.444744778313205,-5.232809173108488
BKN,2023-24,2024-25,0.4340778288188394,0.3010797342192691,0.11072662084560009,35.566916720270115,0.09692204805274873,0,1.321531914992209,-3.524245918239899
BKN,2024-25,2025-26,0.6074345105525507,0.5627605372857805,0.09109835511395802,29.198333756701274,0.006995108087581525,0,0.12188550858994596,-2.3537470404656267
BOS,2018-19,2019-20,0.4722945332837486,0.25526315789473686,0.11143762069839985,20.239140774053567,0.027127268671705007,0,1.3105200727994677,1.9177784506160922
BOS,2019-20,2020-21,0.3819201995012469,0.45446182152713893,0.09447829326639365,28.11891291541839,0.12754084720320946,0,0.5875603749577141,-4.035726990725186
BOS,2020-21,2021-22,0.32882730652247383,0.5161186331399097,0.08279584895006106,66.4383527809598,0.06601783248541526,1,0.26241375479849216,5.014578932862501
BOS,2021-22,2022-23,0.13007603947581292,0.5686472819216182,0.07561647647021431,25.366389770147123,0.04577925677752959,1,0.09571242310257544,-1.0011979179049613
BOS,2022-23,2023-24,0.4002376472918111,0.48419486798066197,0.08192161117026567,111.88197019896805,0.08927555873113824,1,0.9724800503881434,4.896593610433041
BOS,2023-24,2024-25,0.12534763607469213,0.42305904230590424,0.09377068848666376,36.64633756155297,0.10119974915358043,0,0.9385210042217795,-2.230724551334683
BOS,2024-25,2025-26,0.3300646551724138,0.2197625922361245,0.11613889369306825,41.39578926319753,0.1453847466092758,2,0.1605005663396657,-0.3399440729603409
CHA,2018-19,2019-20,0.5826471848079577,0.3249075215782984,0.1124766439389853,12.791136969201915,0.054137408381081276,1,0.750598542851407,-5.867649828778854
CHA,2019-20,2020-21,0.08660902419530625,0.5376193149915778,0.08415250293746848,25.420360812211214,0.032231114637902514,0,0.11883425538440928,5.3132053718518915
CHA,2020-21,2021-22,0.3809792100963435,0.5296178343949045,0.08631210170496695,69.73058634687251,0.0288322981360416,1,0.11319942553957896,2.8613180707183887
CHA,2021-22,2022-23,0.4693379066625091,0.37010420409629896,0.11317440673388757,31.033349186882106,0.023135527608238782,0,0.7610498215435157,-6.861123976887451
CHA,2022-23,2023-24,0.6940807337235262,0.572962962962963,0.08504664507179267,24.556824139184982,0.0483290311285135,1,0.44884725664538117,-4.141344868020357
CHA,2023-24,2024-25,0.457928711759753,0.2204007285974499,0.15133648531077373,110.31680997910794,0.14938654887242453,1,1.5140363116716529,5.222294028398665
CHA,2024-25,2025-26,0.46561423650975886,0.26594048884165783,0.13623223744190546,110.58666518942866,0.040590353980394345,0,0.43414418272891053,11.407780527201506
CHI,2018-19,2019-20,0.3959114139693356,0.4256138661531054,0.0950494178291343,81.01053413827836,0.12632854583826647,0,0.5516411700349186,5.304750573375139
CHI,2019-20,2020-21,0.3169384180029645,0.41469245816126926,0.12973165886829627,63.68582963568852,0.1374989156132369,1,0.20167089273251504,2.0900613500133725
CHI,2020-21,2021-22,0.4948787348086823,0.3449581506576325,0.13450592354647659,63.63185859362437,0.12221398979330356,1,0.12126384418779601,0.5329143755646859
CHI,2021-22,2022-23,0.2146459448332647,0.49390243902439024,0.0789250884484743,63.523916509496075,0.0577591296213108,2,0.29275875824210607,1.9414580608595464
CHI,2022-23,2023-24,0.15981163268373333,0.45825049701789267,0.07470096985487389,11.873629254111393,0.09741725409779844,2,0.025577739777508768,-3.149713317945735
CHI,2023-24,2024-25,0.4932937496686636,0.43350383631713557,0.1069785029646906,86.02984105024365,0.01578526521789514,0,0.09142485096345787,1.5022357806458109
CHI,2024-25,2025-26,0.6366205868749679,0.5755942171036511,0.08050808813546925,46.14524096484212,0.011015022176331435,0,0.6878673513387743,-1.2062460826207209
CLE,2018-19,2019-20,0.4483483132952025,0.24373673036093418,0.09819160288785367,254.31155020624095,0.10845468218294829,1,2.182968172425391,1.7562680295915207
CLE,2019-20,2020-21,0.42188588436451147,0.18269602162997295,0.13379921384756038,264.4041350722357,0.01728133765241957,1,1.9397037463328648,0.4495368723808957
CLE,2020-21,2021-22,0.35384810608463935,0.2684129429892142,0.13170384761435128,230.18649440356913,0.04336941193928012,0,1.497803184827183,10.248034385228078
CLE,2021-22,2022-23,0.26060818596262714,0.309255079006772,0.12043746957352373,60.87933544835312,0.045346731361210035,0,0.16614112900024525,2.9476708466427137
CLE,2022-23,2023-24,0.20394916271204933,0.34175470831419386,0.1033310709374998,79.82317121286721,0.043403999703587215,0,0.8242805187283477,-3.605496830372057
CLE,2023-24,2024-25,0.2587202007528231,0.31772673733804474,0.11125345790830181,94.61123673844236,0.03429377997003258,2,0.5234156427333732,6.987218879680279
CLE,2024-25,2025-26,0.46648044692737434,0.3547477279849577,0.12081839993902391,128.66696428091652,0.0036146421561240594,2,0.7470347456897088,-3.284566618348128
DAL,2018-19,2019-20,0.15831940522160104,0.3266964648516863,0.13355242757229543,44.04037032434053,0.011914689576619009,1,0.16285097921049996,6.125965893750496
DAL,2019-20,2020-21,0.27037274377870346,0.4361917623227549,0.10066788355895749,61.31110378486625,0.005265296632460226,1,0.3314362818189802,-2.9248805802717377
DAL,2020-21,2021-22,0.3368445288666321,0.24216524216524216,0.12420471167203105,149.71567068593217,0.07057059241026375,0,1.0892920207635148,1.8631890256114003
DAL,2021-22,2022-23,0.42261996605462115,0.27908836465413833,0.1272275110600177,167.31023039884272,0.08472251195665981,1,1.5209166059106454,-2.845200123348857
DAL,2022-23,2023-24,0.340952380952381,0.2504398826979472,0.10811009025421875,140.37868040883546,0.004642621982166806,1,0.9698090373308834,1.5590822000169036
DAL,2023-24,2024-25,0.475619295958279,0.1832022329358031,0.1802170764624284,69.78455738893669,0.21065809615230513,1,0.6177772701460835,-1.8210444856483488
DAL,2024-25,2025-26,0.37965827423730425,0.5441363520732638,0.12570324219303894,16.56910991369182,0.05937952289405113,1,0.49679242473799023,-3.9474929146297244
DEN,2018-19,2019-20,0.22651416688328563,0.508150646430579,0.07644211615477012,131.58140055238016,0.029156198663153776,0,0.5980139293279638,-1.611868280892348
DEN,2019-20,2020-21,0.40616391184573,0.49674681753889677,0.08443086258893044,131.41948742618777,0.05671460522850247,0,0.6410631059285636,2.6661531229369873
DEN,2020-21,2021-22,0.3909666626837137,0.3582729070533949,0.10723263337300283,13.762615726356415,0.11083173486729114,0,0.5380455005053997,-2.419544992638145
DEN,2021-22,2022-23,0.6233455508043169,0.37070063694267513,0.1088877337853376,47.22466180612497,0.11674775902535706,0,0.7607242652251553,0.6685842432518463
DEN,2022-23,2023-24,0.2936629836991528,0.4966887417218543,0.068410991083936,44.36419657672542,0.052907035590257,0,0.6517957278359621,2.363545877894091
DEN,2023-24,2024-25,0.27017972987344463,0.30320800275957227,0.10878949353016162,110.31680997910794,0.061416553124854945,1,1.0853538766414483,-1.2750026594973596
DEN,2024-25,2025-26,0.3008019997916883,0.3326464527524286,0.12719995191500216,98.60509385118891,0.011461850263634776,0,0.7454756462157159,1.7708286238358184
DET,2018-19,2019-20,0.5359113063038937,0.23129836629406708,0.16949410650924296,182.42212217680267,0.24664142953055068,1,1.328023927618898,-3.438037626975965
DET,2019-20,2020-21,0.9448669201520913,0.17011128775834658,0.15820805707656949,165.69109913691844,0.1175834282712448,1,0.8834939962915307,-0.5369521308671743
DET,2020-21,2021-22,0.36571825121443446,0.4159220146222583,0.1090748418191833,103.89425597347491,0.030138606453799732,1,0.34909916186854906,-3.3312903143201336
DET,2021-22,2022-23,0.39493433395872424,0.17499413558526858,0.13008549691215263,167.79596977742,0.11437943390674277,0,0.7453120028238875,-0.25602299273175344
DET,2022-23,2023-24,0.448746901679978,0.24678724416944312,0.1394440520676961,114.47258021804694,0.011301304315877392,1,1.0942103980462252,0.8931171815211636
DET,2023-24,2024-25,0.3767232921980689,0.14348632359758925,0.16639358804840373,21.42650369946466,0.06757070576827207,1,0.5516031297713262,8.934257406990543
DET,2024-25,2025-26,0.3784507622579316,0.3931556948798328,0.12564411141718682,26.553752695558273,0.016943238082386847,1,0.24968630757556065,6.9061875331702485
GSW,2018-19,2019-20,0.8914586070959264,0.1286180187525479,0.15965714011434604,129.9622692904559,0.21943357527705343,1,0.3072122818534839,-14.759283790139799
GSW,2019-20,2020-21,0.2941679331306991,0.3833808844507846,0.10840616619780136,4.965335869901139,0.15645404045871858,0,0.5269161087804703,9.043413059652284
GSW,2020-21,2021-22,0.32926753761377003,0.5063995548135782,0.09542984935743068,95.04300507495549,0.061434767826397896,1,0.14544476058629519,5.463923488358913
GSW,2021-22,2022-23,0.3447577504284156,0.6081652974856858,0.07493906808202769,18.99780680657824,0.03263472356512043,0,0.17093393964176595,-4.780297720879623
GSW,2022-23,2023-24,0.3761294389577642,0.41816816816816815,0.07766122076742517,110.69460727355693,0.041074092762181214,0,0.8583443135697126,0.8556938740989617
GSW,2023-24,2024-25,0.36301333475003983,0.40344827586206894,0.0927750799388523,107.24046058145177,0.05431323333645044,0,0.8919560602331935,2.007773735994922
GSW,2024-25,2025-26,0.30389594963772415,0.5457277801631601,0.08285811289523035,89.10619044789979,0.12108785361834673,1,1.1849004997644568,-1.8397192317350264
HOU,2018-19,2019-20,0.3395426321369075,0.2998741346758968,0.11688395909517826,71.99737011356649,0.05858736521652108,2,0.8989635419178863,-1.8994804961905527
HOU,2019-20,2020-21,0.8368517796468556,0.19913419913419914,0.20162014617765323,0.5936814627055469,0.09117925531842697,0,0.8163972893342768,-8.50069648065177
HOU,2020-21,2021-22,0.5728229179870705,0.07512953367875648,0.15049378861313803,37.6717873607717,0.0631586308628298,0,1.0748451304220796,-2.4460103724073914
HOU,2021-22,2022-23,0.4281699275753973,0.36962294211364843,0.0994628659461517,5.936814627055696,0.11514332480142409,0,0.23540730703328494,0.15010772063395095
HOU,2022-23,2023-24,0.4341643258426966,0.3637110016420361,0.10227771142408888,12.41333967475282,0.11782815138953306,0,0.37238161549338944,9.536596914933737
HOU,2023-24,2024-25,0.08837090163934425,0.5133865664631282,0.08135672248038905,97.25581779958537,0.05682642936701554,1,0.42331907802302426,2.951778879039635
HOU,2024-25,2025-26,0.4577825596884927,0.38138248847926265,0.11743142642264973,66.38438173889563,0.03964377974378552,0,0.7610964191559519,2.0031978069875223
IND,2018-19,2019-20,0.6519903794237472,0.42868920032976093,0.10327443943490065,3.8319439865541085,0.09916578552334487,1,0.03121373879733058,-1.1354079449512393
IND,2019-20,2020-21,0.18608301360306945,0.3842364532019704,0.09136340392919277,28.496710209867445,0.020100944212528282,0,0.3938162977290176,-2.284403427341264
IND,2020-21,2021-22,0.6224219032686045,0.1731984829329962,0.1403184004175399,148.4743367184569,0.17902844157837838,1,1.8318232360743538,-2.2711225933561567
IND,2021-22,2022-23,0.3001742055625638,0.3074232413525068,0.09572107179048617,42.906978440993555,0.052370570046193166,1,0.8155027132599759,-0.7253308765806428
IND,2022-23,2023-24,0.3217369727047147,0.22735141373341028,0.11831095822828092,192.08293870628424,0.033163870427034614,0,1.5131529115962334,5.893000228601819
IND,2023-24,2024-25,0.14520431025285396,0.44704538966600055,0.09084378918852266,171.62791376397414,0.11548731042544269,0,1.1767970122197142,-0.25440213919469823
IND,2024-25,2025-26,0.4145413630518645,0.38182960016746914,0.12935044264024162,104.70382160443708,0.10462662401413747,1,0.16551060654706307,-7.0053532853687095
LAC,2018-19,2019-20,0.45677479435045787,0.23592378505673303,0.12785384494763646,235.69154069411167,0.007588253749425178,2,0.9746950628320348,5.259631124892206
LAC,2019-20,2020-21,0.43545962844946795,0.3900533536585366,0.12901980383655665,157.00176136459146,0.04812008271017243,0,0.7813314003402629,-0.034184699934747265
LAC,2020-21,2021-22,0.34230066950699944,0.41672657560508025,0.12788458975277284,34.97323525756454,0.09956985249924855,0,0.7098896768837144,-6.1562073392178895
LAC,2021-22,2022-23,0.3968282901932191,0.3871032949262179,0.12978047740425022,69.51470217861598,0.12588900998461805,0,0.44731433810137267,0.744940937157601
LAC,2022-23,2023-24,0.3165308969800621,0.38031319910514544,0.12109146337074736,74.69592221677368,0.024077702048637906,0,0.11813052674112834,2.626193806351962
LAC,2023-24,2024-25,0.461798114016288,0.2177940542869453,0.13485169839329977,141.0263329136052,0.09033916202138681,2,1.0094494011977428,1.42242292960566
LAC,2024-25,2025-26,0.5794998944925089,0.22394678492239467,0.14524231959047887,164.71962037976388,0.17877018522316324,3,1.4127747894736562,-2.3032750415801435
LAL,2018-19,2019-20,0.5164344583987441,0.377750979801025,0.10668605505268498,70.97192031434781,0.11184610187732857,2,0.1227596623837024,6.760861143887298
LAL,2019-20,2020-21,0.40244984910349724,0.4328459707582455,0.11752015582475722,35.78280088852668,0.08856457750059155,1,0.035604619100837454,-2.850301820600376
LAL,2020-21,2021-22,0.7800310283687943,0.43885147110953565,0.10670164608495986,19.69943035341211,0.05844388724715477,0,0.2260841168944867,-4.980892391712555
LAL,2021-22,2022-23,0.7444525471403272,0.31144465290806755,0.13384018958103933,54.40281040065594,0.003858525327066653,1,0.3949484357539217,2.8344187318001257
LAL,2022-23,2023-24,0.4321271300019146,0.40419732897247207,0.09433864706148638,14.896007609703418,0.04427667081261544,2,0.15396116301461849,-0.49918047539774246
LAL,2023-24,2024-25,0.5543282449985778,0.30330882352941174,0.1286891009233904,39.77665800127326,0.04778357817686518,0,0.5659688872095061,1.1489983041906404
LAL,2024-25,2025-26,0.31050601846441506,0.36097773897861196,0.11242357903476141,7.0702065104026985,0.0660202418350544,1,0.0493984170138102,1.6537117833398174
MEM,2018-19,2019-20,0.7816292134831461,0.11019283746556474,0.15510436035713687,143.50900084855576,0.034781834752187435,2,1.3825427176424987,0.4358834336763764
MEM,2019-20,2020-21,0.25704913896423387,0.5124577053214395,0.07594261373489193,84.03291249387041,0.02306540651220501,1,0.7497259977219457,1.8596432139675878
MEM,2020-21,2021-22,0.21576076965500335,0.39639914555996336,0.12165205917982634,44.957878039430966,0.024432600072353372,1,0.6509508335618976,4.489018662606448
MEM,2021-22,2022-23,0.19057192741124807,0.3976803617063102,0.10196842858548709,81.4962735168557,0.003483999790680703,1,0.13129211085284975,-1.895963826938862
MEM,2022-23,2023-24,0.5419981871286131,0.2414759458197104,0.1514122539422142,181.07284612519916,0.1535399405939789,1,2.2317617991699383,-8.38940292454513
MEM,2023-24,2024-25,0.3259022676461194,0.6070878274268104,0.10246910433333177,114.36463813391862,0.11926102736977973,1,1.8277028608317867,11.304322402225742
MEM,2024-25,2025-26,0.6786037565059968,0.40970625798212007,0.1360024955739515,22.937692877260673,0.14568635439098354,1,0.6485861022678194,-11.617799906473337
MIA,2018-19,2019-20,0.6698914449631588,0.26275071633237823,0.13829856982809657,144.04871126919716,0.1227485329663095,1,0.7613144925124344,2.9385269680518795
MIA,2019-20,2020-21,0.3555555555555555,0.47906091370558374,0.0877680954379823,6.8543223421461335,0.002721753038462449,0,0.4507305330436844,-2.569558831748519
MIA,2020-21,2021-22,0.4958016342631727,0.39839339991315675,0.10414965182740904,2.536638977014718,0.00040431951834141167,0,0.6234362686394963,4.3501287537605515
MIA,2021-22,2022-23,0.20410161562313012,0.4333692528735632,0.09984782027313166,35.081177341692865,0.08482820431914573,0,0.15411900393387423,-5.032562213959668
MIA,2022-23,2023-24,0.3766361425836825,0.44885679903730447,0.08886047595309009,71.56560177705336,0.06080578224890132,0,0.9453818164199341,2.1253392925655534
MIA,2023-24,2024-25,0.37936321357387437,0.5450980392156862,0.08690918428697617,86.73146459707749,0.0032504168918606746,1,1.02173234403977,-1.0536781796844474
MIA,2024-25,2025-26,0.3374047247076646,0.5321311475409836,0.09069127661235114,152.79202008358828,0.10024039108740623,1,1.592912561694345,2.423336895993678
MIL,2018-19,2019-20,0.3246434524912021,0.4479717813051146,0.09667740490143291,103.89425597347488,0.11599435101614808,0,0.5113411637882175,0.9884494607266934
MIL,2019-20,2020-21,0.5283018867924528,0.11560693641618497,0.10042126474042119,164.66564933769976,0.2173940517831312,0,1.9097237546083772,-4.098140458627798
MIL,2020-21,2021-22,0.4508503401360544,0.45143188854489164,0.09215968399776259,25.312418728082946,0.020140942406715823,1,0.20497528479141192,-0.2804535119756979
MIL,2021-22,2022-23,0.27189419972925133,0.4342189160467588,0.09757671564440559,90.23958233124674,0.0378355736475694,0,0.20780065137620207,-1.1571333126369376
MIL,2022-23,2023-24,0.4871507754325066,0.3385155466399198,0.10813938589931983,13.007021137458395,0.027975961021650453,0,0.24474179756885395,-1.8811011720046618
MIL,2023-24,2024-25,0.38195653255085293,0.5364771151178919,0.06522415726895046,183.8793403125345,0.053187585161780127,1,1.019860425275092,-0.14499831648464623
MIL,2024-25,2025-26,0.25769344213941603,0.4934984520123839,0.10088350657427718,91.64282942491451,0.0427940232083025,0,0.8510991135604757,-6.7929254858872135
MIN,2018-19,2019-20,0.7764926539543607,0.2463768115942029,0.13534543300388596,154.08732509312773,0.18238253421713002,2,1.3348919882512176,-1.7257705046729743
MIN,2019-20,2020-21,0.18992180712423978,0.21384060347654968,0.12883515513175936,157.217645532848,0.17766846354699062,1,1.394235021920104,-2.0034527272836833
MIN,2020-21,2021-22,0.2220792889720501,0.5539253048780488,0.0674139765418015,36.26854026710396,0.014782069676435361,1,0.005975378979355739,7.606038589776021
MIN,2021-22,2022-23,0.41844870373303766,0.44439327653695604,0.11013694418401301,44.79596491323852,0.11359553194135186,1,0.2993376632819422,-1.8372773140716614
MIN,2022-23,2023-24,0.1858117179528489,0.3792162698412698,0.08015462434075117,38.26546882347722,0.12704581924048441,0,0.5547545335568573,6.020457128450518
MIN,2023-24,2024-25,0.26603814477676635,0.4744174873889022,0.0726552826985228,36.2685402671039,0.06610976139604652,0,0.29470037569363816,-1.3603201145805155
MIN,2024-25,2025-26,0.13791817600681866,0.444831013916501,0.06902925830187982,91.48091629872212,0.10095516716835273,0,1.74239047306913,-0.959084979566116
NOP,2018-19,2019-20,0.6104355516250277,0.3062753036437247,0.14355989168836153,49.38350348869068,0.09307683538646305,1,0.4547875179028793,-1.0350237160787756
NOP,2019-20,2020-21,0.5252857637686179,0.3670158837445083,0.13097240413244118,130.01624033252003,0.010827220725271647,1,0.6525604034821826,1.0972964867768331
NOP,2020-21,2021-22,0.7193292682926828,0.23147440794499619,0.11730962159998362,265.10575861906943,0.0947332453873555,2,1.4460471103077412,0.5987810239406421
NOP,2021-22,2022-23,0.222077144877863,0.5,0.08469040808452455,116.63142190061257,0.026458568708419228,1,0.4490853507990673,1.6594126164815926
NOP,2022-23,2023-24,0.1323282228900321,0.43018945634266886,0.08881925456089015,28.982449588444723,0.0020684095484484466,1,0.008490713331086752,2.2208024563353357
NOP,2023-24,2024-25,0.3124016282225237,0.32168330955777463,0.16411389930954923,36.97016381393783,0.11428533412482367,1,0.7605221673735172,-13.05212350775049
NOP,2024-25,2025-26,0.6087552020228626,0.3492132867132867,0.15673809251500392,28.442739167803268,0.030291308232977876,1,0.598756949035633,6.250242728275924
NYK,2018-19,2019-20,0.5581667316366876,0.3504424778761062,0.12966583530649217,147.2330027509816,0.08851539542944631,1,1.3317930823423105,1.778131834911977
NYK,2019-20,2020-21,0.389249426417568,0.24343073365566534,0.14728011274860234,135.19746037067773,0.023281705560074584,0,0.6738746440115007,8.500678497397862
NYK,2020-21,2021-22,0.230988086064845,0.4068126520681265,0.12019949600459919,72.42913845007968,0.19152300278977175,2,1.737544554026798,-2.3972761117146524
NYK,2021-22,2022-23,0.32171125137761747,0.31953801732435033,0.1335213544448193,82.19789706368951,0.18843697908267754,2,1.7380435620491022,2.97806108927825
NYK,2022-23,2023-24,0.40604575163398693,0.21119473189087487,0.1272232069023698,23.693287466158694,0.0224715338144158,1,0.30110963347962905,2.012560957684695
NYK,2023-24,2024-25,0.510244707710235,0.4195046439628483,0.11062087767825199,28.118912915418406,0.055758401511413314,1,0.2750691590518328,-0.6731331535295482
NYK,2024-25,2025-26,0.15470971880679996,0.4247422680412371,0.07893968106198425,66.27643965476736,0.1620426306173014,1,1.9534790660495531,3.561805471304713
OKC,2018-19,2019-20,0.5403661464585834,0.19361147327249023,0.1284113502086856,205.1439308858068,0.15379121067506385,0,1.160350739384754,-1.2380936406763077
OKC,2019-20,2020-21,0.7056305368927998,0.012752858399296393,0.18928426400679338,8.41948256200628,0.15880575488294946,2,1.8475670271315243,-12.131637783632907
OKC,2020-21,2021-22,0.2424995097718805,0.5837427422956677,0.11270044695111758,26.22992644317341,0.09840882254261496,0,0.26391697071823206,3.063746888541673
OKC,2021-22,2022-23,0.3714193928361086,0.5518220539517275,0.09871330979547477,2.374725850822273,0.05869770206245317,0,1.0152271714877275,9.440648806951458
OKC,2022-23,2023-24,0.24558596042033387,0.32747005988023953,0.11863788629634421,7.39403276278756,0.07427119343054034,1,0.5754619692266885,5.378843992194348
OKC,2023-24,2024-25,0.22817177914110431,0.40379880408019697,0.10217567647752576,12.629223843009413,0.02601079117775107,0,0.04365252252166707,4.893629864373985
OKC,2024-25,2025-26,0.05007849293563582,0.4490831057354662,0.09173929657874048,60.39359606977581,0.019140161132574662,1,0.7772349570343029,0.6390168531063871
ORL,2018-19,2019-20,0.08207769437291113,0.5396090534979424,0.09057022464822224,158.51295054238741,0.02216383335323091,0,0.8569585093735603,-1.6582271892696898
ORL,2019-20,2020-21,0.7265370349556031,0.3055107960038672,0.11742948943738188,215.56034200418637,0.02484660710363118,1,1.7183736214936625,-8.032095522513961
ORL,2020-21,2021-22,0.37303684133274617,0.5020499440924339,0.07508033647464427,136.16893912783226,0.008984768135355314,1,1.173026888557839,1.0620244132827814
ORL,2021-22,2022-23,0.3168090547967568,0.2529527559055118,0.1160064462226354,130.44800866903316,0.012327561826620204,1,1.4366952034278224,6.0902025297156825
ORL,2022-23,2023-24,0.13557703112709296,0.372840498192045,0.09626460895667606,60.285653985647514,0.12476066843299805,0,1.1749403491183745,4.067419937318762
ORL,2023-24,2024-25,0.12905381096777513,0.40864745011086473,0.10512880011573326,99.25274635595864,0.007412254847743105,0,0.3285241493774831,-1.6569223247792308
ORL,2024-25,2025-26,0.306997971602434,0.25361512791991103,0.14586859905121213,123.75559945307947,0.15477300544568406,1,1.3535146145631765,1.1165835201982555
PHI,2018-19,2019-20,0.5313263985427352,0.3023159636062862,0.12096132982111082,49.43747453075483,0.3038938232426872,3,0.8570621782679027,-0.4763686455135252
PHI,2019-20,2020-21,0.4221654151355382,0.2524235645041014,0.1217806506260777,134.71172099210048,0.2122786070636672,1,1.4634543561643554,3.518520134815084
PHI,2020-21,2021-22,0.40103620910466875,0.3896736483195324,0.11288052580126828,92.66827922413322,0.013787112218916375,1,0.20198622893997698,-3.3880348360813217
PHI,2021-22,2022-23,0.30705640803976664,0.39342915811088297,0.0913481786703826,24.179026844736,0.14698873710718174,0,0.7632780507078598,1.8626797226102942
PHI,2022-23,2023-24,0.4928647704106397,0.5037476577139288,0.10884108514867837,61.58095899518699,0.011794871763645909,2,0.13596893337747273,-0.42978249284655323
PHI,2023-24,2024-25,0.6186314430430033,0.5209686946249261,0.10904226988990337,0.755594588897992,0.03731156287452353,0,0.5787311165228108,-9.651968620680895
PHI,2024-25,2025-26,0.40426002766251734,0.5396605472809144,0.10908736659749674,73.67047241755498,0.0788535312817007,0,0.42042492809517995,6.584759649730776
PHX,2018-19,2019-20,0.5024337756827382,0.23376623376623376,0.1223987307704914,110.47872310530033,0.06486145889162798,0,0.7906229518781647,8.966909354856467
PHX,2019-20,2020-21,0.368992718446602,0.26432337434094905,0.11397889897355876,39.50680279095252,0.07602824058624824,0,0.3415816066834729,5.16246914928713
PHX,2020-21,2021-22,0.16471365903491375,0.4701946472019465,0.08607845637299309,79.71522912873893,0.16003809189371532,0,0.928369312252384,1.80186366344659
PHX,2021-22,2022-23,0.45545337684168896,0.25659690627843496,0.14070124329109632,229.37692877260696,0.21040540572229605,0,1.5517836496754338,-4.957195443044181
PHX,2022-23,2023-24,0.7497939418916134,0.3732651570489408,0.12614592045994902,175.83765504497728,0.12424456063181677,0,1.2646117095329106,0.5637962393825631
PHX,2023-24,2024-25,0.4063929210578644,0.530281182408075,0.09876603818722775,124.99693342055474,0.020513024737257246,1,0.9477720483639103,-5.983482802911277
PHX,2024-25,2025-26,0.5621689299817009,0.47028728846910667,0.11229001283776034,11.010092581085189,0.024285265505117448,0,0.0022432504801446207,5.2580581716761055
POR,2018-19,2019-20,0.6615062163578336,0.3604121734962856,0.11301142721152954,108.10399725447809,0.07021787808227586,0,0.5710700459476374,-4.956814612048999
POR,2019-20,2020-21,0.43482926213469675,0.43185642176107686,0.09384758711246631,10.362440076315409,0.033037417616487263,0,0.2843079966965152,2.518480026047154
POR,2020-21,2021-22,0.682874463248295,0.1669642857142857,0.17106325383373192,86.78543563914167,0.007100898161409019,0,0.2621683008384683,-10.295455695299015
POR,2021-22,2022-23,0.4234494259508691,0.15394736842105264,0.15164177971844287,174.75823420369443,0.14794690851182524,0,1.2813483067005889,5.114399067232611
POR,2022-23,2023-24,0.5641416063951274,0.10496,0.1688407441943685,139.2992595675526,0.16612625810361126,1,1.0806055491672932,-4.6827639249164665
POR,2023-24,2024-25,0.14243582741671212,0.4037344398340249,0.10968346855302792,24.718737265377456,0.08737882885038084,0,0.008370686256982562,5.2693187785093585
POR,2024-25,2025-26,0.33305120609394834,0.31920359666024406,0.1323795248115541,7.5559458889800055,0.10861843830188556,1,0.2071164625574542,4.670082117049201
SAC,2018-19,2019-20,0.3308542713567839,0.5058533579790512,0.09737156068894122,22.236069330426858,0.14116928002537854,0,0.193513609775811,-1.0867078684849267
SAC,2019-20,2020-21,0.5764929545962871,0.48381658799730276,0.0865824770746012,10.092584865994723,0.16596485557289808,1,0.16236015796805603,-1.4916715204989601
SAC,2020-21,2021-22,0.48581310446422854,0.4340836012861736,0.10688990381644217,25.744187064596133,0.06706130960709666,0,0.2716737682497481,-1.7334464559946694
SAC,2021-22,2022-23,0.4071238187545433,0.3171582619727244,0.10607872330586464,54.888549779233244,0.11035430741129537,1,0.25284664416916147,7.825495439181229
SAC,2022-23,2023-24,0.08332879472795596,0.49251101321585905,0.07178212177136926,60.0157987753268,0.05248863984854357,0,1.862710453592245,-1.1642517796098595
SAC,2023-24,2024-25,0.4960850703629246,0.16507177033492823,0.10623752470704266,121.65072881257788,0.1611057069451326,0,2.577691223808473,-0.9341906750779172
SAC,2024-25,2025-26,0.3311151658259096,0.1661824520627542,0.16276078396980712,7.286090678659292,0.07416808883216386,1,1.2359169653490483,-8.653893783484289
SAS,2018-19,2019-20,0.13622093332623852,0.4225438866646135,0.0792787578757134,104.37999535205222,0.09753624551002227,1,0.4436339202729065,-3.010183080408302
SAS,2019-20,2020-21,0.33720501474926257,0.4192809709182505,0.09559681872415503,13.11496322158672,0.03333627066277911,1,0.187861382674126,-0.6156991819737945
SAS,2020-21,2021-22,0.4669083182301106,0.42904761904761907,0.09274610304738891,108.48179454892704,0.14018194141206608,1,1.384687500017895,2.9737666152089615
SAS,2021-22,2022-23,0.5047972935499973,0.317003702648818,0.14760867078817758,113.06933312437917,0.0026154391710537794,2,0.24448549571239875,-10.157966096952075
SAS,2022-23,2023-24,0.3592723597776655,0.5951428571428572,0.1018642087390208,61.419045868994516,0.004488518128213048,1,0.06027072027794622,2.6798055589861915
SAS,2023-24,2024-25,0.29208271948491293,0.3409757398027193,0.13606889475444928,153.8714409248712,0.07460777749775072,0,1.2017356190904618,3.168813073178267
SAS,2024-25,2025-26,0.30056815325054054,0.4330568720379147,0.10553297768627405,117.49495857363894,0.10177436316741739,1,0.08993580303825377,11.858781244575024
TOR,2018-19,2019-20,0.29743428959607043,0.49988915983152293,0.09080476140828417,34.001756500409954,0.06045943241132168,0,0.43991666550382513,0.2921798433521916
TOR,2019-20,2020-21,0.4638335809806835,0.4467229593888219,0.09598550321643122,28.982449588444695,0.002025115600515548,0,0.22888720733008938,-5.744108404166992
TOR,2020-21,2021-22,0.3184949348769899,0.5780224024719969,0.08917155494876515,47.22466180612497,0.005536042568879185,0,0.24475631224479022,2.0179798494066814
TOR,2021-22,2022-23,0.18167503198504087,0.6900237529691211,0.07017390713252387,35.243090467885224,0.05264596778176345,1,0.5015778478371296,-0.9183740076432079
TOR,2022-23,2023-24,0.6051936830989295,0.4117308798159862,0.12258762806905997,170.44055083856296,0.10812333379327677,1,1.5032405690295394,-6.65354305503929
TOR,2023-24,2024-25,0.4011919871971745,0.24936673233886855,0.14259368915616785,18.512067428000933,0.2456793851122051,1,0.7113247209296092,2.6589134859909214
TOR,2024-25,2025-26,0.32075254588343594,0.29164775306400365,0.11803943538704821,15.21983386208828,0.09604813750082253,1,0.3497380802006842,6.543539198331816
UTA,2018-19,2019-20,0.4843701318932392,0.4321972443799855,0.09325706040172224,130.3400665849049,0.05507332461536085,0,0.41251102399231376,-2.9263875395008294
UTA,2019-20,2020-21,0.09186399514268362,0.6287425149700598,0.043879889797391394,16.353225745435253,0.007953475457060155,0,0.07507171013491787,6.863686232260566
UTA,2020-21,2021-22,0.16627835683629677,0.5118755118755118,0.07526819363659941,48.8977641101134,0.006104601279433686,0,0.4196046489417533,-2.813258401903316
UTA,2021-22,2022-23,0.8455521546907643,0.2521358159912377,0.15491844696796067,39.88460008540156,0.025567400336811263,0,0.36630688186422766,-7.022992737535638
UTA,2022-23,2023-24,0.3966442953020134,0.3230876702759343,0.11104010724943765,66.5462948650881,0.06453887060099128,0,0.7180624771867685,-4.182097580220545
UTA,2023-24,2024-25,0.2597659996163928,0.37976437976437977,0.11111553824294246,86.73146459707752,0.08542095706387776,0,0.6494614494396815,-3.9484608582784695
UTA,2024-25,2025-26,0.45656576422937545,0.2641975308641975,0.1474079735209142,18.943835764514148,0.13853447490758508,0,0.5539885734566683,1.7477212732909928
WAS,2018-19,2019-20,0.6899859868491969,0.2775739261817397,0.13035211651598752,53.91707102207866,0.15518222943095694,0,0.2667319231580798,-1.726302672818436
WAS,2019-20,2020-21,0.5170177317624658,0.18882544861337683,0.14299990272479285,96.01448383211005,0.07575388381235704,1,1.0716619822025248,3.0190273080339614
WAS,2020-21,2021-22,0.4785960513945472,0.2233560090702948,0.13691133692713897,78.58183724539191,0.14277101257552138,0,0.786577290526556,-1.833415494664381
WAS,2021-22,2022-23,0.3967988399977692,0.44352673962419986,0.09538652062948362,21.480474741528838,0.03042627692192368,1,0.20171172782935054,2.027066460963578
WAS,2022-23,2023-24,0.594786989376848,0.4782793867120954,0.1049519358854809,15.921457408922095,0.12932571929812398,2,0.23962540445442126,-7.5087180602894765
WAS,2023-24,2024-25,0.6085759475133268,0.5127427184466019,0.09556166751332487,88.72839315345078,0.020966060932086972,0,1.0787414886303068,-3.5657231163963132
WAS,2024-25,2025-26,0.42760259680037094,0.45099540581929554,0.10384027831989408,62.93023504679053,0.04796083501316406,0,0.6088483988677469,1.9533842107674744
