season,team,net,volume,area,sphericity,components,largest_share,peak_density,density_ratio,complementarity,redundancy,eff_roles,fragility,connector
2018-19,ATL,-4.884311698835164,225.6529268701811,241.48928833007812,0.7422443495877483,2,0.8899784740492706,2.879671603281078,1.9475181593702942,0.05909348591714682,-3.025928063250816,2.5579339346294776,0.20010480172778428,Trae Young
2018-19,BKN,-0.04670873547927279,216.53182076134095,248.1954803466797,0.7025944922516563,2,0.9426719840478565,2.8397298677615335,1.979368373543052,0.028444845520993273,-3.620287984330366,2.651337955951601,0.025520358882476394,Ed Davis
2018-19,BOS,4.525879826902668,100.9798197020112,107.92363739013672,0.9716815226852258,1,1.0,5.197796378426227,1.8543951827083522,-0.005508973298014214,-2.742249237501295,3.387774847523466,0.04517973260832775,Marcus Smart
2018-19,CHA,-1.4627096436106823,175.9995681711697,192.98825073242188,0.7869750967945184,1,1.0,3.758041252761261,1.993545243085611,0.04072594335590116,-3.080261933252901,3.148471156585085,0.010305471762572144,Bismack Biyombo
2018-19,CHI,-8.347783007183551,298.1360363623249,267.792724609375,0.8059256894827189,1,1.0,2.6927645280516894,1.9696344436677866,0.06039141520016997,-4.3519696661365215,4.540458563342611,0.01720362547009277,Zach LaVine
2018-19,CLE,-9.607029816806033,164.82756246389215,173.06268310546875,0.8400411923023082,2,0.998362802881467,4.01791524449952,1.9186929919310733,0.03499944952468833,-2.4005559557695197,3.035460856789815,0.06231861901481538,Larry Nance Jr.
2018-19,DAL,-1.1958532864585703,271.4203705405742,283.25897216796875,0.7156962509618293,1,1.0,2.7045298578476773,1.95626153900077,0.057738705682550996,-3.500747556385469,2.9544954993335897,0.07898777730935864,Luka Doncic
2018-19,DEN,3.899168797278163,166.23080955755987,190.36981201171875,0.7679985323035762,2,0.9415584415584416,3.116287324988548,2.007826081102763,0.09195860256909684,-3.1136609078739963,2.7003020151375856,0.040542475877361143,Nikola Jokic
2018-19,DET,-0.13004366409474777,285.2909283510589,338.43896484375,0.6192448564267157,2,0.8208475217555807,2.407463474670323,1.9838730517414467,0.0660088143767077,-4.213306610411433,2.9922856677575598,0.05983921885404372,Andre Drummond
2018-19,GSW,6.664351848488836,290.0403800527035,287.54779052734375,0.7369076526472373,2,0.9741347227391143,2.509491065984588,1.910062448945615,0.11266516802655689,-3.7861226775546863,3.526420818810879,0.035020855917139396,Draymond Green
2018-19,HOU,4.501229415250685,240.5489344798845,253.0113525390625,0.7392870087776029,4,0.7350235584473861,2.4223109086248766,1.9179204434771004,0.03551938109076075,-4.1831998906987415,2.674511530203183,0.07634898739718138,Clint Capela
2018-19,IND,3.4281629849360673,250.58754830381508,238.1415252685547,0.8071519834519596,2,0.9909541244884773,2.8788270303245915,1.9743499024030218,0.05098712474983123,-3.40519897291077,3.537046633280882,0.028939323452771355,Bojan Bogdanovic
2018-19,LAC,0.8906605380402555,199.3150583428794,240.54296875,0.6859906534600103,4,0.7587327376116978,2.817040437663785,2.029080630751902,0.03078489675745741,-3.6615768274277554,3.189994428486977,0.06447926765126331,Patrick Beverley
2018-19,LAL,-0.6936736991730807,204.92804671755027,204.8577880859375,0.8205390338134776,2,0.9994732683697656,3.329748456268696,1.9604931444419538,0.05177371540617601,-3.230286497944955,3.3307814794783197,0.03136594974487163,Tyson Chandler
2018-19,MEM,-1.0396958980878779,124.34928091578504,150.24957275390625,0.8018621809517922,3,0.8919270833333334,4.003272614687933,1.985198362382455,0.02176756347672214,-3.528995350485417,3.3270728356729147,0.04375415876190073,Jonas Valanciunas
2018-19,MIA,-0.07818067753841973,149.1219892232266,164.443115234375,0.8269823129494672,2,0.9207383279044516,3.2571533878473717,1.8934072627193514,0.04789493843571635,-3.1757220290198225,2.5097663496064646,0.019199345527487845,Rodney McGruder
2018-19,MIL,8.747800997226163,219.55419911693295,214.20497131347656,0.8216415826717696,2,0.9702556538839725,3.831222938825004,1.8945638250494288,0.06837820977769114,-3.121917836016168,2.7455291593527225,0.04969428677981044,Giannis Antetokounmpo
2018-19,MIN,-1.4972654285147824,308.7143606068969,313.29766845703125,0.705068831282267,1,1.0,2.501941656899956,2.0121911298094073,0.030573248063192764,-3.5313479203545346,3.0967623657181234,0.032292661859869294,Derrick Rose
2018-19,NOP,-0.23451950960964307,299.0535440774153,316.3027038574219,0.6837235241429226,1,1.0,2.4408065685928237,1.9366080672179158,0.06313568216980837,-2.8318746361998515,2.9499147402018018,0.015823597056407616,Darius Miller
2018-19,NYK,-8.021546532061684,198.9372610484304,205.26333618164062,0.802879120830476,2,0.9077590884427563,3.406132599637771,1.8494095091068512,-0.009930564432235724,-2.7980259670285488,2.122964544133777,0.06654314284419804,Kevin Knox
2018-19,OKC,3.1418171804087125,332.89338745163286,353.4898681640625,0.6571188614628527,3,0.4661154345006485,2.1565621014482663,1.9644769930742925,0.09332417486450678,-3.3417976131029277,2.6419409972066616,0.05871106011886335,Steven Adams
2018-19,ORL,0.6412471386818552,193.27030163169542,189.322265625,0.8538714925799651,1,1.0,3.3130628272677596,1.936853494129222,0.08988220202343598,-3.561299603136177,3.4876638020465665,0.046512744753789824,D.J. Augustin
2018-19,PHI,2.914440336410018,180.85696195694257,240.14356994628906,0.64402587471605,4,0.756490599820949,3.270530181270315,2.062248671777167,0.01717610831162349,-3.800558824963561,3.474009722596946,0.06706795046202611,JJ Redick
2018-19,PHX,-8.416551665858085,236.5011063250738,259.33062744140625,0.7131580105557217,3,0.7841168416248289,2.7262305494948533,1.9944040498129634,0.04398041440691301,-3.6391971278323023,3.228646010017724,0.012857745682550187,Deandre Ayton
2018-19,POR,3.919414758659645,305.96183746162563,309.88128662109375,0.7085985853272081,2,0.863644381725172,2.301675401764623,1.8714163657326777,0.06155247501069252,-2.885141341398941,3.1511758847938536,0.04662641423362007,Damian Lillard
2018-19,SAC,-1.088272338624785,193.48618579995198,202.5692901611328,0.7986267029195867,1,1.0,3.622731073367895,1.9665047029192289,0.024280877977274917,-2.5557964798556805,3.1237330187385006,0.027618915542367086,Nemanja Bjelica
2018-19,SAS,2.0009213560485684,138.32778081039802,184.24957275390625,0.7020217615335775,2,0.8950448692937963,2.9999002515506903,2.111949986623047,0.006372704984759625,-3.7326330543126964,2.8216797700930387,0.029220813874606347,Dante Cunningham
2018-19,TOR,5.775326053142393,292.3611348614616,268.335693359375,0.7938749624297344,1,1.0,2.3159326090758436,1.9006823033714257,0.03917356122676056,-3.622500033914222,2.984639277835364,0.024520719393786687,Danny Green
2018-19,UTA,5.317286540213106,313.0860150140925,321.1243591308594,0.6943631316503925,2,0.8270987760730908,2.478756864469452,1.8597740938088385,0.19379161164540074,-3.2069480152348984,2.582270842642463,0.1399452343811495,Rudy Gobert
2018-19,WAS,-2.733338437242394,207.78851194694982,190.56796264648438,0.8902567095310643,1,1.0,3.1775942388879868,1.862198561710484,0.05291514028690068,-3.471348240084369,3.7159210833780887,0.03902330448699332,Bradley Beal
2019-20,ATL,-6.489184692179717,83.06143373671578,99.00822448730469,0.9298490840632968,2,0.9720597790773229,4.5697798616068,1.8714677208509392,0.060459847176788796,-3.518617388272248,2.7489862130715066,0.027675879309799964,Dewayne Dedmon
2019-20,BKN,-0.6646505265887725,128.23519594440333,165.73121643066406,0.7420240239333491,3,0.6994949494949495,4.707380979039533,1.9595380935623123,0.036548279140590216,-2.274348434335252,2.562763008800823,0.06516814210691062,Jarrett Allen
2019-20,BOS,6.44365827751876,121.21896047606475,125.40193939208984,0.9445542540135209,1,1.0,3.887276305626759,1.9056011083415432,0.024988445455824286,-2.89773701436845,2.9183968324728644,0.032517816434059384,Daniel Theis
2019-20,CHA,-7.330359472389536,188.79070514037156,189.2127685546875,0.8411125051755997,2,0.9591194968553459,3.007442709909854,1.7972416971091048,0.04057114888996921,-2.5186133088528826,2.5904392720356295,0.036391244220026056,Bismack Biyombo
2019-20,CHI,-3.0430324338084125,217.12550222404653,187.39456176757812,0.9322542353209854,1,1.0,3.2444056980866076,1.7623034261355026,0.047987452865304245,-3.2918821758826646,3.4629019433341535,0.05437177543076103,Zach LaVine
2019-20,CLE,-7.850761787214511,419.1391126701331,370.2177429199219,0.7315865101193599,1,1.0,1.8349470720741283,1.8519507215435358,0.06344631797155424,-3.6399061091335057,2.865379782379221,0.06505552996511918,Kevin Love
2019-20,DAL,4.9301126072919255,227.38000021623367,255.9849395751953,0.7037815613852103,2,0.9394730595774983,2.8673808370581773,1.9501647952734458,0.08745672441564764,-3.9678664962994286,3.3986719741851235,0.04919639313328638,Luka Doncic
2019-20,DEN,2.287300516385815,297.81221010994005,270.5431213378906,0.79715473096673,2,0.8722363175063429,2.5182733956605836,1.7832821101384209,0.07467024609845797,-3.3816642502265952,2.8347333859988226,0.05564543839327708,Nikola Jokic
2019-20,DET,-3.5680812910707127,102.8688061742562,122.6156005859375,0.8658862859572664,3,0.9223504721930745,3.735487402289221,1.9076399549997258,-0.0201668882755073,-3.457261339808549,3.42900513609666,0.06178109480089016,Derrick Rose
2019-20,GSW,-8.094931941650962,160.07811076224758,149.0822296142578,0.9563412279242907,1,1.0,2.816703347838072,1.8174305325224145,0.04571986017560856,-2.9243160571593703,2.9217365656884535,0.028500188814643463,Eric Paschall
2019-20,HOU,2.6017489190601317,168.55156436631802,184.94309997558594,0.797874373994124,2,0.7768171629843099,3.321274450542763,1.9193593352799179,0.08246407630229566,-3.4270988501580155,2.2712636085747366,0.09083257194227125,James Harden
2019-20,IND,2.2927550399848284,254.41949229036922,274.2581787109375,0.7079861979286147,1,1.0,2.910040769121922,2.037096985901476,0.06293237993881802,-3.561397171315461,3.2547095706986053,0.022793677219685192,Justin Holiday
2019-20,LAC,6.150291662932461,435.0065990369911,400.2998962402344,0.6935789072094355,2,0.8583126550868486,1.8423453748317502,1.8190328003188947,-0.0028452835685324387,-3.5750692769060435,2.7912392641534263,0.05839107476862349,Patrick Beverley
2019-20,LAL,6.067187444714217,133.95612640320246,178.64920043945312,0.708692931936149,4,0.7558420628525383,3.2069887938849937,2.006517591842511,0.012681021779555445,-3.5810432615663417,2.9982625914285097,0.03811307814298404,Danny Green
2019-20,MEM,-0.6038124644115017,267.8582817643408,261.967041015625,0.7670803461996047,1,1.0,2.6207298970454347,1.9315195496527937,0.029274150404849916,-3.7395998521663087,3.314179639146351,0.04606111888516085,Ja Morant
2019-20,MIA,2.8603462905134602,293.17070049242375,303.0500183105469,0.7042337799831577,1,1.0,2.4958388953349377,2.0052633167482536,0.06783163165560546,-2.9966533736563767,2.793365691454364,0.025638441166775577,Jimmy Butler
2019-20,MIL,9.736250457952856,115.65994314345805,122.43489074707031,0.9376359336879175,2,0.9883341110592627,4.342564102613221,1.8658121481814738,0.0760508485580366,-3.6050238312847815,2.6947125763019213,0.08582653358591115,Giannis Antetokounmpo
2019-20,MIN,-3.2230359331877567,154.62703551376916,156.98681640625,0.8874513654993971,3,0.9574171029668412,3.8368336451511738,1.8453392361815706,-0.02713342081675387,-3.555698646851036,3.3286063546379414,0.05134259996433042,Karl-Anthony Towns
2019-20,NOP,-1.2695432256884187,249.67004058872465,246.8419647216797,0.7768003595293856,2,0.9587116299178556,2.8955940864957035,1.8336293864293653,0.06382711581852829,-3.1767954163961236,3.55763082982326,0.028223398491313945,Lonzo Ball
2019-20,NYK,-6.243414697149707,346.170263799412,333.7525329589844,0.7143637254010297,3,0.9432491425007795,2.0743395172954604,1.8809474186335682,0.12843156052412402,-4.244557601142406,3.007020683879757,0.028816296705035743,Elfrid Payton
2019-20,OKC,1.9037235397324048,127.74945656582604,151.26930236816406,0.8109100721379165,3,0.8948035487959443,3.3169128408330204,1.9347026235517695,-0.0136410628379126,-3.4801109036191864,2.8983723768061393,0.050967736559626484,Terrance Ferguson
2019-20,ORL,-1.0169800505878346,351.78325217408286,275.09283447265625,0.876035325933196,1,1.0,2.4561043178941993,1.7651943779433534,0.08609833199091965,-3.1459068045954077,3.6184037572155536,0.037058186571181775,Markelle Fultz
2019-20,PHI,2.438071690896493,131.41948742618774,131.8719482421875,0.9479196979587373,1,1.0,4.127592359538218,1.8375861140176888,0.0800384342603068,-3.2610562447207045,2.8810630289621195,0.0754583326914711,Ben Simmons
2019-20,PHX,0.5503576889983819,126.02238321977347,156.23995971679688,0.7780194694473497,3,0.8188436830835117,3.516853501373018,1.9786597234570351,0.04523442252679522,-3.0691461793252586,2.880423759403214,0.03988377075780128,Devin Booker
2019-20,POR,-1.0373998533893536,197.85784020714755,210.839111328125,0.778816463409484,2,0.9465357337697763,2.8727454477122603,1.9342517593178055,-0.061569798895632195,-4.155711171004766,3.2266891908385733,0.14141745222555488,Hassan Whiteside
2019-20,SAC,-2.1749802071097113,171.25011646952515,158.68569946289062,0.9397959829449652,1,1.0,3.429217463592084,1.7928058231454562,0.04604423913257408,-2.9244210853798402,3.087846735911276,0.010227833701004413,Richaun Holmes
2019-20,SAS,-1.0092617243597335,242.70777616245022,235.33685302734375,0.7995580070435998,1,1.0,2.5562663312777834,1.9286899548584335,0.05487248611033467,-3.6292159501010937,3.4346136044625664,0.04661383684384038,Dejounte Murray
2019-20,TOR,6.067505896494585,258.35937836105165,229.61788940429688,0.8543343948410561,1,1.0,2.755849274579669,1.851407970640018,0.026655332152107702,-3.4678307017389867,3.5138791613523312,0.020386686195550126,Serge Ibaka
2019-20,UTA,2.3908990007122766,182.74594842918756,207.80108642578125,0.7494364562657534,2,0.8913171884229178,2.891267888461766,1.9515708576191177,0.07622403721328645,-2.8244128161098154,2.3259791691092944,0.12522573418707655,Royce O'Neale
2019-20,WAS,-4.45964111006083,261.7055829690285,269.1708984375,0.7350744801001073,1,1.0,2.910862315729907,1.9586605440971565,0.04333280517910738,-3.8738781436790855,3.8430460513732,0.015085802327729585,Ish Smith
2020-21,ATL,2.2891836428930556,268.1281369746615,311.80511474609375,0.6449051077380915,3,0.7777777777777778,2.394077730944943,2.0165961318629435,0.060034881001626315,-3.9774945862237376,2.8998685886780486,0.037008110990187,Clint Capela
2020-21,BKN,4.903771758244413,199.2071162587511,229.02032470703125,0.7202445778292847,2,0.7529124898401517,2.9098073013207717,1.9695984594178986,0.07725629824327532,-3.240182506083801,3.0511850899894335,0.035855972653016134,DeAndre Jordan
2020-21,BOS,2.4079312867935743,149.33787339148316,166.61019897460938,0.8170134068103113,1,1.0,3.299715930669045,1.961828681737348,0.02236436904140729,-2.645713643043858,2.6971488285439547,0.03324809153545431,Marcus Smart
2020-21,CHA,-2.0171541005376437,214.21106595258283,198.2410430908203,0.8733436198135022,2,0.9937011841773746,3.1262769652942635,1.8279760839069497,0.028021242749328483,-2.642372156785796,3.0232815079412227,0.04496580227670974,Bismack Biyombo
2020-21,CHI,-0.95297108379504,280.81133185973505,260.9318542480469,0.7947553197077485,2,0.9815491062848357,3.042734805354093,1.8817946028370567,0.033663634516625546,-3.664728214322445,3.8439236417098424,0.047030533903089186,Zach LaVine
2020-21,CLE,-7.401224914833615,154.73497759789745,186.1249542236328,0.7488678477717795,2,0.9560516219044297,3.774650818406993,1.9802314400183643,0.096449914604649,-2.5361900066708403,2.9803144885560973,0.058747686127305375,Jarrett Allen
2020-21,DAL,2.0052320270201873,288.6911040010999,297.9189453125,0.7090468580176705,3,0.8524957936062816,2.535944555239197,1.9260849630846066,0.04956225799900477,-3.6270281552937615,3.099033523617105,0.05962394173447767,Luka Doncic
2020-21,DEN,4.953453639322802,166.39272268375228,197.5833740234375,0.7404401257382275,2,0.8709049626986701,3.1593365015891473,1.9832258325927528,0.0035881536658274983,-3.488842166900293,2.9410248336946254,0.033037723541388904,Austin Rivers
2020-21,DET,-4.105033421937887,268.55990531117465,269.0094299316406,0.7483028576860216,2,0.8711816720257235,2.8519934059976904,1.930467843432971,0.06451060478814838,-3.335027720362992,3.4578134950508495,0.01852404353634931,Mason Plumlee
2020-21,GSW,0.9484811180013208,155.11277489234644,174.53683471679688,0.7998871874655722,1,1.0,3.3436194566185424,1.9534385537298775,0.06935203914035899,-3.4629126826852104,3.5400302815127658,0.05139693025569337,Draymond Green
2020-21,HOU,-5.898947561591639,169.14524582902357,166.3652801513672,0.8890536293125509,2,0.9824505424377792,4.13767173987704,1.8083767535857886,0.009005854155359764,-2.4117394848715983,2.7677522738421376,0.042787831039320184,Christian Wood
2020-21,IND,0.008351612643564543,282.91620250023664,302.97491455078125,0.6878852537160864,1,1.0,2.5162244713929045,1.980189801972897,0.08112846509664585,-3.2528952407120735,2.9603572758396814,0.03822936198754552,Domantas Sabonis
2020-21,LAC,6.116106962997714,278.0048376723996,277.731201171875,0.7416989899196079,2,0.957289846631722,2.6236767751720134,1.8732169971563533,0.07701289150134424,-3.375905777513808,3.5351731103591884,0.04979023905739863,Ivica Zubac
2020-21,LAL,3.216885624113841,169.73892729172914,185.95440673828125,0.7972575094367406,3,0.9860095389507154,3.242593412985831,1.9312734420964368,0.045800155985912056,-3.4820667244507844,3.0188599018304867,0.03928711654788114,Montrezl Harrell
2020-21,MEM,1.255830749556086,183.82536927047042,197.87026977539062,0.7901457527118098,2,0.98825601879037,3.3704558947673804,1.994474323321223,0.03000500893927472,-2.987995350046499,2.9343576330454577,0.03655420827038678,Dillon Brooks
2020-21,MIA,0.2907874587649406,286.3163781502776,299.46527099609375,0.7015120269446953,1,1.0,2.946569428378622,1.9711823609788428,0.03020536610312457,-2.770961794652032,2.846827509950327,0.05224907852448381,Bam Adebayo
2020-21,MIL,5.638109999325058,280.3255924811578,287.5947265625,0.7202418819047864,2,0.9289564882556797,2.432840348004844,2.013708787513529,0.06306319576830324,-3.8978548410345755,2.986182251068722,0.026707675204751792,Giannis Antetokounmpo
2020-21,MIN,-5.22648866047144,311.84468104661715,313.317138671875,0.7097829019524065,2,0.9946348217376255,2.4425986232310697,1.9531094813363636,0.0239614755385997,-3.343709159709624,3.2523504154027085,0.026848633355616207,Anthony Edwards
2020-21,NOP,-0.1722467389115856,119.65380025620462,153.30450439453125,0.765973138804114,3,0.9364005412719891,3.548154489977886,1.9776557806768775,-0.028882341750261803,-3.5374905951965046,3.011414983429101,0.06850422894431936,Lonzo Ball
2020-21,NYK,2.257263800248155,210.97280342873427,232.33828735351562,0.7376454309611042,3,0.8209260680480941,2.748214161306961,1.920114289451761,0.032187296156825945,-2.8910306038409535,2.5292850921441685,0.06567310241751312,Reggie Bullock
2020-21,OKC,-10.227914243900504,119.32997400381976,120.87579345703125,0.9697158270208661,1,1.0,5.164479867964545,1.8171019561081299,0.0746576727498996,-3.148459417554672,3.1929402933787703,0.039680462045031416,Moses Brown
2020-21,ORL,-9.049075573101796,136.22291016989647,150.41519165039062,0.8511887188295648,2,0.9560221870047544,4.174477939387862,1.9274507218787436,0.03755707237431516,-2.2953702180609503,3.35939008794934,0.048718526658858306,Dwayne Bacon
2020-21,PHI,5.956591825711577,266.1312084182882,271.9873352050781,0.73564109089507,2,0.9712025958223484,2.6641380033738624,1.9018237104913636,0.09234651265083543,-3.7348657146171993,2.6814955508765075,0.04783121113641897,Ben Simmons
2020-21,PHX,5.712826838285512,165.529186010726,207.68357849121094,0.7019912288611014,3,0.6266710140202152,3.1752718946895455,2.0445642972252585,0.11507983013898918,-3.7225161012113483,2.914711889756076,0.03721548439509974,Chris Paul
2020-21,POR,1.4810801726578005,208.22028028346298,227.80117797851562,0.7457790457929967,2,0.9637117677553136,2.5884374510157455,1.982191311582822,0.034122628107193576,-3.7584162279278783,2.846541970822231,0.11879417821119381,Robert Covington
2020-21,SAC,-3.666651727608672,161.15753160353043,185.07098388671875,0.7738311273720672,2,0.956463496316142,3.2668573056240273,1.976094547967009,0.04494125024015339,-3.6039085487823668,2.9393650465113415,0.05309787362555967,Buddy Hield
2020-21,SAS,-1.624960906333528,229.59281294086352,236.6474609375,0.7662217363808207,2,0.9586271744240714,2.74412771395191,1.9464583251770486,0.055208208410622385,-3.354836788255984,2.9229435157772685,0.02626473390939024,Dejounte Murray
2020-21,TOR,0.32339749232759285,287.34182794949635,245.90115356445312,0.8563595104415717,1,1.0,2.9847364819097586,1.9430246933838562,0.04657050227824883,-3.1670078542337836,3.478097069507783,0.03970286743881192,Khem Birch
2020-21,UTA,9.254585232972845,199.09917417462285,217.7095947265625,0.7573899317228135,2,0.880184331797235,2.816196178326848,1.9585518220670293,0.13039576165834182,-3.5114576929319443,2.5422064813558753,0.09064473247567018,Rudy Gobert
2020-21,WAS,-1.4406138020268688,357.72006680113856,369.6150817871094,0.6593205962877503,2,0.6424260712130356,1.839200333527382,1.8629298290583465,0.052074459365774796,-3.8539105957736677,3.044976111256727,0.04328002116726237,Davis Bertans
2021-22,ATL,1.5662133568095316,112.90741999818677,147.61289978027344,0.7653171903160878,3,0.7872848948374761,3.4570902178956158,1.969996046244919,0.056807105219495876,-3.815228951488492,2.6365772937603276,0.02427384773056797,John Collins
2021-22,BKN,2.581918938860661,250.69549038794338,286.8999938964844,0.6701694092056227,2,0.979978471474704,2.6175965162217234,2.000255495440531,0.0006980328008820303,-3.9111233277042365,3.1002181546474077,0.03398512333483451,Patty Mills
2021-22,BOS,7.4225102196560755,215.77622617244296,231.6589813232422,0.750995574324896,2,0.9904952476238119,3.0373021758705527,1.9352292342856103,0.11083175460911239,-2.617850027291479,2.8711867948124716,0.0692484819659708,Robert Williams III
2021-22,CHA,0.8441639701807446,144.48047960571031,147.5929718017578,0.9021759179495438,1,1.0,3.2394763908338424,1.8342595075033783,0.040128009283107634,-2.950161920125496,2.8886828733751093,0.01587871429891874,P.J. Washington
2021-22,CHI,-0.4200567082303541,217.17947326611068,259.8031005859375,0.6725413299144449,1,1.0,3.163998649541889,2.0389048024085823,0.06514123311255202,-3.530647760795295,2.984072191980196,0.08979241020910642,Nikola Vucevic
2021-22,CLE,2.8468094703944624,384.92147200146655,362.71832275390625,0.7054984358324994,2,0.9506449803701627,2.27684763357981,1.8511500504708065,0.08954149557306997,-3.523726267646478,3.3688443506383745,0.05242856722503819,Jarrett Allen
2021-22,DAL,3.8684210526315876,138.97543331516775,166.4285888671875,0.7796174504279343,3,0.6345631067961165,3.6252365760027114,1.9163180941608855,0.07793801490240172,-3.769828284144376,2.3249913946005307,0.08779488370379736,Luka Doncic
2021-22,DEN,2.533908646684657,180.1553384101087,181.2093505859375,0.8512718606055186,2,0.9553624925104853,3.6973820020945474,1.9146342277666473,0.05470331619030117,-3.289178987696359,2.5581943123223083,0.058309337374367665,Nikola Jokic
2021-22,DET,-7.4363237362580215,164.66564933769973,186.6351776123047,0.7784414641398213,3,0.9124877089478859,3.2010925678662394,1.9590216033708887,0.08877490417946403,-3.1845288713884314,3.185990975615745,0.016316661476036887,Killian Hayes
2021-22,GSW,6.412404606360234,250.15577996730192,222.90798950195312,0.8613219552919701,2,0.989428263214671,3.1981746960322472,1.7852135929470483,0.06633245577742525,-2.805679379199535,2.954103034260858,0.03023210467956465,Stephen Curry
2021-22,HOU,-8.34495793399903,206.81703318979527,204.77809143066406,0.8258949984497211,2,0.9984342379958246,3.06282660945496,1.9639929065941413,0.020746631338666006,-3.257151474736776,3.236269532387564,0.06666067426616425,Christian Wood
2021-22,IND,-2.2627709807125918,134.44186578177974,146.39669799804688,0.8669136952944648,2,0.9594540345242875,4.348047707467258,1.8420671425099662,0.0397571687445791,-2.4552068737026596,2.810328318127841,0.020166969719949506,Myles Turner
2021-22,LAC,-0.040100376220175704,243.03160241483508,223.8675537109375,0.8412688424188565,2,0.9893404397068621,3.3335664520557273,1.8380728119880083,0.037046766555082135,-3.063963257676032,3.0888163713753496,0.01983502351415452,Robert Covington
2021-22,LAL,-1.7640067675987137,150.03949693831703,184.8217010498047,0.7388136221895858,3,0.7758992805755396,3.468677529880318,2.016670232341576,-0.04181782534745439,-3.9529407853057905,3.1912453739917,0.02794772007807743,Dwight Howard
2021-22,MEM,5.744849412162534,228.78324730990138,236.24765014648438,0.7657131526394564,3,0.8931351733899504,2.7195050612054827,1.9178445076956618,0.043694672441472536,-4.150956403842921,3.580377707241017,0.025295918835849036,Jaren Jackson Jr.
2021-22,MIA,4.640916212525492,283.7797391732629,297.8655700683594,0.7011077074263539,1,1.0,2.323133159739126,1.9453527475489545,0.02967093745616741,-3.188994426979765,2.6356698794466626,0.05972227669063371,Jimmy Butler
2021-22,MIL,5.35765648734936,305.63801120924074,313.42120361328125,0.7001009394980706,3,0.642415680734593,2.637815632796256,1.8981209751536854,0.041393404478227015,-3.1042386381827174,2.855947542575152,0.016146687490122873,Jrue Holiday
2021-22,MIN,2.3795499293045808,275.5761407795132,294.66363525390625,0.6950008322759711,3,0.9512338425381903,2.436623244251714,2.0186725778452037,0.05350718184480464,-3.433975462338908,3.151395558679288,0.028580232640080253,Karl-Anthony Towns
2021-22,NOP,0.42653428502905655,384.75955887527414,381.12371826171875,0.6712398934167585,1,1.0,2.102107379670145,1.927896084742869,0.08329194720877692,-3.377604560468197,2.670890456403309,0.04435622059086487,Jonas Valanciunas
2021-22,NYK,-0.1400123114664975,138.5436649786546,139.352294921875,0.9291684337508761,1,1.0,4.485758715333759,1.8426880871101512,-0.03935605872178828,-2.589795049901798,2.320436743529289,0.019794469160839073,Julius Randle
2021-22,OKC,-7.16416735535883,145.55990044699317,153.5821533203125,0.871307004478251,1,1.0,5.428396838682777,1.884826288668646,0.03663291999822462,-2.408364299793635,2.984340614048134,0.0555454161604894,Shai Gilgeous-Alexander
2021-22,ORL,-7.987051159819014,272.39184929772875,241.2845916748047,0.8422039506942095,1,1.0,3.001451050830023,1.9139773722952431,0.027466476068148633,-3.008732852645867,3.4048729462788208,0.018676587300109286,Gary Harris
2021-22,PHI,2.568556989630255,173.462929194155,208.37193298339844,0.7218539786761536,3,0.8587429993777225,2.8661242323138394,2.002103610474313,0.09705977531723142,-4.7639054846482995,2.7952432122660347,0.05068031837935387,Matisse Thybulle
2021-22,PHX,7.514690501732102,85.81395688198707,109.14421081542969,0.8620293207548168,3,0.9320754716981132,4.103641206941929,1.881154463865914,0.07960363563508861,-3.711189504761327,3.20990100521673,0.019753009901112582,Jae Crowder
2021-22,POR,-8.814375522641216,295.0057159226046,284.6505432128906,0.7528799439544057,2,0.9710940358580314,2.8506057518542134,1.9781441273731548,0.036419048233293574,-3.483340016425531,3.3975154770399936,0.035022567979017115,Anfernee Simons
2021-22,SAC,-5.400098183603341,186.90171866812656,223.67373657226562,0.7067698177649705,2,0.9598613918567716,3.538531073873776,2.0534870168687664,0.07269863419584262,-3.1057211635066997,3.084493390577041,0.027497871142863034,De'Aaron Fox
2021-22,SAS,1.3488057088754335,121.11101839193647,130.60252380371094,0.9064036777928868,3,0.9563279857397504,4.128815213969805,1.8819100656243792,0.06161996642414358,-3.210028905927377,2.890267368359144,0.03846791996370277,Dejounte Murray
2021-22,TOR,2.3413773417342743,334.5664897556213,273.9258117675781,0.8508234678726925,1,1.0,2.7399801696649684,1.832373316907042,0.05853956766419717,-3.509886470799734,3.5297483342883167,0.010365185561572988,Khem Birch
2021-22,UTA,6.441326831069527,247.99693828473622,250.02056884765625,0.7634945330022472,2,0.9038084874863983,3.2358008272686014,1.9598171291720816,0.0426806663685312,-2.9926369386433165,2.590561143718626,0.08218278393885817,Royce O'Neale
2021-22,WAS,-3.27402929669125,279.13822955574665,257.51727294921875,0.8020916088632717,2,0.9893658159319412,2.625777624053938,1.9193185875957568,0.05000701762544299,-3.6681921667876134,3.4156173189764667,0.02226785285674833,Daniel Gafford
2022-23,ATL,0.4260085028420679,125.15884654674718,157.44122314453125,0.7685522012340636,2,0.9340232858990944,3.715629447499959,2.006898072874137,0.021652859093768028,-3.630514956511154,2.5353952147852485,0.013153246011071184,Garrison Mathews
2022-23,BKN,2.383361554031138,278.2207218406562,259.9822998046875,0.7927446600996841,2,0.927643064985451,2.8016595881847555,1.872528641075158,0.039699173829698654,-3.5671750589484525,3.1953351642501833,0.035049045838838465,Nic Claxton
2022-23,BOS,6.421312301751114,241.14261594259008,235.14251708984375,0.7967748311024256,1,1.0,3.1330145989731277,1.855597144488675,0.08782977988973491,-2.512076234895238,3.1138763555963562,0.03526034139300749,Robert Williams III
2022-23,CHA,-6.016960006706706,175.51382879259242,163.83389282226562,0.9253114455577826,1,1.0,4.000526212377358,1.8228367783795965,0.04980865561884866,-2.665127556979007,2.9578391605288683,0.019938272974017377,P.J. Washington
2022-23,CHI,1.5214013526291925,153.6555567566146,189.96841430664062,0.7303004595357557,3,0.6080084299262382,3.456757407783995,2.0083638076677466,0.07389432242351511,-3.7065062351067435,2.9313400960175295,0.09484990700739286,Nikola Vucevic
2022-23,CLE,5.794480317037176,324.04213655311344,345.60076904296875,0.6601517044712893,2,0.7063624250499667,2.1107065045795648,1.8996325458222272,0.027171310863428017,-3.1898478751849955,2.702392598032337,0.07735449118079461,Evan Mobley
2022-23,DAL,1.023220929282731,306.28566371401047,316.2152099609375,0.6948949384712745,2,0.9705726872246696,2.1043199700920665,1.9409573268675047,0.13711759911194332,-4.58138007025793,2.4975334352076617,0.09708497074752165,Luka Doncic
2022-23,DEN,3.2024928899365035,227.38000021623367,245.27102661132812,0.7345241015801616,2,0.9321148825065274,2.936657736869392,2.038441461331691,0.05550839720666294,-3.571264277218515,2.7363390191834975,0.03239184599946166,Nikola Jokic
2022-23,DET,-7.692346728989774,332.46161911511973,349.49139404296875,0.6640620302330785,3,0.6834415584415584,2.455780565042352,1.929423332746667,0.09206039536954194,-3.1050583815461383,3.2455863172296104,0.04481444009385911,Killian Hayes
2022-23,GSW,1.632106885480611,231.15797316072366,219.80255126953125,0.8286872317268497,2,0.9834228344618258,3.0272407563904813,1.8994554660546463,0.09317503129226924,-2.8657113308294484,2.659882686388237,0.06463694470298618,Kevon Looney
2022-23,HOU,-8.19485021336508,200.88021856273954,233.37680053710938,0.710751673648297,2,0.9279957012358947,2.827419302421675,2.079168705208358,0.11496742864751962,-3.8273190455908708,3.589115158114167,0.048590973705896295,Jalen Green
2022-23,IND,-2.988101857293235,177.3488442227733,187.40835571289062,0.8145431252482717,1,1.0,3.5325449942072824,1.926838716696538,0.046056268123457325,-2.791456999142231,3.146066619317845,0.012598012474933834,Tyrese Haliburton
2022-23,LAC,0.7048405609374253,312.54630459345105,311.3319396972656,0.7153798324342384,2,0.8186841650837506,2.886252113954355,1.9252312045793671,-0.003958753296129141,-2.952939703385375,3.044826364076379,0.06055141417910283,Nicolas Batum
2022-23,LAL,1.070411964201412,204.44230733897297,225.97869873046875,0.7426721475166524,4,0.8819957761351637,3.073729094126396,1.9498834968432286,0.025876670108306177,-3.3294379427345806,3.3336023554964425,0.018216474189124247,Jarred Vanderbilt
2022-23,MEM,3.8488855852236714,310.27952082675705,290.7818603515625,0.7622291528487757,2,0.9474691250652287,2.588212950352633,1.930263875826583,0.048312472125201254,-3.645369802501994,3.303553850798402,0.013321760886387257,Ja Morant
2022-23,MIA,-0.39164600143417605,318.86091651495576,287.18682861328125,0.7859359117454996,1,1.0,2.4772521636729996,1.8311234535703589,0.030591130858465182,-2.9077604854079686,2.9425509961246807,0.04636221578275308,Bam Adebayo
2022-23,MIL,4.200523174712423,215.39842887799398,262.389892578125,0.6622653658505012,3,0.80706589827111,2.845616284172458,1.9767533268354067,0.05174705786488777,-3.4143780506262824,2.7184629936337514,0.057526283596256944,Giannis Antetokounmpo
2022-23,MIN,0.5422726152329194,230.78017586627467,225.0183868408203,0.808596364217323,2,0.945977549111319,2.735960907533656,1.8922997154602037,0.07282039097675751,-3.0718852102661365,2.661304681398117,0.044091009195143166,Rudy Gobert
2022-23,NOP,2.085946901510649,268.1281369746615,288.21148681640625,0.6976984621251777,2,0.9237117552334944,2.5511927304692117,1.9508181567766072,0.041535503215055766,-3.1924833777269566,3.165909937162186,0.013346161511756598,Jonas Valanciunas
2022-23,NYK,2.8380487778117525,220.7415620423441,238.45846557617188,0.7407314546681985,3,0.9885085574572127,2.747715153284657,2.002760485342212,0.005178233600678119,-3.500565635873987,2.855140379165323,0.0673567111772392,Josh Hart
2022-23,OKC,2.276481451592627,147.93462629781544,166.46217346191406,0.8126093024157979,1,1.0,4.413169667195049,1.937872093410903,0.024382422191354607,-2.752466924238628,2.3263615879543695,0.06947200167807521,Shai Gilgeous-Alexander
2022-23,ORL,-1.8968486301033316,141.9438406286956,153.9927978515625,0.8545315125208297,2,0.9942965779467681,4.438146254257846,1.9336744264959298,0.013453253812562774,-2.78611426862718,3.401081126512193,0.02621718939050063,Gary Harris
2022-23,PHI,4.431236712240549,149.283902349419,156.63360595703125,0.8688427157833354,3,0.9656543745480839,3.629402283021699,1.902052248107078,0.05073334221829225,-3.9504077253943928,3.0118418213005396,0.03927101724432842,P.J. Tucker
2022-23,PHX,2.5574950586879197,315.190885654594,343.7184753417969,0.6516239150325207,3,0.6717465753424657,2.551857557266495,1.9163633249180145,0.05790080052089634,-3.207288154993622,3.2146072756256197,0.02852028312756511,Chris Paul
2022-23,POR,-3.6999764554086045,120.2474817189102,130.78565979003906,0.900826852466231,2,0.973967684021544,4.131954058554802,1.8981293421979235,0.04495304716824705,-3.5071258691242395,3.306086711966433,0.05142883974571772,Jusuf Nurkic
2022-23,SAC,2.425397255577888,132.01316888889332,153.44082641601562,0.8171241251762659,3,0.8969746524938675,3.2856844297046144,1.895409631032771,0.0769230905092631,-3.437418141334819,2.599401353153953,0.036029872452545214,De'Aaron Fox
2022-23,SAS,-8.809160388076641,234.18035151631565,202.12098693847656,0.9090191169639406,1,1.0,3.884329718257406,1.8656862179495755,0.02586804751274232,-3.0707370677707853,3.83743118873807,0.01776645546407698,Tre Jones
2022-23,TOR,1.4230033340910664,369.80958022350654,312.15484619140625,0.798177500090929,2,0.9595738470519556,2.238402321827839,1.7975309550692884,0.05027529595084673,-3.576930885606375,3.1686397212138266,0.030333450830706574,Fred VanVleet
2022-23,UTA,-0.5816659064661112,208.1123381993347,230.14552307128906,0.737927132665436,2,0.9522821576763485,2.8694939454043737,1.9903340665866454,0.0666564744509484,-3.37437577199554,3.0645883586935057,0.032310565474337756,Walker Kessler
2022-23,WAS,-1.2469628357276719,257.6577548142178,253.75656127929688,0.771665331941348,3,0.9185169669040637,2.8274893518832886,1.8789091734418504,0.04405243485547232,-4.027502596247676,3.83652601159008,0.023516501708358947,Daniel Gafford
2023-24,ATL,-2.187284570688952,302.99343014809773,303.1122741699219,0.7197296750010697,3,0.9002493765586035,2.351727534249281,1.8906521972976678,0.037795300200688976,-3.4419256900232225,2.6380969004864827,0.02175470844879026,Jalen Johnson
2023-24,BKN,-2.84944761907735,174.86617628782273,192.94007873535156,0.7837884911312749,2,0.9429012345679012,3.2464043664979605,1.9255413798617511,0.01521292158079358,-2.9581702002393055,2.7598258424325315,0.02418025694621932,Day'Ron Sharpe
2023-24,BOS,11.317905912184155,129.26064574362204,139.53074645996094,0.8860503898335639,2,0.9949895615866389,4.105494649361272,1.9232206800818765,0.04587039882558735,-2.4757872236162126,3.5118775437388945,0.022094967498132365,Jrue Holiday
2023-24,CHA,-10.158304874727065,150.95700465340744,156.3371124267578,0.876982414429269,2,0.9828387558097962,4.449373469022739,1.9110506082442227,0.03696120683706123,-2.499907224217354,3.142720004775794,0.0458444498793858,Nick Richards
2023-24,CHI,-1.6283119653165423,165.529186010726,176.1374053955078,0.8277177136335542,1,1.0,3.4311796680064863,1.9506251733129694,0.09404717386826267,-3.6453006994457593,2.9175303835791686,0.08208487798708373,Nikola Vucevic
2023-24,CLE,2.188983486665119,244.21896534024623,268.55828857421875,0.7035557041748766,2,0.8318232044198896,2.9349870233079125,1.9782715556697188,0.09948916804930687,-3.3101656072003274,2.975314523944236,0.05442397595859684,Jarrett Allen
2023-24,DAL,2.5823031292996346,165.906983305175,208.72903442382812,0.6995375604534413,3,0.769355888093689,3.07412900742295,2.035068506258082,0.07648648466014155,-3.339367835006414,2.360499195002051,0.08718420515517264,Luka Doncic
2023-24,DEN,5.5660387678305945,271.7441967929591,297.6577453613281,0.6816170659899046,2,0.8633565044687189,2.28486200903343,1.9555181354090267,0.08503599338497822,-3.716587135449855,2.7144408701554554,0.0886900275363995,Nikola Jokic
2023-24,DET,-6.79922954746861,217.98903889707282,268.3406982421875,0.6527607259172011,2,0.8923000742758108,3.549990963088577,2.0766943423321127,0.08275100510357715,-2.5410642533214856,2.788225184712881,0.010255275750025564,Simone Fontecchio
2023-24,GSW,2.4878007595795726,120.46336588716676,135.61904907226562,0.8697613244890309,2,0.9498207885304659,3.885585069960194,1.9252274895847545,0.07042124223119328,-3.5095850937287,3.0444003734670426,0.02614482453246477,Draymond Green
2023-24,HOU,1.341746701568658,213.2935582374924,208.3538818359375,0.8285798250378301,2,0.9709008097165992,3.1998009179150646,1.9111767760064156,0.05023393404762921,-3.2261312455037516,3.2196523606653944,0.02841087300801496,Alperen Sengun
2023-24,IND,2.904898371308584,369.43178292905753,318.6484069824219,0.781379254821237,1,1.0,2.019392082611049,1.838077441026055,0.0606356727520276,-3.5478030645982233,3.1837750882728932,0.04818956002939356,Tyrese Haliburton
2023-24,LAC,3.331034367289387,237.85038237667737,251.05764770507812,0.7394575344828763,2,0.9568867710460631,2.7681215872132268,1.9566109253197506,-0.08259710523634649,-3.111260128851771,3.16763058625616,0.0390813116020222,Daniel Theis
2023-24,LAL,0.5712314888036696,189.54629972926955,228.48599243164062,0.698395476704037,2,0.912870159453303,3.2276902571410147,2.0669945967026653,0.03528311289586954,-3.5064512418715093,3.4594500099519556,0.03106517869494893,Taurean Prince
2023-24,MEM,-4.540517339321459,129.2066747015579,134.965087890625,0.9157690934427546,1,1.0,4.819974749522571,1.9829162432482197,-0.008620581055195607,-3.1322227636136137,4.090941945663108,0.05196200309834993,Trey Jemison
2023-24,MIA,1.7336932911313774,247.29531473790237,225.01446533203125,0.8467416939944009,1,1.0,3.422633980092934,1.9143619455078056,0.03131931374429956,-3.0446020507383396,3.258082046690589,0.019130045224730694,Bam Adebayo
2023-24,MIL,2.3194220027077606,202.39140774053556,241.51524353027344,0.6902413268721517,3,0.6765333333333333,3.0903580817413117,2.004399864173123,0.06397308382151091,-3.756600986550595,2.638716992516548,0.06812139382331034,Damian Lillard
2023-24,MIN,6.5627297436834375,269.0456446897519,295.7127380371094,0.6815505449768385,2,0.8906720160481444,2.181206373976799,1.9921907839241049,0.10973549480736722,-4.567260239332101,3.109708322584007,0.07917665917972942,Rudy Gobert
2023-24,NOP,4.306749357845985,239.1456873862168,267.84332275390625,0.6956300525767293,1,1.0,2.559683443800299,2.0356409558413553,0.05478837364120072,-3.899626877514431,3.300161471034892,0.030844186813353637,Herbert Jones
2023-24,NYK,4.850609735496447,197.0482745761854,227.99093627929688,0.7182599208537827,2,0.8608600383456587,3.048824786764286,1.9324949933029256,0.039036836752475323,-3.321043105137198,2.675796488335254,0.032392431272970236,Josh Hart
2023-24,OKC,7.6553254437869755,155.328659060603,189.2619171142578,0.7383381089852575,2,0.9541348158443363,3.837707697968361,2.066442982852105,0.06877137658452867,-3.411375473629989,2.9367414469327717,0.02966385635415314,Shai Gilgeous-Alexander
2023-24,ORL,2.17057130721543,202.2294946143431,228.3112335205078,0.7297708440878317,2,0.8772351214304777,3.263205905139471,1.9862411201876653,-0.00019502288324153128,-2.6703796780845592,3.0830644466567163,0.020697552666920638,Gary Harris
2023-24,PHI,4.001454219393996,210.86486134460597,199.90110778808594,0.8570478440196895,1,1.0,3.4934333496442265,1.8448456399906432,0.025773644361339887,-3.120646349164231,2.6591164084613683,0.03872944690119105,Tyrese Maxey
2023-24,PHX,3.1212912980704832,139.35323060961673,167.53570556640625,0.7758684756643375,3,0.5786212238574748,3.816469266799406,1.9549338763873005,0.06504544109401239,-3.0134851285725417,2.9752334799174167,0.04192881582278979,Royce O'Neale
2023-24,POR,-8.382740380325071,259.5467412864628,267.8247985839844,0.7347005943626197,1,1.0,3.051348509387509,2.012346275439704,0.06207178196926858,-2.9244597772682246,3.0612591139744025,0.08891646222738311,Deandre Ayton
2023-24,SAC,1.2611454759680285,71.99737011356652,96.24303436279297,0.8696127650248094,3,0.9265367316341829,5.148394883296859,1.8776718844204843,0.08179954645305511,-2.9502618733239983,2.5707966462462566,0.04982473703528708,De'Aaron Fox
2023-24,SAS,-6.12935482909045,172.76130564732114,164.2112579345703,0.9135076350921535,2,0.9946891596376133,3.82405899797946,1.871376958166898,0.005795828370340102,-2.872933056352349,3.1293749545067167,0.06353599467852084,Tre Jones
2023-24,TOR,-5.230539720948224,199.36902938494356,182.1029052734375,0.9063008338842058,1,1.0,3.7416428908573787,1.8935274421178943,0.044940257319410155,-3.0345401602936715,3.141888315078992,0.03218525814424094,Jakob Poeltl
2023-24,UTA,-4.763763486686656,141.5660433342466,163.6930389404297,0.8024660032664273,2,0.7624857033930614,3.5875564225911423,1.9572173410946045,0.016724079324048194,-3.2022039196422623,2.4729302370584487,0.0383494911324992,Kris Dunn
2023-24,WAS,-8.755680896017148,273.5792122231399,226.1964111328125,0.9009910512394719,1,1.0,3.06711475633771,1.880189887597499,0.014981864685916486,-3.3431126707721943,3.7681237228164837,0.01734631121265034,Marvin Bagley III
2024-25,ATL,-1.055911699741885,143.50900084855573,169.6999053955078,0.781127542841595,3,0.8740127867619406,3.817349778660969,1.9674083022116147,0.08730574516489407,-3.9151796332987367,2.656799905967989,0.08327962095251924,Trae Young
2024-25,BKN,-6.373693537317249,139.2992595675526,147.5537109375,0.8807105391840236,2,0.9899263851220457,4.567936281490169,1.946621722690667,0.03952418261932413,-2.4698987054243036,3.3045602461805097,0.05644053638868157,Nic Claxton
2024-25,BOS,9.087181360849472,165.906983305175,186.0402374267578,0.7848506406799834,2,0.9970722186076773,3.166973645139492,1.9843481441923077,0.07594406721933114,-2.552789565149453,3.0018920306546804,0.03416896757437884,Sam Hauser
2024-25,CHA,-4.936010846328398,261.2738146325154,271.6383972167969,0.7275958655568445,3,0.9446395372856847,2.9353371573510865,2.0230203371647053,0.053826573910025106,-3.2579790264654176,3.252669686680526,0.019765938208463098,LaMelo Ball
2024-25,CHI,-0.12607618467073145,251.55902706096964,228.4673309326172,0.8435029788514493,1,1.0,3.3397548170430285,1.9690465183433448,0.00017838799835787032,-2.8722717818160928,3.636561992494322,0.023182579437597068,Coby White
2024-25,CLE,9.176202366345398,149.60772860180387,203.63731384277344,0.669261924204844,4,0.4953102453102453,3.4584026660412857,2.0559291703070217,0.1016574380195331,-3.3227078429507126,2.8940810247354265,0.04104423925095046,Jarrett Allen
2024-25,DAL,0.7612586436512858,235.69154069411167,202.72720336914062,0.9101956566057464,2,0.9926723150904511,3.6919062775690343,1.79465210783668,0.015581845958836039,-3.238807643378434,3.0980658648630146,0.01905225705083728,Anthony Davis
2024-25,DEN,4.291036108333235,161.42738681385114,192.95697021484375,0.7430336191147595,3,0.7545971247074557,3.3702158856748783,1.9486553163098401,0.05693685665207946,-4.196964885635476,3.4224176870517518,0.038470955159730494,Christian Braun
2024-25,DET,2.135027859521932,196.56253519760813,226.96153259277344,0.7203314316854732,3,0.85612300933553,2.998387833317251,1.9235053205842265,0.06358115877138067,-3.5053441638358134,2.615440585069813,0.030235191576059778,Jalen Duren
2024-25,GSW,4.495574495574495,227.70382646861853,221.14036560058594,0.8154480911525804,2,0.9689499881488505,2.9936290097270004,1.9071623092791592,0.11716565161013574,-3.060450708999296,2.9379306375203083,0.050258708831299986,Stephen Curry
2024-25,HOU,4.293525580608293,310.54937603707776,287.35980224609375,0.7717533956708146,1,1.0,2.7764818398920403,1.8617806820324951,0.07977709310094662,-3.124803194397884,2.876597145471151,0.026471633674925443,Jabari Smith Jr.
2024-25,IND,2.650496232113886,197.8038691650834,183.05410766601562,0.8968665652466797,1,1.0,3.196189094830763,1.8238351799858998,0.05629362550267179,-3.043856956233128,2.8285549217710626,0.03844593543121972,Tyrese Haliburton
2024-25,LAC,4.753457296895047,378.87671529028256,390.0846252441406,0.6491183724614895,4,0.6518518518518519,1.7586721860154841,1.8822182356954702,0.008150852855626457,-4.573214683205512,3.0552182982006584,0.06146081935314938,Nicolas Batum
2024-25,LAL,1.72022979299431,229.3229577305428,242.81346130371094,0.7461790548809022,2,0.5530713108966816,2.6617213699315085,1.8628435362780866,0.10714722209686281,-3.1612702711402902,2.6147489519232274,0.03801754729916604,Jaxson Hayes
2024-25,MEM,6.763805062904282,243.5713128354765,236.79800415039062,0.7965080660729749,2,0.9193441169953468,2.9922718886907846,1.8653968467147322,0.04808927398963853,-3.408070203995235,3.37786748078986,0.03210274369126803,Ja Morant
2024-25,MIA,0.6800151114469299,334.0267793349799,273.8987731933594,0.8499921108862616,2,0.9974147681370172,2.4009016360531636,1.7310319767148508,0.043865935464932865,-3.1666375859527056,3.3605690746081907,0.021780896506155254,Bam Adebayo
2024-25,MIL,2.1744236862231148,386.2707480530701,345.0159912109375,0.7434289120339318,2,0.9157468212938382,2.07049765646622,1.8226283751998174,0.059422670899152326,-4.317751730565958,2.9943862881344447,0.023418519643098552,Giannis Antetokounmpo
2024-25,MIN,5.202409629102922,232.77710442264797,244.75973510742188,0.747660306372885,2,0.9404127057732437,2.475906749670437,1.908139968452171,0.09901852107224139,-3.803281575550351,2.7519268151236544,0.08822285586019217,Rudy Gobert
2024-25,NOP,-8.745374149904507,276.1158512001546,253.1854248046875,0.8099153867015529,2,0.9073494917904613,3.3202056111738156,1.845554886696542,0.0434511524062349,-3.584018266355109,3.345005540971322,0.026396493687719305,Yves Missi
2024-25,NYK,4.177476581966899,168.929361660767,190.92800903320312,0.774018322365196,3,0.8856230031948882,2.7737556277124535,1.943333780859152,0.053033883909424984,-4.282643143498588,3.4433072628123966,0.0652395002802816,Karl-Anthony Towns
2024-25,OKC,12.54895530816096,142.6994352175936,172.77224731445312,0.7643489001630086,2,0.7692889561270801,3.8813602204900275,1.9590689687819414,0.06807264812539053,-3.3109516269995494,2.728007738969147,0.060607420300971555,Shai Gilgeous-Alexander
2024-25,ORL,0.5136489824361989,301.48224097030175,301.0041198730469,0.7223585892400886,2,0.9906910132474043,2.934681755761988,1.9053988393448082,0.027667050648771528,-2.871835227632899,3.040747753785781,0.01170255083932974,Goga Bitadze
2024-25,PHI,-5.650514401286899,210.10926675570798,191.1035919189453,0.894359406894213,1,1.0,4.072164466167037,1.7615819816987413,-0.003015680568182822,-2.949340848758432,3.338342979265909,0.03219916405853818,Guerschon Yabusele
2024-25,PHX,-2.862191504840794,264.35016403017147,263.7054748535156,0.7553554509270802,2,0.9567170273581054,2.8686972184354955,1.8212371147657993,-0.003158839408943121,-3.062624901112016,3.3113629659107557,0.07312028613107309,Royce O'Neale
2024-25,POR,-3.1134216018157135,234.82800402108538,223.90834045410156,0.8220794232130005,1,1.0,3.0429778231305264,1.9155732110339398,0.06785200484311617,-3.1141108799120465,3.097004828757596,0.0351069029415506,Donovan Clingan
2024-25,SAC,0.3269548008901113,193.6480989261444,228.4627685546875,0.7085070580796768,3,0.4790969899665552,2.5707036594883865,1.8963242674474705,0.006771666800935244,-3.7355238160403283,3.1657166314426917,0.046341045227135766,Zach LaVine
2024-25,SAS,-2.9605417559121827,326.63274657219233,273.4096374511719,0.8388998575944029,2,0.9930601454064772,2.622323378888998,1.7825024621144256,0.016452338882506627,-3.529259141124257,3.6439115342884105,0.02939232933930136,Julian Champagnie
2024-25,TOR,-2.5716262349573027,217.88109681294455,265.0601806640625,0.6606214487720007,2,0.9623482784245727,3.030318169927769,2.0995883325896836,0.07754650374375882,-3.2888630386507764,3.3609864025782064,0.0299037664826287,Jakob Poeltl
2024-25,UTA,-8.712224344965126,228.2975079313241,251.92530822753906,0.7170450462025495,2,0.9687943262411347,2.9380949731514607,2.0603220571159753,0.047844964243992025,-3.144171605027013,3.047066010678096,0.040947118049462834,Isaiah Collier
2024-25,WAS,-12.321404012413462,184.85081906968912,170.2110137939453,0.921957112171559,1,1.0,4.145856244968017,1.873403030994062,0.0011390687089519675,-3.2477491648018706,4.188731743654005,0.0294704102783316,Alex Sarr
2025-26,ATL,3.413368206467715,302.99343014809773,254.28707885742188,0.8579236489616294,1,1.0,3.1710473379736013,1.8490350600416325,0.033488142884856804,-2.800975475253881,3.424423725142644,0.026019913079041165,CJ McCollum
2025-26,BKN,-8.727440577782875,110.10092581085134,125.14373779296875,0.8877056472716052,2,0.9191176470588235,4.689821790080115,1.8941983436938719,0.04330515500979097,-2.7305962005189253,3.696820351257758,0.07295946597220641,Nic Claxton
2025-26,BOS,8.747237287889131,124.51119404197748,188.56988525390625,0.6394658940707076,4,0.6397919375812744,3.0064730787998264,2.0822756163632534,0.0839938904730592,-2.8797565086320485,2.802997135263798,0.04434259800006558,Neemias Queta
2025-26,CHA,6.471769680873107,150.68714944308672,178.26596069335938,0.7681862195372389,3,0.8835959885386819,3.3694813400799966,1.9676482412256748,0.10004042419843422,-3.4238969935682815,2.8406980317293526,0.05775530907753347,Ryan Kalkbrenner
2025-26,CHI,-1.3323222672914525,297.70426802581176,252.32073974609375,0.8545180010277807,1,1.0,2.651887465704254,1.859666541199118,0.03260122032988625,-3.4040653138571964,3.579914159238854,0.03497187735176114,Jalen Smith
2025-26,CLE,5.89163574799727,278.27469288272033,306.33587646484375,0.672876566360968,2,0.5769976726144298,2.711367920351577,2.0012362397023975,0.09175754624189975,-3.2249829298389456,2.89676320452129,0.0303344838499838,Jarrett Allen
2025-26,DAL,-3.1862342709784386,252.2606506078035,226.9245147705078,0.8508161337116953,1,1.0,3.195113852831043,1.8403480284251537,0.003532297499128798,-3.50063890405093,3.08683709173887,0.04287171223000049,Max Christie
2025-26,DEN,6.061864732169053,260.03248066504005,269.30572509765625,0.7315717688511247,3,0.7679535076795351,2.6247402394591623,1.8805784318428866,0.0641811242422381,-3.555583928354452,2.59813482666447,0.053495511046744486,Nikola Jokić
2025-26,DET,9.04121539269218,223.1162878931664,252.91615295410156,0.7033881936030864,4,0.8572810836961781,2.7487015257416902,1.970705392471847,0.024592257927114534,-3.553569989843821,3.0466629626030803,0.021285381283264338,Duncan Robinson
2025-26,GSW,2.6558552638394683,138.59763602071874,138.2919464111328,0.9365359447709273,1,1.0,4.178529509491457,1.8942476723664365,-0.050484418989501345,-2.812340314946687,3.7736323761678188,0.05307343032178968,Stephen Curry
2025-26,HOU,6.296723387595815,376.9337577759734,344.6815490722656,0.7321096159270291,1,1.0,2.0153854207360884,1.8560025669043527,0.0012771510596862171,-3.853304192213874,2.809124818154395,0.06378342206465579,Reed Sheppard
2025-26,IND,-4.354857053254824,302.5076907695205,275.0753479003906,0.7922399412325423,2,0.984299732381802,3.0306784882837,1.8639259358551545,0.035161087879066855,-3.383261505757579,3.2109249199897554,0.06225417697978798,Ivica Zubac
2025-26,LAC,2.4501822553149033,214.15709491051868,209.09030151367188,0.8278885576846527,1,1.0,3.17144697548914,1.8865271330986566,0.043767809974498466,-3.4239867933080106,3.11107995726988,0.028447274422012933,Kris Dunn
2025-26,LAL,3.3739415763341274,222.2527512201401,260.878662109375,0.6801588130458478,3,0.6029626032054395,2.7111197869453187,2.010929298506084,0.09733627118903761,-3.3138617670679125,2.8296449652312172,0.015703608017828996,Luke Kennard
2025-26,MEM,-4.853994843569054,220.63361995821583,187.40940856933594,0.9421944204639583,1,1.0,3.6408579909586036,1.7698344569918534,-0.03462160655744391,-2.480778623121306,3.4054661567895685,0.021179732376863457,Cedric Coward
2025-26,MIA,3.1033520074406074,181.23475925139158,162.9853515625,0.9502325019736678,1,1.0,3.9938141977475086,1.817025095550418,0.04591287376240177,-3.133431323878276,3.4679866662813836,0.02263999715735892,Bam Adebayo
2025-26,MIL,-4.618501799664099,294.6279186281556,272.34600830078125,0.7862229352422343,2,0.9978017952005862,2.921596770026696,1.8481230297350222,0.047998501510779557,-3.8816641787352277,3.3099450704306506,0.05254090893845069,Jericho Sims
2025-26,MIN,4.243324649536806,141.29618812392587,154.59429931640625,0.8486154735412378,2,0.9965622612681436,4.218297222739567,1.963734216968171,0.0910106533219193,-3.423410928803302,2.84869015675149,0.06366269156123396,Rudy Gobert
2025-26,NOP,-2.4951314216285825,247.67311203235136,244.63473510742188,0.7796240784685751,1,1.0,2.721448662138183,2.006968775085825,0.030051544164022344,-3.7362793391847933,3.4212825703295624,0.07379867060795664,Derik Queen
2025-26,NYK,7.739282053271612,102.65292200599963,113.26460266113281,0.9360609529824974,2,0.9789695057833859,4.727234693762006,1.8439078616029538,0.06363638478387387,-3.816437979350791,3.134371399109884,0.07583560032518419,Karl-Anthony Towns
2025-26,OKC,13.187972161267346,203.0930312873694,224.21751403808594,0.7452087390304339,3,0.8631411108158384,3.1041252634557255,1.9287277802388578,0.07735755147741546,-3.3396638852320417,3.051292989811163,0.05957162399383785,Shai Gilgeous-Alexander
2025-26,ORL,1.6302325026344544,177.72664151722228,174.28274536132812,0.8771315946857726,1,1.0,4.2881963703251635,1.9195808309823368,0.02302459134989811,-2.583026217631091,3.2368561771732662,0.007837766616445639,Wendell Carter Jr.
2025-26,PHI,0.9342452484438768,136.43879433815303,157.16250610351562,0.8155058756125123,1,1.0,4.492589394262217,1.9517536180379231,0.029534426464060244,-2.7813742591271176,2.7202018602979674,0.015183372753322159,Quentin Grimes
2025-26,PHX,2.3958666668353112,275.36025661125666,279.9792785644531,0.7310701854219628,2,0.9186593492747942,2.87094046891564,1.9179234593726624,0.04751603544857435,-3.402507810105598,3.1177711416048743,0.03423721675105061,Royce O'Neale
2025-26,POR,1.5566605152334878,242.38394991006538,263.50152587890625,0.713460984911115,2,0.9078156312625251,2.8358613605730723,1.9487193686968178,0.05101475194477188,-2.913551776604765,2.8707687576053087,0.04809477448400262,Donovan Clingan
2025-26,SAC,-8.326938982594179,200.9341896048037,211.96873474121094,0.7826751469118407,2,0.765511684125705,3.806620624837435,1.9356675587539591,0.034086766714416364,-2.870353242910169,3.3838789490962706,0.03157054761342326,Nique Clifford
2025-26,SAS,8.89823948866284,209.1377879985534,231.1520233154297,0.7371254944269855,3,0.6,2.5323875758507444,1.9279522148853134,0.06562247713940376,-4.204989830935203,3.5144303447283725,0.04934630876836983,Victor Wembanyama
2025-26,TOR,3.971912963374513,233.1009306750328,242.0697479248047,0.7566695862728232,1,1.0,2.680580089727085,1.9410684477220017,0.041164143259562365,-3.618347421231153,3.265358439511118,0.020783086193154107,Jamal Shead
2025-26,UTA,-6.964503071674133,247.24134369583822,222.65774536132812,0.8555795211101346,2,0.990613403187077,3.492083546608129,1.874782891891668,0.02090152732756438,-3.352050360073922,4.227327994172666,0.04590868980785527,Isaiah Collier
2025-26,WAS,-10.368019801645989,121.92058402289861,136.04812622070312,0.8739962771583949,1,1.0,4.754704643835764,1.9045815001821673,0.060622494999894076,-2.7462714328162026,3.46157789436627,0.018925103153975602,Julian Reese
