team,window,volume,sphericity,components,peak_density
OKC,2025-10,124.77733605624859,0.8178964634519829,2,3.0664452807334106
OKC,2025-11,281.6272831690221,0.7825717246498214,2,2.0157946866806475
OKC,2025-12,214.8368972574959,0.7980901426870194,2,2.8437297148278993
OKC,2026-01,116.75918329211734,0.8533716650599494,2,3.655962006438929
OKC,2026-02,123.90939168487355,0.9287832626096847,1,3.9854870460151903
OKC,2026-03,160.03240980781533,0.7985331633235876,1,3.351651042575908
OKC,2026-04,221.78045222849616,0.7820242044330844,3,3.165233356382952
MIN,2025-10,181.9376725139471,0.8630026952198198,2,2.826266752825019
MIN,2025-11,125.76927248067719,0.9311122743445743,2,3.5139514889487673
MIN,2025-12,103.78134840584306,0.9833926998019489,1,4.370573587774706
MIN,2026-01,135.15133782839777,0.9773056362513202,1,3.5184007799718318
MIN,2026-02,117.58579697914118,0.9163813925942622,1,3.036396434154336
MIN,2026-03,103.94667114324783,0.9875276416804767,1,3.8945062379422377
MIN,2026-04,135.77129809366565,0.9623575351983156,1,3.852531273862553
GSW,2025-10,117.91644245395071,0.9793452050979792,1,4.6087899274688
GSW,2025-11,123.24810073525448,0.9944025054426132,1,5.152685897850247
GSW,2025-12,97.08577754094996,0.9806368005005554,1,5.9951405685897505
GSW,2026-01,161.3136610227023,0.9435726109753618,1,4.29633401721636
GSW,2026-02,124.19870647533189,0.9517131417148936,1,4.932909421990092
GSW,2026-03,148.70780229558875,0.9404153483908557,1,3.407939200865508
GSW,2026-04,274.80772025107547,0.8147160513736927,2,2.7490910971934768
DAL,2025-10,192.6009890765546,0.8629332737487367,1,2.2343478947181525
DAL,2025-11,117.70978903219475,0.9378916319567717,1,3.756505276476199
DAL,2025-12,148.12917271467205,0.8994407994564038,1,3.2968410164451183
DAL,2026-01,149.74106940436855,0.9596468429362911,1,4.0696903886854345
DAL,2026-02,119.81765393410555,0.968993091400914,1,3.717361783963401
DAL,2026-03,147.261228343297,0.8452684596859614,2,3.3890173805969255
DAL,2026-04,341.1847993190898,0.7247637509592038,3,1.9930041582129876
MEM,2025-10,184.78948973417934,0.858103671981962,1,3.284746033751475
MEM,2025-11,108.53437710623014,0.9779244398923165,1,5.032005982716449
MEM,2025-12,118.32974929746263,0.9685131250072105,1,4.403314823777888
MEM,2026-01,130.4396398123619,0.9388267838306122,1,4.461741340959889
MEM,2026-02,151.72494225322575,0.9372602492616008,1,3.8724738901044287
MEM,2026-03,275.0970350415338,0.9359150194851079,1,3.1135481081405048
MEM,2026-04,146.72392944673152,0.7908771146454093,2,3.198012590785544
NYK,2025-10,148.21183408337444,0.8743856820373666,1,3.0768938128910155
NYK,2025-11,103.53336429973591,0.9586322546927688,1,4.495952326925636
NYK,2025-12,107.70776341920629,0.883468719867098,1,3.7119911892910897
NYK,2026-01,148.66647161123754,0.9065016299402184,1,3.6264061162606764
NYK,2026-02,76.33777399665158,0.9418772165367781,2,3.851832511428574
NYK,2026-03,100.92953118561081,0.9004189570168193,2,3.858249541474093
NYK,2026-04,99.85493339247982,0.9876170066170528,1,4.974108898409264
