season,team,max_gap,max_surplus,mismatch,wins82
1996-97,ATL,0.06521271712104358,-0.09104314506382169,0.019310373245442568,
1996-97,BOS,0.05030376104990604,-0.18834216285849675,0.019384774062141577,
1996-97,CHH,0.05112930940799566,-0.107055288645817,0.016090286218450694,
1996-97,CHI,0.07104042055210343,-0.0942224541655304,0.018107986170177802,
1996-97,CLE,0.06057822080437654,-0.0762395968592524,0.01584238289551121,
1996-97,DAL,0.05315646195613768,-0.09986541733945178,0.017560747911436254,
1996-97,DEN,0.061475309203254606,-0.07815899773960554,0.017486129321325726,
1996-97,DET,0.07407276123914196,-0.09659429364265637,0.02245107171406709,
1996-97,GSW,0.04751622995104411,-0.0745437859061815,0.011202468428525592,
1996-97,HOU,0.0636932933237288,-0.1333600395723665,0.0220990374581683,
1996-97,IND,0.048390926893033016,-0.10691857766803965,0.014339394814410199,
1996-97,LAC,0.06114479220833737,-0.08794911161313192,0.017394762927385177,
1996-97,LAL,0.047559512156930585,-0.07479325749049935,0.014925418818015363,
1996-97,MIA,0.0618568866950523,-0.10570554520770614,0.023145002248881903,
1996-97,MIL,0.06270995658963083,-0.09178912813564181,0.01665123984656971,
1996-97,MIN,0.0767679797789513,-0.0855747595194174,0.01520091582946453,
1996-97,NJN,0.051702220979311604,-0.09169750728819229,0.014075226350187275,
1996-97,NYK,0.05507949680690785,-0.14795075059192853,0.020290789874045305,
1996-97,ORL,0.04586219950246798,-0.07352777531411817,0.015485033753249423,
1996-97,PHI,0.0650599839121541,-0.10532268306789874,0.019839886422225263,
1996-97,PHX,0.06643794538166783,-0.08482198498921527,0.014862250411488368,
1996-97,POR,0.03921492791711682,-0.14465510374166718,0.015105473388210193,
1996-97,SAC,0.09366485368989086,-0.09300281044089667,0.017016331170872617,
1996-97,SAS,0.054062547534058696,-0.07145128176673937,0.015465933092974678,
1996-97,SEA,0.06283660543030457,-0.08578317201133621,0.018583329890907874,
1996-97,TOR,0.06097483696013255,-0.0873786902677863,0.015608545313373558,
1996-97,UTA,0.0599439262009143,-0.09145831405771164,0.018440176381063343,
1996-97,VAN,0.05141453380671335,-0.07422129851788502,0.01631108408255032,
1996-97,WAS,0.07857155834079016,-0.13752062707555646,0.02221846039894118,
1997-98,ATL,0.052515674532807206,-0.09269522932599493,0.01611529890096922,
1997-98,BOS,0.05232572917340601,-0.09984726308400729,0.014001644429411585,
1997-98,CHH,0.04736616640851513,-0.1428171696998758,0.017483243202957553,
1997-98,CHI,0.05523582525067132,-0.09722100392060835,0.01741719770556731,
1997-98,CLE,0.06349828429440971,-0.09680398855365233,0.01874279933163559,
1997-98,DAL,0.04593187820763398,-0.0802076293225158,0.01522571121030377,
1997-98,DEN,0.0365789362905003,-0.06303150226177187,0.011490568267181714,
1997-98,DET,0.06644650750682382,-0.1169580222235929,0.020162046954307622,
1997-98,GSW,0.06396510331423312,-0.14158552619205408,0.01772574421471076,
1997-98,HOU,0.06531199928008428,-0.14185929033023426,0.02334680056423069,
1997-98,IND,0.04688397617941317,-0.08711992710762095,0.013203136697379983,
1997-98,LAC,0.0641873326021836,-0.10489641513018108,0.01601980158785337,
1997-98,LAL,0.06476696211219324,-0.133277519381015,0.0193516377459403,
1997-98,MIA,0.07187823939405294,-0.09731370961563346,0.020382371666420186,
1997-98,MIL,0.056639078575117574,-0.14109788601318998,0.01921443024826128,
1997-98,MIN,0.07695630759015608,-0.08358326887758147,0.014578898586047394,
1997-98,NJN,0.06263735374239464,-0.14122175931384748,0.019557083138615563,
1997-98,NYK,0.05960587602728215,-0.15077701728850912,0.01857242805100167,
1997-98,ORL,0.05356427412841843,-0.1390199797297291,0.01687511347238896,
1997-98,PHI,0.04796282719863833,-0.12159878227827611,0.01405972554032163,
1997-98,PHX,0.05475532516439946,-0.13782973150203423,0.014348946665315089,
1997-98,POR,0.04468423312389529,-0.11120186133467073,0.013443764191570522,
1997-98,SAC,0.04190431810321525,-0.12056081675411141,0.014377266101646684,
1997-98,SAS,0.058433631211740396,-0.1840088572798981,0.023892149803307935,
1997-98,SEA,0.06397355561160968,-0.1408747955829311,0.015645347259291953,
1997-98,TOR,0.05162295331416244,-0.14899143795577582,0.018206592425677636,
1997-98,UTA,0.06752817846747733,-0.08786025865976696,0.01941116423462369,
1997-98,VAN,0.0551853604879993,-0.0841121768340954,0.014251920501215433,
1997-98,WAS,0.09483593693617685,-0.11494314079457586,0.022282303105811016,
1998-99,ATL,0.07066406065089297,-0.08640367851910487,0.015409708875584297,
1998-99,BOS,0.053746144253019414,-0.14223740476908675,0.016471257751783253,
1998-99,CHH,0.05460386803535438,-0.13720374621337625,0.016413243682198767,
1998-99,CHI,0.043720193992047025,-0.09854269388266941,0.01624310313616279,
1998-99,CLE,0.05891510620065831,-0.0684543275174285,0.016209937062349144,
1998-99,DAL,0.06871130968217004,-0.10593175652470677,0.016452235785353982,
1998-99,DEN,0.063412124617958,-0.11269641339937224,0.02311715922260121,
1998-99,DET,0.07433639744369859,-0.10582713982151218,0.021766578966369503,
1998-99,GSW,0.04293119096254712,-0.08903738234394558,0.015276068226647826,
1998-99,HOU,0.06671350570849605,-0.14752010714172634,0.02451808852550437,
1998-99,IND,0.06525428642945218,-0.09745812246890265,0.01576518530385164,
1998-99,LAC,0.04585107197227959,-0.07895409347210865,0.015113892812080214,
1998-99,LAL,0.06930319122152716,-0.10444519780849902,0.02141732519802267,
1998-99,MIA,0.058870365922605285,-0.09522835320175617,0.02019906011044221,
1998-99,MIL,0.050797719752861105,-0.10316008592246599,0.016451698038228515,
1998-99,MIN,0.05611102808628914,-0.08164452931169526,0.0164122218872302,
1998-99,NJN,0.0658113193482163,-0.12729417110006216,0.02135801814234926,
1998-99,NYK,0.05461117113977659,-0.12387838931765832,0.016378577375516973,
1998-99,ORL,0.05563386794021651,-0.13907133677218195,0.021375090628872807,
1998-99,PHI,0.054318741750168285,-0.10816350793526461,0.016538539537894914,
1998-99,PHX,0.0591543993987332,-0.12193639932585514,0.018286888564758016,
1998-99,POR,0.034853798943024074,-0.06641792828055791,0.012027277451013492,
1998-99,SAC,0.08098881212567743,-0.10196069975426042,0.019019850679689764,
1998-99,SAS,0.06293994877231779,-0.10486437553186355,0.02030356053807881,
1998-99,SEA,0.06958298760999107,-0.08896327299114949,0.016520376192326495,
1998-99,TOR,0.05631737190721112,-0.10547219054582806,0.016451423328232267,
1998-99,UTA,0.050663595392866724,-0.07346961691021779,0.01732186922141126,
1998-99,VAN,0.08472620394561156,-0.11618730530200293,0.019118907969198903,
1998-99,WAS,0.05253260912837851,-0.08819723625908601,0.015778279504667283,
1999-00,ATL,0.08354754570570964,-0.10633069515713128,0.01976830034112657,
1999-00,BOS,0.045540662171960324,-0.09852435073193391,0.013492156461111435,
1999-00,CHH,0.05366156733901644,-0.11829335726922037,0.016163205887756774,
1999-00,CHI,0.05558889551513424,-0.10179761258035365,0.018404718048075905,
1999-00,CLE,0.07666515182635888,-0.07321639263708178,0.01636524537815692,
1999-00,DAL,0.044947203073506206,-0.10188825572087956,0.014291743430180782,
1999-00,DEN,0.09572173442405316,-0.08676803953953614,0.016355885983343695,
1999-00,DET,0.07191742151579386,-0.11997454368726534,0.01996854234540552,
1999-00,GSW,0.0717838744052966,-0.13228574572983634,0.01662838571362077,
1999-00,HOU,0.040210943855456906,-0.09952623415381082,0.012095783302258205,
1999-00,IND,0.057279022201958796,-0.07711860796659577,0.012682315302410914,
1999-00,LAC,0.05969782024698474,-0.1419010560555027,0.01462767059816211,
1999-00,LAL,0.0787507640645974,-0.126804611702081,0.024741175375090043,
1999-00,MIA,0.07521507319140312,-0.10189743910366487,0.018642542439430317,
1999-00,MIL,0.06959575091131934,-0.12644902752453965,0.020603836660437472,
1999-00,MIN,0.05674691392549053,-0.11542364801971333,0.0153308140524321,
1999-00,NJN,0.07481990347806806,-0.1211413624527083,0.019720959589378532,
1999-00,NYK,0.05682129170258928,-0.09603244131108177,0.013099836565007303,
1999-00,ORL,0.05577452449581517,-0.11929046265731899,0.0161585825846211,
1999-00,PHI,0.06944695126945699,-0.13813098776973634,0.019463418699171404,
1999-00,PHX,0.06203488267161422,-0.14199268386156627,0.015249007997369349,
1999-00,POR,0.050159186761116546,-0.149175756004878,0.016298051011802574,
1999-00,SAC,0.07966425857336797,-0.10864861689671573,0.017266023199899935,
1999-00,SAS,0.06873497403944037,-0.11160378062088581,0.021616646715478794,
1999-00,SEA,0.08054231424406355,-0.10822008773584604,0.01641403574138578,
1999-00,TOR,0.061232118763729866,-0.10593362175324583,0.01708165722709554,
1999-00,UTA,0.05782764076528202,-0.1002214709877895,0.017080974234588594,
1999-00,VAN,0.07287230165339303,-0.13326043336381982,0.018529005833245325,
1999-00,WAS,0.06362065040355928,-0.09229478321489035,0.016558519047223608,
2000-01,ATL,0.05843995566426015,-0.11185784174659079,0.016109873408836566,25.0
2000-01,BOS,0.05623758358491688,-0.21329343819121946,0.020270155266229616,36.0
2000-01,CHH,0.044688338559515525,-0.11387001789544306,0.013818683206012695,46.0
2000-01,CHI,0.05809131832590973,-0.11353571861662233,0.016769686484994797,15.0
2000-01,CLE,0.06171496532245954,-0.08596109717179615,0.01385932618017181,30.0
2000-01,DAL,0.06540360299304858,-0.07690070956492082,0.014438053606833942,53.0
2000-01,DEN,0.08267457886225746,-0.08295237431777185,0.020500868672666917,40.0
2000-01,DET,0.08280107047358806,-0.10934255489668768,0.01754271294816329,32.0
2000-01,GSW,0.06929754491963823,-0.14556093658826688,0.01792305394145254,17.0
2000-01,HOU,0.061740575157326054,-0.11263202998738199,0.015885725893469527,45.0
2000-01,IND,0.0606937552628026,-0.10090437967946392,0.012331618631290363,41.0
2000-01,LAC,0.08049976108954204,-0.0880990323390207,0.015652167451534027,31.0
2000-01,LAL,0.07215538965196351,-0.16065555657333433,0.025891891113423316,56.0
2000-01,MIA,0.07376721411725812,-0.13991676913903753,0.021005209967380166,50.0
2000-01,MIL,0.06443171448717415,-0.08681345883677574,0.020870095220086704,52.0
2000-01,MIN,0.06534834127211728,-0.10244896958827801,0.013488800991194929,47.0
2000-01,NJN,0.04120263183693795,-0.13026506783689776,0.015143452575121903,26.0
2000-01,NYK,0.05354449283996239,-0.13858305377300775,0.016065432415224366,48.0
2000-01,ORL,0.08789534830580553,-0.09937671531491167,0.01897573939597059,43.0
2000-01,PHI,0.06860498518900088,-0.09909300443927882,0.020647788309567067,56.0
2000-01,PHX,0.04436572419733616,-0.16520980221046552,0.01455975121264241,51.0
2000-01,POR,0.056688376567460695,-0.17482454616869209,0.01664549730748534,50.0
2000-01,SAC,0.08226559738126495,-0.18666085576107663,0.021866484495728426,55.0
2000-01,SAS,0.06824649800615291,-0.1594531190100329,0.022439371313115995,58.0
2000-01,SEA,0.07862192574705838,-0.16626583105740417,0.019364936916927037,44.0
2000-01,TOR,0.05578312656655148,-0.135664386052372,0.015935679319082435,47.0
2000-01,UTA,0.086239137151124,-0.087909783233795,0.016566361956096863,53.0
2000-01,VAN,0.05748473168910877,-0.09865268034612033,0.015085534735783349,23.0
2000-01,WAS,0.053328975142992736,-0.06992658741907884,0.013877629861461772,19.0
2001-02,ATL,0.06014734452593544,-0.08983016781028161,0.01570895698621083,33.0
2001-02,BOS,0.06297034839662516,-0.20090833796661667,0.0176299352780027,49.0
2001-02,CHH,0.08107850450457196,-0.08449954594927121,0.016673547104974363,44.0
2001-02,CHI,0.04000989473263047,-0.10907143867019778,0.013887490244196752,21.0
2001-02,CLE,0.05685551076956619,-0.08433912269593423,0.01559763425327639,29.0
2001-02,DAL,0.06808703261529218,-0.13295381469753542,0.02047772850895751,57.0
2001-02,DEN,0.050629405136336895,-0.07480590189116994,0.01562881415274728,27.0
2001-02,DET,0.07012676450275482,-0.09547082125998195,0.020111313132365524,50.0
2001-02,GSW,0.05924816353408097,-0.12591520901142844,0.018206682805827122,21.0
2001-02,HOU,0.07979414715511558,-0.10358004979121103,0.018595836193734012,28.0
2001-02,IND,0.037067215978500254,-0.09007806978983593,0.011674657670023545,42.0
2001-02,LAC,0.05196369555849553,-0.10752354068575007,0.01608768959914714,39.0
2001-02,LAL,0.08746546680946762,-0.12217292863706102,0.026281440450854402,58.0
2001-02,MEM,0.08459473889267143,-0.17289272024851132,0.022961408317575205,23.0
2001-02,MIA,0.03962066670868767,-0.1064796044373748,0.013683570798349065,36.0
2001-02,MIL,0.06581255497801802,-0.08514022450266268,0.016806310794912415,41.0
2001-02,MIN,0.04524634725461677,-0.09830814387621124,0.014560007295592503,50.0
2001-02,NJN,0.07380281068280416,-0.1679027036440621,0.017403622087582032,52.0
2001-02,NYK,0.09600487676566759,-0.23543697255940807,0.02386795891814999,30.0
2001-02,ORL,0.06919752966465428,-0.09252188730465193,0.016025584070979114,44.0
2001-02,PHI,0.05107807685808815,-0.1121197051925161,0.016997435299078767,43.0
2001-02,PHX,0.0675196100446627,-0.08088245274748221,0.017145774892617444,36.0
2001-02,POR,0.06546068437248767,-0.10871599306839959,0.016408547791475284,49.0
2001-02,SAC,0.059773596369714105,-0.16605065454546403,0.018009155571450223,61.0
2001-02,SAS,0.06375944831037242,-0.12213863064524023,0.024044929045172008,58.0
2001-02,SEA,0.0635367138108711,-0.19773285975589625,0.01730696706686289,45.0
2001-02,TOR,0.06710831897107444,-0.13473224511855475,0.016999721272859508,42.0
2001-02,UTA,0.0585600576974307,-0.08691179468873962,0.013948304972899518,44.0
2001-02,WAS,0.07126530272448736,-0.0995094386237661,0.016327600317947222,37.0
2002-03,ATL,0.058890345306273836,-0.09256385952835357,0.016404167101040736,35.0
2002-03,BOS,0.07416900962413371,-0.09542737455656122,0.02171583478067773,44.0
2002-03,CHI,0.06003122929379883,-0.16450994790461287,0.018228555783227622,30.0
2002-03,CLE,0.05329594964818602,-0.0820138415868203,0.014644797209035793,17.0
2002-03,DAL,0.06729804256704185,-0.09524044251054312,0.019574242821805476,60.0
2002-03,DEN,0.06422854919062083,-0.10731694398021695,0.018350019796873868,17.0
2002-03,DET,0.05038806117586349,-0.07763061597084608,0.014639112937381028,50.0
2002-03,GSW,0.05571495561215713,-0.12260011395043685,0.01700386203163185,38.0
2002-03,HOU,0.06275491051744676,-0.07435618843429802,0.013542829483969631,43.0
2002-03,IND,0.06781623572723335,-0.09154626476781101,0.016507736672416944,48.0
2002-03,LAC,0.04961698856138406,-0.07292314370930016,0.012674805871246407,27.0
2002-03,LAL,0.0870795665733994,-0.14776714758457887,0.029038325239638608,50.0
2002-03,MEM,0.045137299867426234,-0.10748497247419844,0.0180196742514069,28.0
2002-03,MIA,0.0592349615154149,-0.10768209620138189,0.01683491271994801,25.0
2002-03,MIL,0.05039698623137154,-0.1312918493190749,0.01867179844439582,42.0
2002-03,MIN,0.054453325528547696,-0.0985639557780579,0.01684371752002245,51.0
2002-03,NJN,0.07261622911041643,-0.07620280424840457,0.01738490087982828,49.0
2002-03,NOH,0.054725393615005585,-0.1016827035086765,0.01711684188330555,47.0
2002-03,NYK,0.07407702346334522,-0.18625446660197476,0.021905008669098325,37.0
2002-03,ORL,0.07639131060678747,-0.10697873993589704,0.018030601630140444,42.0
2002-03,PHI,0.045986825690916514,-0.08701340322822049,0.014995078222730225,48.0
2002-03,PHX,0.04531016592316232,-0.07407453721619557,0.012997958770286576,44.0
2002-03,POR,0.052663609724146423,-0.09088599437234884,0.014842438943613666,50.0
2002-03,SAC,0.07313780660692439,-0.12639439050639634,0.01782828489375826,59.0
2002-03,SAS,0.06387360550964774,-0.11523492881688431,0.019046779508029715,60.0
2002-03,SEA,0.049755131195924084,-0.151405610015167,0.016956761242251223,40.0
2002-03,TOR,0.04296911173488996,-0.07552621697370474,0.012890302624447597,24.0
2002-03,UTA,0.05837620119985586,-0.1223614795756996,0.01708405198486619,47.0
2002-03,WAS,0.07943372241534258,-0.13510167052295105,0.015874419234355654,37.0
2003-04,ATL,0.06319129306815845,-0.1587775872005428,0.021731515209765066,28.0
2003-04,BOS,0.06873003052297431,-0.10835663483408642,0.019917019875954813,36.0
2003-04,CHI,0.052876481248087644,-0.14115074374227216,0.016308712838056204,23.0
2003-04,CLE,0.047018500548007554,-0.0976268660231877,0.013522301831891105,35.0
2003-04,DAL,0.055038128780712965,-0.1537073775465758,0.018353257697790285,52.0
2003-04,DEN,0.057626620772074116,-0.11664429657971857,0.016369309081583263,43.0
2003-04,DET,0.04769744014059004,-0.0775223334714071,0.010495132077430367,54.0
2003-04,GSW,0.0681039231129382,-0.12843441305496658,0.017507939550318364,37.0
2003-04,HOU,0.0699012494515561,-0.09111816707176479,0.016604302460614628,45.0
2003-04,IND,0.07242015169699952,-0.07752955905719697,0.01918889231645787,61.0
2003-04,LAC,0.06006164277422232,-0.10421430145204642,0.01828971393941129,28.0
2003-04,LAL,0.06274007090648336,-0.10413581091954631,0.01631182221721344,56.0
2003-04,MEM,0.05487743663942022,-0.09672932810055421,0.014710389767650676,50.0
2003-04,MIA,0.07157422776669337,-0.10889282431923468,0.017992741574858518,42.0
2003-04,MIL,0.06577095470185197,-0.14881673290359607,0.01640603331962552,41.0
2003-04,MIN,0.07376146030323213,-0.1034630835908355,0.022021204771065266,58.0
2003-04,NJN,0.07650100708699699,-0.09109080275634525,0.015545458778202468,47.0
2003-04,NOH,0.07636141528733295,-0.10074802621049864,0.017904743835158853,41.0
2003-04,NYK,0.04516352688794467,-0.08042159512531352,0.015635793275816136,39.0
2003-04,ORL,0.05069400256103187,-0.13332395448093587,0.015031555534406911,21.0
2003-04,PHI,0.06161794837821367,-0.10262403022092306,0.01662676401181883,33.0
2003-04,PHX,0.0491799091228958,-0.08042013770473523,0.013910432555690876,29.0
2003-04,POR,0.07649571032484483,-0.13544562430197163,0.022350426890728123,41.0
2003-04,SAC,0.06214539331145746,-0.151280937399034,0.01732044481681549,55.0
2003-04,SAS,0.05850676556935986,-0.08326712511336594,0.013636678344822243,57.0
2003-04,SEA,0.05448055179437848,-0.10901618257996305,0.014316506584381307,37.0
2003-04,TOR,0.057956535024618804,-0.10761026886896663,0.018588135776661917,33.0
2003-04,UTA,0.04456951501659198,-0.08844072144168166,0.014988841419254561,42.0
2003-04,WAS,0.05682131961766454,-0.08024001701802583,0.014769451711541173,25.0
2004-05,ATL,0.0534605873215082,-0.15579279797991336,0.020915711504473546,13.0
2004-05,BOS,0.05392889318204977,-0.13216947469747112,0.019924320302771862,45.0
2004-05,CHA,0.0569963646712337,-0.14276975429898103,0.014680764017635784,18.0
2004-05,CHI,0.05341591067111327,-0.07916198871409806,0.014707273152437163,47.0
2004-05,CLE,0.08244535745874743,-0.1479970777620718,0.021500259698927278,42.0
2004-05,DAL,0.05973586299930137,-0.09367233731138278,0.017579818843488842,58.0
2004-05,DEN,0.09145959890858683,-0.10918165597208958,0.018842345616232718,49.0
2004-05,DET,0.04440038797343193,-0.10049924279477783,0.015812809406572172,54.0
2004-05,GSW,0.05441168361933206,-0.1339990268283854,0.017403431447127755,34.0
2004-05,HOU,0.0710134252317127,-0.13287918708940538,0.018943852059048416,51.0
2004-05,IND,0.06982730657633263,-0.1038933688365953,0.01870318036151098,44.0
2004-05,LAC,0.06657933433831098,-0.1580459811307835,0.018952837275302614,37.0
2004-05,LAL,0.08347718562443,-0.09400768991190903,0.01701388638789188,34.0
2004-05,MEM,0.06381323866782422,-0.1055496008508134,0.01655556121460333,45.0
2004-05,MIA,0.08955490915377796,-0.12340064278053152,0.026568610767645457,59.0
2004-05,MIL,0.06975584284397685,-0.10225192436871221,0.015883773146259446,30.0
2004-05,MIN,0.05881880622545853,-0.10741193771568978,0.01700997179256336,44.0
2004-05,NJN,0.061270086586624015,-0.11383081458309934,0.016137152960228534,42.0
2004-05,NOH,0.05536703906285499,-0.0819431811450167,0.012658118749930461,18.0
2004-05,NYK,0.06254465042373455,-0.14874914331748965,0.01733479413573218,33.0
2004-05,ORL,0.06390035112185903,-0.10247415018212486,0.017036708569563276,36.0
2004-05,PHI,0.07467785109997171,-0.13479384304041686,0.02169664460148114,43.0
2004-05,PHX,0.08708772766742975,-0.09272083268534251,0.02034703992211379,62.0
2004-05,POR,0.07460517468144298,-0.13322261703947727,0.02130949615233447,27.0
2004-05,SAC,0.04784715072402673,-0.1260700100773827,0.014443365532436598,50.0
2004-05,SAS,0.07355620477483793,-0.1076558721965373,0.018978207665598625,59.0
2004-05,SEA,0.07108750999296974,-0.2085982857725889,0.021096429162245436,52.0
2004-05,TOR,0.04718231503079067,-0.11876683806382407,0.015675608750586417,33.0
2004-05,UTA,0.05445992182094217,-0.13417038824917207,0.015966772448788885,26.0
2004-05,WAS,0.05271676093273259,-0.13205964155817343,0.014774990736050224,45.0
2005-06,ATL,0.08167967009268833,-0.13851418114772573,0.017447652556388773,26.0
2005-06,BOS,0.08691775814210011,-0.14758865568498095,0.01847930661644307,33.0
2005-06,CHA,0.06704874004555623,-0.12390605274322386,0.017033366234629962,26.0
2005-06,CHI,0.07086215387965246,-0.18799329932356335,0.022441425493870005,41.0
2005-06,CLE,0.081858499347053,-0.11544526007921413,0.02019447298376889,50.0
2005-06,DAL,0.07850339355865738,-0.1507236791315524,0.02086083810775523,60.0
2005-06,DEN,0.10297938194202211,-0.10276676020710121,0.02240845937666611,44.0
2005-06,DET,0.060619186044023866,-0.1892428270667108,0.018873917514492085,64.0
2005-06,GSW,0.032178141463944064,-0.0865051747696935,0.013449444598614682,34.0
2005-06,HOU,0.08079381099421912,-0.16793982281485803,0.0210292391525937,34.0
2005-06,IND,0.06278873413254797,-0.17107901952852572,0.017418909219402624,41.0
2005-06,LAC,0.07287047843624896,-0.10193776700749345,0.01669560430401485,47.0
2005-06,LAL,0.10225045248645982,-0.12456985741269863,0.020499719024706632,45.0
2005-06,MEM,0.06785705406977084,-0.10808100904765368,0.017118971054595353,49.0
2005-06,MIA,0.09005275069941976,-0.11814558740216693,0.021129174940142215,52.0
2005-06,MIL,0.07745920006346059,-0.1636176497785125,0.020369487456025695,40.0
2005-06,MIN,0.05491845149335385,-0.1840945705625767,0.01969357925075355,33.0
2005-06,NJN,0.053158708003850384,-0.1256544885644109,0.01695915990150107,49.0
2005-06,NOK,0.0872007804636116,-0.14594048096816287,0.01702489471715514,38.0
2005-06,NYK,0.05240756197280972,-0.11897616498859045,0.016140722318946595,23.0
2005-06,ORL,0.04864815757664882,-0.11840978232908866,0.016899088567690894,36.0
2005-06,PHI,0.0900598488045166,-0.13356505415092254,0.021981444643496353,38.0
2005-06,PHX,0.0999657064738336,-0.1407927259233179,0.022540067316036954,54.0
2005-06,POR,0.07300812904088899,-0.10072738182784761,0.01654601728507607,21.0
2005-06,SAC,0.053344182992687866,-0.1370752125848457,0.01838911152803683,44.0
2005-06,SAS,0.0935941877405906,-0.12006340991061208,0.023759260664191026,63.0
2005-06,SEA,0.07226466824543411,-0.17869530681121648,0.02259868128427203,35.0
2005-06,TOR,0.06708735553965928,-0.09833235368686348,0.016982809089874457,27.0
2005-06,UTA,0.061787094718054,-0.18845257328797355,0.019004265462746632,41.0
2005-06,WAS,0.0675455004569525,-0.14457153623140132,0.019794844485318694,42.0
2006-07,ATL,0.06202528598460845,-0.07052925539686507,0.014145602011815942,30.0
2006-07,BOS,0.05819406532548115,-0.12180119861494969,0.016191538465986553,24.0
2006-07,CHA,0.07550137499663548,-0.1109679380583296,0.014793916070195728,33.0
2006-07,CHI,0.058337823850731683,-0.12112026041923019,0.01765836002456689,49.0
2006-07,CLE,0.06703766505660332,-0.11135231786550696,0.01653975492019782,50.0
2006-07,DAL,0.06708715582492855,-0.11458004377620816,0.023584372909540303,67.0
2006-07,DEN,0.09838804333710645,-0.10257719427113351,0.025234554146798413,45.0
2006-07,DET,0.05634713665456854,-0.12687705463285479,0.014814135737471854,53.0
2006-07,GSW,0.05425995001611275,-0.09497731377728513,0.019025492130927753,42.0
2006-07,HOU,0.09294739155167994,-0.1176067002664054,0.026377381450445134,52.0
2006-07,IND,0.07637087528377909,-0.20618285811855272,0.01944437110156881,35.0
2006-07,LAC,0.06528846535746688,-0.11271576955954125,0.018998618557018825,40.0
2006-07,LAL,0.09262640207143666,-0.14644037533905568,0.02157768979634841,42.0
2006-07,MEM,0.0550756257526291,-0.10606678513480704,0.018352610617376877,22.0
2006-07,MIA,0.08180360601103814,-0.09033853066881317,0.021466105840407854,44.0
2006-07,MIL,0.07287961341461296,-0.07584569323850648,0.013323896968607403,28.0
2006-07,MIN,0.04890911104003616,-0.15803740871406657,0.017086368325662522,32.0
2006-07,NJN,0.05447746886683912,-0.09147456721845881,0.016625016131276243,41.0
2006-07,NOK,0.05641355314582757,-0.16330520078110364,0.015514195396077521,39.0
2006-07,NYK,0.06344263553707806,-0.1583414887659431,0.017104035390428905,33.0
2006-07,ORL,0.0856641817245043,-0.111115986521977,0.017437196178674057,40.0
2006-07,PHI,0.05165752024823253,-0.19936830849532636,0.018001319941824877,35.0
2006-07,PHX,0.07600480473780837,-0.12641787415860642,0.021230805115459144,61.0
2006-07,POR,0.05468566865658288,-0.09422920966068268,0.01790886186564664,32.0
2006-07,SAC,0.055935076301844334,-0.22842563198521648,0.020295984206774833,33.0
2006-07,SAS,0.09314248522431204,-0.13073576378389404,0.02374840928782165,58.0
2006-07,SEA,0.0617096278532329,-0.16348210310796982,0.019561142895707463,31.0
2006-07,TOR,0.07539234048507089,-0.16632233723296233,0.020485944494473617,47.0
2006-07,UTA,0.056736487865872834,-0.16322923693910577,0.01695017771250614,51.0
2006-07,WAS,0.06925528275367225,-0.09046684913590665,0.014842332662788754,41.0
2007-08,ATL,0.09217304964857959,-0.1133691619514785,0.020479058873665718,37.0
2007-08,BOS,0.06729491723286914,-0.08655445392870256,0.016244933189038108,66.0
2007-08,CHA,0.05093032881323612,-0.13968859426490132,0.016596145381410403,32.0
2007-08,CHI,0.05232916961167711,-0.13078496166473202,0.01705588234222449,33.0
2007-08,CLE,0.08191962860559347,-0.12092585993121327,0.01936713095706177,45.0
2007-08,DAL,0.05686880608741574,-0.11708834285960883,0.01786583268461876,51.0
2007-08,DEN,0.08772016938087676,-0.15779198617474124,0.023333420863252432,50.0
2007-08,DET,0.055773491235503576,-0.09745274591961778,0.014241349129612285,59.0
2007-08,GSW,0.07397066494954643,-0.17288402984925139,0.02189414602199872,48.0
2007-08,HOU,0.09905398480439197,-0.11461432279092118,0.021029310462207233,55.0
2007-08,IND,0.06487442916244966,-0.2167810102084752,0.01718554137157121,36.0
2007-08,LAC,0.07327606836577094,-0.17832822210789717,0.018268844811859267,23.0
2007-08,LAL,0.10469959635069431,-0.12247459424028283,0.019622317051134312,57.0
2007-08,MEM,0.06333320092548166,-0.19124422181758877,0.018062111476725932,22.0
2007-08,MIA,0.09580538752005557,-0.1776679463887704,0.024857840738192638,15.0
2007-08,MIL,0.08305561799741934,-0.1273892914788659,0.01690859619156852,26.0
2007-08,MIN,0.04786925213318218,-0.13673859045548875,0.01874049465673834,22.0
2007-08,NJN,0.08062197346573204,-0.17843492471986117,0.018998311042646057,34.0
2007-08,NOH,0.09638935669364296,-0.11424568255081566,0.023894153557646305,56.0
2007-08,NYK,0.07911910582524165,-0.13717048682958916,0.01723734414920441,23.0
2007-08,ORL,0.0651308013902985,-0.15830184326873492,0.0222846548598506,52.0
2007-08,PHI,0.06996867856877613,-0.13972434143868195,0.02091262720611148,40.0
2007-08,PHX,0.10307184345749684,-0.1499606990473491,0.025574095844495652,55.0
2007-08,POR,0.08358897387873246,-0.12270548035744056,0.018004530112008085,41.0
2007-08,SAC,0.042933278350564104,-0.18831157485101568,0.01883254506847496,38.0
2007-08,SAS,0.10332911750535877,-0.14593111464719638,0.026052303822714742,56.0
2007-08,SEA,0.05734684787907057,-0.12842941896106644,0.017222724322732776,20.0
2007-08,TOR,0.10362021247500022,-0.17481457534623374,0.02135814068056174,41.0
2007-08,UTA,0.10627445590837385,-0.2046207161343117,0.020177742921458762,54.0
2007-08,WAS,0.06435534396228271,-0.13093465778776886,0.01786016218884975,43.0
2008-09,ATL,0.0686204180318197,-0.10594200450352807,0.01424278674937234,47.0
2008-09,BOS,0.07970944332229295,-0.16106768983886519,0.015299301780076362,62.0
2008-09,CHA,0.06406303458571382,-0.12730415505726272,0.017525174763478143,35.0
2008-09,CHI,0.06962876034930468,-0.14516579663611237,0.018557521676100374,41.0
2008-09,CLE,0.08288774945700364,-0.11509073186302195,0.020845815011863746,66.0
2008-09,DAL,0.07947800466649396,-0.11905386140605431,0.01637159896316943,50.0
2008-09,DEN,0.07021457866883572,-0.09543342988687616,0.018161700371180266,54.0
2008-09,DET,0.06339385293064756,-0.07948336529145676,0.01612876656260557,39.0
2008-09,GSW,0.05209341908543057,-0.0779922287041869,0.012409566241217482,29.0
2008-09,HOU,0.0857494913298622,-0.16113325843513135,0.02186518968130673,53.0
2008-09,IND,0.036625262942510325,-0.09121281149394803,0.012995545279724404,36.0
2008-09,LAC,0.07640883706190751,-0.08395769953182944,0.01505706706806548,19.0
2008-09,LAL,0.10757630720326944,-0.11105288379715496,0.019867933555948784,65.0
2008-09,MEM,0.08563214199259223,-0.13844003323314982,0.01579113407297626,24.0
2008-09,MIA,0.09903436054999018,-0.122564147063023,0.022092831156236,43.0
2008-09,MIL,0.059895733439304946,-0.08779878795965262,0.012634732490205063,34.0
2008-09,MIN,0.06933046848270508,-0.13072670076407492,0.019835459796928575,24.0
2008-09,NJN,0.05651345512550192,-0.1191037785748926,0.01704320377900205,34.0
2008-09,NOH,0.08006541893421078,-0.21950474352759264,0.024107303086373346,49.0
2008-09,NYK,0.05537660971606012,-0.119082915180825,0.01839054747585303,32.0
2008-09,OKC,0.08356933320304699,-0.15541742759571492,0.016596165241478576,23.0
2008-09,ORL,0.05657563871353015,-0.12948070624861874,0.020958554011537265,59.0
2008-09,PHI,0.08987986448083145,-0.13042496927098796,0.015863099735567994,41.0
2008-09,PHX,0.08133412081009025,-0.22384801362302953,0.02297966581621361,46.0
2008-09,POR,0.0851992750041475,-0.08868785590148416,0.018198218694363548,54.0
2008-09,SAC,0.044775973831600126,-0.1591152170516376,0.017038506761784193,17.0
2008-09,SAS,0.10247645970315855,-0.10592121089800989,0.024751208566672622,54.0
2008-09,TOR,0.07287292353520237,-0.15317129879673108,0.02015119739377682,33.0
2008-09,UTA,0.088395024631771,-0.15277714496689637,0.0187279232036815,48.0
2008-09,WAS,0.07661604553713304,-0.16010481193026285,0.01823728011301024,19.0
2009-10,ATL,0.08730082960197832,-0.1063907931721576,0.016529041133316404,53.0
2009-10,BOS,0.04082560341885871,-0.09776805430105798,0.013693957266737639,50.0
2009-10,CHA,0.05987649753868828,-0.11872943183589535,0.015969268001831752,44.0
2009-10,CHI,0.06595875853235575,-0.10146680668323806,0.016849700259099216,41.0
2009-10,CLE,0.09567580715637282,-0.09828952562196064,0.022040769905242837,61.0
2009-10,DAL,0.08997703888119177,-0.13713580028784914,0.021595649771727822,55.0
2009-10,DEN,0.07182594865543401,-0.12607904412019572,0.01880082983976619,53.0
2009-10,DET,0.08004015580994787,-0.13533624439754927,0.018935699027440137,27.0
2009-10,GSW,0.06888936158491021,-0.08966315073561826,0.01433994300570402,26.0
2009-10,HOU,0.03925058984040749,-0.07227730934796435,0.014797417180039529,42.0
2009-10,IND,0.03818243904561195,-0.08600248891553501,0.013481161197662803,32.0
2009-10,LAC,0.08201298743122819,-0.08750364591986788,0.019037215824917544,29.0
2009-10,LAL,0.09521311461123512,-0.16608654015704608,0.022772099255178615,57.0
2009-10,MEM,0.050774306210841655,-0.11238379587926936,0.017109022396760855,40.0
2009-10,MIA,0.07968882725657914,-0.13052421796627772,0.01851390516329826,47.0
2009-10,MIL,0.05902400802073082,-0.10910471317832268,0.02117267755451002,46.0
2009-10,MIN,0.06219202621770699,-0.13113688493639505,0.017182458123594726,15.0
2009-10,NJN,0.0728148262561146,-0.10706199108855617,0.012779144884342153,12.0
2009-10,NOH,0.08180695286002035,-0.1053503663705106,0.019023687040593564,37.0
2009-10,NYK,0.0529383345289768,-0.11856406178422055,0.019341658477209832,29.0
2009-10,OKC,0.06302376740278436,-0.15037234128999144,0.022145307456858998,50.0
2009-10,ORL,0.05146901415429585,-0.11333493440152305,0.019137167493524704,59.0
2009-10,PHI,0.06617973970863988,-0.18323321529502187,0.016946863917735224,27.0
2009-10,PHX,0.05771640370292294,-0.12861771456662818,0.022776702361601352,54.0
2009-10,POR,0.09531782545212092,-0.16142388203708263,0.02118728893688779,50.0
2009-10,SAC,0.06571866722201462,-0.17116189245187463,0.01864760360727714,25.0
2009-10,SAS,0.05346452942070136,-0.08420144673907008,0.0165357438389722,50.0
2009-10,TOR,0.048268297651471656,-0.1383958907847736,0.018275831879311654,40.0
2009-10,UTA,0.0634623562384344,-0.08308823904520976,0.015387047894456479,53.0
2009-10,WAS,0.0453361433618752,-0.09442255927397931,0.014847544483215557,26.0
2010-11,ATL,0.07658860026350633,-0.15116606607706207,0.019780853415109396,44.0
2010-11,BOS,0.04805624880102038,-0.11974952107038164,0.016186622329885002,56.0
2010-11,CHA,0.05129555355563107,-0.12231813792081914,0.015622911554678307,34.0
2010-11,CHI,0.08808097577727668,-0.11223375283249407,0.01913220693786407,62.0
2010-11,CLE,0.07746941247886047,-0.06824385890923601,0.012919801467730703,19.0
2010-11,DAL,0.07187452469369414,-0.11251773215125589,0.018131740315096557,57.0
2010-11,DEN,0.05227442518573885,-0.1782547348806056,0.016614595556489878,50.0
2010-11,DET,0.06564103541976589,-0.1477474743057895,0.018879228391768813,30.0
2010-11,GSW,0.056327075349008354,-0.14925807930917126,0.01521197633867124,36.0
2010-11,HOU,0.0447301752877405,-0.10632329427984377,0.014715725289861783,43.0
2010-11,IND,0.06503320643880715,-0.1182566060258087,0.013801519589649857,37.0
2010-11,LAC,0.07899291768892877,-0.11232816196811898,0.018749894417394893,32.0
2010-11,LAL,0.09911951934914223,-0.12197147678314696,0.023460804691444664,57.0
2010-11,MEM,0.05606121849146473,-0.12263399481486233,0.015637326990570827,46.0
2010-11,MIA,0.10297950836815907,-0.19152458465550487,0.031034576352531897,58.0
2010-11,MIL,0.07199147999426787,-0.08809305517100048,0.01626558417853783,35.0
2010-11,MIN,0.0660140325063747,-0.159707960414608,0.018111046998361406,17.0
2010-11,NJN,0.07650509228307127,-0.16119823929368746,0.018479770033238904,24.0
2010-11,NOH,0.0745631061493289,-0.11151597627437161,0.016548942148980596,46.0
2010-11,NYK,0.07462949412212314,-0.13142368644679428,0.023295341674259097,42.0
2010-11,OKC,0.06771418417579551,-0.12385041715111388,0.02141659067566836,55.0
2010-11,ORL,0.06503773820162202,-0.12274473876822924,0.02186876104817757,52.0
2010-11,PHI,0.064579023820161,-0.16855327602862039,0.018651320232161036,41.0
2010-11,PHX,0.07823800310345658,-0.12572467494218417,0.018136724503559402,40.0
2010-11,POR,0.04401014296723092,-0.08446158525042632,0.01134546790678485,48.0
2010-11,SAC,0.05602710239873487,-0.10910390063374345,0.016511769423794377,24.0
2010-11,SAS,0.06939354022112247,-0.1261404522184634,0.017075715485210138,61.0
2010-11,TOR,0.08421528078051982,-0.19686423673597647,0.023233126857232014,22.0
2010-11,UTA,0.08433047211925733,-0.08499418159417198,0.014642432912251932,39.0
2010-11,WAS,0.058946369022761,-0.09783776632746657,0.012966428961202774,23.0
2011-12,ATL,0.04410389875556831,-0.12280668329460141,0.013678773554463241,49.696969696969695
2011-12,BOS,0.099246993853895,-0.1125978416285568,0.017186762185048207,48.45454545454545
2011-12,CHA,0.04970238044585657,-0.17681389594070246,0.018615401835909488,8.696969696969697
2011-12,CHI,0.07054111190510659,-0.11369881258889963,0.01679062478674707,62.121212121212125
2011-12,CLE,0.08034937999054381,-0.1769980142938911,0.017392453943895894,26.09090909090909
2011-12,DAL,0.07672002783288613,-0.1164939264226406,0.01892661522128848,44.72727272727273
2011-12,DEN,0.05609241597566226,-0.12555860314112344,0.018834939263131314,47.21212121212121
2011-12,DET,0.04960400883801965,-0.12122456134852437,0.018424400027083475,31.060606060606062
2011-12,GSW,0.06753300510946181,-0.17025720484998708,0.019657802387110977,28.57575757575757
2011-12,HOU,0.06450753289794119,-0.08634393325429982,0.012944849451303196,42.24242424242424
2011-12,IND,0.05642554778516129,-0.19769637659773598,0.020337007719272,52.18181818181818
2011-12,LAC,0.07666630750623066,-0.13394887108885348,0.022537944320333472,49.696969696969695
2011-12,LAL,0.10745448720287755,-0.1021704222828736,0.02154841010500656,50.93939393939394
2011-12,MEM,0.0917677556359184,-0.14683449510554475,0.019497432866895054,50.93939393939394
2011-12,MIA,0.08650358414057381,-0.19185624143890848,0.02384729269956348,57.15151515151515
2011-12,MIL,0.03679727225407383,-0.13346687579812488,0.013679634736003922,38.51515151515152
2011-12,MIN,0.07707847309168883,-0.09983346441651769,0.015718957600806736,32.303030303030305
2011-12,NJN,0.05146565569082457,-0.08241127937116827,0.014232406652423061,27.33333333333333
2011-12,NOH,0.07768769225617218,-0.09415117336330367,0.014872316968256511,26.09090909090909
2011-12,NYK,0.08025044396353302,-0.09668921505697868,0.017634199952729857,44.72727272727273
2011-12,OKC,0.09308311682618783,-0.20717719982481594,0.027146973189444153,58.39393939393939
2011-12,ORL,0.06380538539970841,-0.13510020724645205,0.02049100258736455,45.96969696969697
2011-12,PHI,0.0794735076404084,-0.17393993232265553,0.019695720174581946,43.48484848484848
2011-12,PHX,0.05579389709546129,-0.16336277735531368,0.018997926352213368,41.0
2011-12,POR,0.06776120797618629,-0.16127805001177511,0.018357776948862196,34.78787878787879
2011-12,SAC,0.054040862603664225,-0.0909304247664679,0.01487457425353116,27.33333333333333
2011-12,SAS,0.056259918589901224,-0.07249255010149831,0.016366552774793774,62.121212121212125
2011-12,TOR,0.06871571798476206,-0.15195889926859413,0.01895306232815609,28.57575757575757
2011-12,UTA,0.057541341719078626,-0.16077388846595797,0.020067803625679326,44.72727272727273
2011-12,WAS,0.07837802372395762,-0.12194374237528141,0.016468363850150613,24.848484848484848
2012-13,ATL,0.053578411719777,-0.129153504453255,0.018969370759313903,44.0
2012-13,BKN,0.04988757788571363,-0.11807030416383361,0.01654265324633962,49.0
2012-13,BOS,0.05855928970494962,-0.09133077016594435,0.015767051284687892,41.50617283950617
2012-13,CHA,0.09707765458270683,-0.10624188196591747,0.020144570255854158,21.0
2012-13,CHI,0.0432897491204648,-0.10164815288824734,0.014813820758296637,45.0
2012-13,CLE,0.05415436336117434,-0.09083286186260171,0.01480664025602232,24.0
2012-13,DAL,0.08555079702045065,-0.20643851806101285,0.018593765959030124,41.0
2012-13,DEN,0.05828745568338008,-0.19722244100093006,0.023405783457651527,57.0
2012-13,DET,0.07811530951019768,-0.09072705586647284,0.016784635582468822,29.0
2012-13,GSW,0.07882519934382616,-0.14250277311297183,0.017953844098306273,47.0
2012-13,HOU,0.04876253168520785,-0.11016927756531747,0.01650305659268186,45.0
2012-13,IND,0.0796318679576068,-0.11668759669767408,0.0204946808215195,49.60493827160494
2012-13,LAC,0.07260398792676001,-0.06540450996877095,0.016040562709037726,56.0
2012-13,LAL,0.07964289212141618,-0.0993679351140969,0.021206002578782468,45.0
2012-13,MEM,0.0547803561899928,-0.10442845186038772,0.014891560801606845,56.0
2012-13,MIA,0.10226874584651845,-0.20918766516405332,0.025375674483981127,66.0
2012-13,MIL,0.055498870866940914,-0.10812238178823656,0.01572804893964824,38.0
2012-13,MIN,0.06934124882445329,-0.17232561100886876,0.018231066046347884,31.0
2012-13,NOH,0.07828787692135114,-0.1174254381653926,0.016960375417448104,27.0
2012-13,NYK,0.05661711416719837,-0.10109982343800249,0.02228462172837887,54.0
2012-13,OKC,0.09820401829860345,-0.19065692877661405,0.02758810609376093,60.0
2012-13,ORL,0.0725098712233152,-0.10277713120585281,0.017303051787407858,20.0
2012-13,PHI,0.045426059436334876,-0.1517391296781504,0.015154519232730763,34.0
2012-13,PHX,0.037342259976416055,-0.088839274996597,0.012685623258876528,25.0
2012-13,POR,0.05012622757530039,-0.10826347205165185,0.015874558072704076,33.0
2012-13,SAC,0.052874909011887135,-0.08252041933978099,0.01495131896973488,28.0
2012-13,SAS,0.05883558859750811,-0.09020647063525353,0.016399959453030192,58.0
2012-13,TOR,0.05210548246015001,-0.19005404524810077,0.020222965296005375,34.0
2012-13,UTA,0.05358140883802954,-0.1502265876750532,0.0176048020738999,43.0
2012-13,WAS,0.10195697609549217,-0.14425940078789357,0.01912997437906968,29.0
2013-14,ATL,0.08558413867516504,-0.08869381834663038,0.016524370588418054,38.0
2013-14,BKN,0.05639254062974433,-0.11763623065835035,0.014612755060938017,44.0
2013-14,BOS,0.08203397384062014,-0.1937171918520782,0.02068738197777593,25.0
2013-14,CHA,0.06069014553673694,-0.07511950753809518,0.015176632877065532,43.0
2013-14,CHI,0.06593957609839664,-0.2303327041529446,0.023048104923789302,48.0
2013-14,CLE,0.05165595472473687,-0.12845158864595646,0.015284443206733252,33.0
2013-14,DAL,0.09565222693123399,-0.09574522298164322,0.018878681036427387,49.0
2013-14,DEN,0.05547783013965375,-0.13952887068591377,0.01879141906392788,36.0
2013-14,DET,0.10455086274128561,-0.11367192250220595,0.021267856696220815,29.0
2013-14,GSW,0.07025360320985935,-0.12010881436250495,0.019310783674448995,51.0
2013-14,HOU,0.0501238108194078,-0.10647079805824618,0.016133453411738996,54.0
2013-14,IND,0.07447067345162847,-0.1685172700205503,0.021349561694146632,56.0
2013-14,LAC,0.05696070293461138,-0.10270073327557742,0.018429846426988052,57.0
2013-14,LAL,0.06460078023868195,-0.0909252374977601,0.017621465559758562,27.0
2013-14,MEM,0.04283499798190908,-0.11615640348007937,0.01486685296638021,50.0
2013-14,MIA,0.08204156647474473,-0.16262691275299357,0.021016690064390216,54.0
2013-14,MIL,0.06795595594726991,-0.08573967685905699,0.015217872957411017,15.0
2013-14,MIN,0.06008059238717848,-0.08905781559370898,0.013817905788305693,40.0
2013-14,NOP,0.06375935607575471,-0.06626857304577999,0.012326382257300246,34.0
2013-14,NYK,0.055689938737159675,-0.1346846162771836,0.017106620846509407,37.0
2013-14,OKC,0.071588465401778,-0.1366565675991113,0.019512010286901273,59.0
2013-14,ORL,0.04794600045400636,-0.09505629289202563,0.012939594930084225,23.0
2013-14,PHI,0.09509295109028246,-0.1570873421760293,0.023701593504537648,19.0
2013-14,PHX,0.06920877827955418,-0.1074906088700285,0.01840586461479669,48.0
2013-14,POR,0.05118050659993349,-0.1203942333058458,0.017549784647991683,54.0
2013-14,SAC,0.08281302609978881,-0.10519726040481264,0.018592876469005253,28.0
2013-14,SAS,0.05627478475236418,-0.10916862549026421,0.012177613061294864,62.0
2013-14,TOR,0.058553697033540436,-0.11766546258585243,0.017500305256348277,48.0
2013-14,UTA,0.052788976080731354,-0.11654426197767656,0.016636178559877344,25.0
2013-14,WAS,0.04406325939267265,-0.10834443541857669,0.01559959772444268,44.0
2014-15,ATL,0.10589411908331994,-0.20202130135088575,0.024306269145220015,60.0
2014-15,BKN,0.0755165055013059,-0.11333812649793976,0.014856181843629086,38.0
2014-15,BOS,0.061648831681504535,-0.13278517785318728,0.014790608433607522,40.0
2014-15,CHA,0.08103823891996967,-0.09238551535465003,0.015277497826792623,33.0
2014-15,CHI,0.08682207367615238,-0.11594906787282194,0.01609394707640163,50.0
2014-15,CLE,0.09258073213105182,-0.11540398906093928,0.019701941146520213,53.0
2014-15,DAL,0.07511563264923199,-0.16100869523089498,0.01898823181599052,50.0
2014-15,DEN,0.06905598674059363,-0.20771861946500156,0.020268688896786055,30.0
2014-15,DET,0.08743443672484927,-0.1321368840563667,0.024840149446890683,32.0
2014-15,GSW,0.05979311075133332,-0.1418392422272955,0.014152339663527662,67.0
2014-15,HOU,0.10646401530127893,-0.1509258445025243,0.02017893858457355,56.0
2014-15,IND,0.07975103550545937,-0.1252749464226137,0.01617510198374657,38.0
2014-15,LAC,0.06697864372453013,-0.12405029925403603,0.019054164819338852,56.0
2014-15,LAL,0.077620609229473,-0.10247256571925145,0.014312030721038628,21.0
2014-15,MEM,0.06843277407701089,-0.15143388949434736,0.014734167832647123,55.0
2014-15,MIA,0.08265672041556736,-0.17007253835286112,0.020689448854209765,37.0
2014-15,MIL,0.0889181763413296,-0.11004984675572083,0.015246990002437157,41.0
2014-15,MIN,0.10078807661809203,-0.12424128580558604,0.019546661614232335,16.0
2014-15,NOP,0.08365937880818634,-0.10568340052720365,0.017296798881647934,45.0
2014-15,NYK,0.0845215086515067,-0.2488788702580951,0.020786731156199983,17.0
2014-15,OKC,0.06675851239900088,-0.08402972930217528,0.014620563376510229,45.0
2014-15,ORL,0.06227526466618074,-0.1512010015078087,0.012175242759456823,25.0
2014-15,PHI,0.08795826092593864,-0.20348637354853594,0.015908061139314224,18.0
2014-15,PHX,0.06352506048549987,-0.10782029933183776,0.017565780910463846,39.0
2014-15,POR,0.07505572013031268,-0.1898952035068664,0.017280886127222134,51.0
2014-15,SAC,0.062116912915174766,-0.1126563583215816,0.014750665407718189,29.0
2014-15,SAS,0.052273708501043445,-0.1354294563342407,0.013003322411597702,55.0
2014-15,TOR,0.092904434582428,-0.1049396124681052,0.01714125629949443,49.0
2014-15,UTA,0.09126443432322641,-0.10691413456495034,0.015840011391246876,38.0
2014-15,WAS,0.08243381382546806,-0.10338803841075436,0.015028212416349858,46.0
2015-16,ATL,0.10264120170922024,-0.1315971276844457,0.02136870498352524,48.0
2015-16,BKN,0.058473768029775705,-0.11800248656901732,0.015842053608430284,21.0
2015-16,BOS,0.07057226906105837,-0.09249328771338865,0.01407347340638339,48.0
2015-16,CHA,0.055841277302460995,-0.12402492737885876,0.014876988820197595,48.0
2015-16,CHI,0.07115671382033696,-0.09378903059365692,0.015716658162805385,42.0
2015-16,CLE,0.08897063208817863,-0.1053858289659669,0.020811732779841847,57.0
2015-16,DAL,0.049614903310106886,-0.122760847936073,0.017964669275309587,42.0
2015-16,DEN,0.055036080660435215,-0.1072111406657284,0.014570062678094114,33.0
2015-16,DET,0.09305709936621549,-0.20191735081952983,0.023176394902909764,44.0
2015-16,GSW,0.07956710898896993,-0.09347444002771317,0.015799930165381715,73.0
2015-16,HOU,0.10579010307239455,-0.18721376378287244,0.02574036961420099,41.0
2015-16,IND,0.06251150234610933,-0.10045734310602315,0.0163860407764932,45.0
2015-16,LAC,0.07986912954383668,-0.11378201859754468,0.02089441011226757,53.0
2015-16,LAL,0.10319571592516112,-0.17603441593252506,0.021465395990194223,17.0
2015-16,MEM,0.06373795233348911,-0.11767731175642464,0.015439113470041156,42.0
2015-16,MIA,0.0522505914446979,-0.10858648668216758,0.017157210945516057,48.0
2015-16,MIL,0.07489078610808912,-0.09259554394521308,0.01627837608290313,33.0
2015-16,MIN,0.09872438583492354,-0.1347632711748555,0.019316036894635593,29.0
2015-16,NOP,0.08797262112028453,-0.1031945818772034,0.015108284899015823,30.0
2015-16,NYK,0.06499939639533102,-0.17462656450412103,0.01902223843746803,32.0
2015-16,OKC,0.08538199890099918,-0.10334760401711053,0.021857218957329106,55.0
2015-16,ORL,0.07301409303232971,-0.10088756107602272,0.016530681391091442,35.0
2015-16,PHI,0.08905569541117049,-0.1120984038149917,0.01667660102343401,10.0
2015-16,PHX,0.06643512885623236,-0.11432975950552801,0.011803336609942447,23.0
2015-16,POR,0.06542780059607234,-0.09999581238789028,0.018954678129999722,44.0
2015-16,SAC,0.0432432154230554,-0.09630248885226667,0.014880703505900846,33.0
2015-16,SAS,0.08212929517992625,-0.10117418465069965,0.01678201406993122,67.0
2015-16,TOR,0.05343222449554544,-0.10659341701446937,0.015580851141968194,56.0
2015-16,UTA,0.0908210391792218,-0.13462654047870104,0.017379420452599707,40.0
2015-16,WAS,0.06253552552611837,-0.1231059927192589,0.016371880589651677,41.0
2016-17,ATL,0.07952227172696177,-0.1225216959891556,0.016117563565939422,43.0
2016-17,BKN,0.05177264926201602,-0.1567931994777056,0.016521402029325987,20.0
2016-17,BOS,0.08058946258680406,-0.15271739432734346,0.018560231889307933,53.0
2016-17,CHA,0.06454877890716443,-0.13273007354231747,0.014775731455069158,36.0
2016-17,CHI,0.08722206570367501,-0.16348602766610978,0.014161164975340309,41.0
2016-17,CLE,0.13944177477943537,-0.11621394622748143,0.023957308387190165,51.0
2016-17,DAL,0.06573599195050768,-0.19668742648073873,0.017555151473323743,33.0
2016-17,DEN,0.07593438542025889,-0.1255550654127656,0.01862632769562233,40.0
2016-17,DET,0.07797859121368776,-0.14892422315841736,0.01784448906729915,37.0
2016-17,GSW,0.0632381476997978,-0.09660931286453384,0.012828992292414007,67.0
2016-17,HOU,0.10046589262939856,-0.14534281198275958,0.02036551543013191,55.0
2016-17,IND,0.10426627998148195,-0.1537068151906194,0.017855680826620337,42.0
2016-17,LAC,0.09378286802686102,-0.1194655678409431,0.018543498346719117,51.0
2016-17,LAL,0.05950176778206195,-0.07921166735656432,0.013013782657044403,26.0
2016-17,MEM,0.09856655033835687,-0.11557714739258317,0.01622818999012968,43.0
2016-17,MIA,0.07807595047796911,-0.10999647479938361,0.01664376052497399,41.0
2016-17,MIL,0.09386879829916485,-0.13486829097550027,0.020674247898225338,42.0
2016-17,MIN,0.09823763872489398,-0.16008177063670934,0.017657431991969102,31.0
2016-17,NOP,0.07321853801028626,-0.13390648005489106,0.021005041072733422,34.0
2016-17,NYK,0.09548571056264697,-0.16042284700576528,0.017797883274955628,31.0
2016-17,OKC,0.10207277552038507,-0.14688343571784743,0.021651459623301728,47.0
2016-17,ORL,0.08398565700552675,-0.1182219508118852,0.017232376413853643,29.0
2016-17,PHI,0.05702468170852544,-0.14870359669872615,0.01694764735823285,28.0
2016-17,PHX,0.09232051746960747,-0.1633060243492753,0.019759306957514468,24.0
2016-17,POR,0.124985883505808,-0.11780654771541331,0.018341589362795375,41.0
2016-17,SAC,0.07936073983663959,-0.17890549056215943,0.01726612568642116,32.0
2016-17,SAS,0.064530326901464,-0.1346963029846874,0.01547875304263601,61.0
2016-17,TOR,0.09707673743913517,-0.11336016963420194,0.014909413238460598,51.0
2016-17,UTA,0.08176265670715296,-0.22227865084003923,0.021960748384073664,51.0
2016-17,WAS,0.0785148250495881,-0.11271960779693398,0.019219803986975908,49.0
2017-18,ATL,0.07432606013748033,-0.14718197897737673,0.019014900384743356,24.0
2017-18,BKN,0.08748639879649646,-0.11037278223168705,0.015061509541513824,28.0
2017-18,BOS,0.08433972850659767,-0.24200732048940254,0.019557180703128063,55.0
2017-18,CHA,0.06290888401727074,-0.10674212037878898,0.01505075946211113,36.0
2017-18,CHI,0.0780086954433116,-0.12339262342264243,0.015530728555856726,27.0
2017-18,CLE,0.052736036043518945,-0.1344269294124644,0.016240737756054544,50.0
2017-18,DAL,0.07307534461859089,-0.13065175811471597,0.015186875582105026,24.0
2017-18,DEN,0.07557273112154189,-0.13192783501047564,0.01792193524704635,46.0
2017-18,DET,0.09822396381123366,-0.1176433377478618,0.01980528714528435,39.0
2017-18,GSW,0.09195459417767796,-0.07987650505993354,0.012842758157850215,58.0
2017-18,HOU,0.09453156343326148,-0.23896190751189253,0.02428340257848742,65.0
2017-18,IND,0.07506711819337339,-0.13963122745991344,0.017375275702901385,48.0
2017-18,LAC,0.07097687360174287,-0.13932810766863055,0.016634747079567223,42.0
2017-18,LAL,0.06768102167425015,-0.14886909016854558,0.017158949512166895,35.0
2017-18,MEM,0.07051531154171727,-0.1132190593608673,0.016080719612653737,22.0
2017-18,MIA,0.06734417616952174,-0.09843755109024568,0.015269104086408783,44.0
2017-18,MIL,0.0920111142167536,-0.11484283204030385,0.01901277960987781,44.0
2017-18,MIN,0.08132299616641561,-0.12612771716022378,0.01973911851412703,47.0
2017-18,NOP,0.07658594700862997,-0.11772407768823628,0.018743239861528576,48.0
2017-18,NYK,0.09429312279370852,-0.11043467532769013,0.019298878734987604,29.0
2017-18,OKC,0.08313720416016139,-0.1270741197983155,0.022537791282325612,48.0
2017-18,ORL,0.07319124659733327,-0.13572937715960626,0.017222796436153154,25.0
2017-18,PHI,0.09115683211506202,-0.13959111783359274,0.020609762309502132,52.0
2017-18,PHX,0.13981510848305725,-0.09054104729225046,0.020440803243032272,21.0
2017-18,POR,0.09359555714576649,-0.11478542823165246,0.020612725844699777,49.0
2017-18,SAC,0.10266683361212471,-0.13292243383715857,0.015838987102912892,27.0
2017-18,SAS,0.10323710498614497,-0.16771829861458482,0.02088670978814151,47.0
2017-18,TOR,0.04973437687635725,-0.09054310981464875,0.013283031148126172,59.0
2017-18,UTA,0.07997746276575843,-0.1153342542633559,0.016346096626081958,48.0
2017-18,WAS,0.06549353788053582,-0.29540763363008193,0.019712039325039284,43.0
2018-19,ATL,0.08805555352692324,-0.10047211758638011,0.018944394818746556,29.0
2018-19,BKN,0.110894335526709,-0.10980089288053693,0.018359829562899048,42.0
2018-19,BOS,0.07720097536079822,-0.2949071459254342,0.021835496478382576,49.0
2018-19,CHA,0.06955661341716692,-0.11569979077210929,0.013106440127683179,39.0
2018-19,CHI,0.05368961197359764,-0.10771235190842963,0.014748198200081167,22.0
2018-19,CLE,0.09024376343284721,-0.1665276759452933,0.01689977935821615,19.0
2018-19,DAL,0.07666250529598892,-0.14062189582912402,0.018927766547477985,33.0
2018-19,DEN,0.05033349750137733,-0.10548889142980092,0.015197154880753974,54.0
2018-19,DET,0.10996601054137436,-0.11793576981119766,0.021691605521972513,41.0
2018-19,GSW,0.06592200279629257,-0.08707389876113159,0.014157526075894912,57.0
2018-19,HOU,0.11661891037667567,-0.19594125742225751,0.028364488743785582,53.0
2018-19,IND,0.07221412567713349,-0.15893315604667582,0.01780124866776091,48.0
2018-19,LAC,0.08177403482845629,-0.12368843471906137,0.018086550132257684,48.0
2018-19,LAL,0.051116383986195515,-0.1022713629557853,0.016748313332458797,37.0
2018-19,MEM,0.07847211413571015,-0.1501207967659137,0.016746809702112803,33.0
2018-19,MIA,0.07803802410227278,-0.10578443138039065,0.017217078451462538,39.0
2018-19,MIL,0.043043889648151694,-0.1709981193191537,0.019267241879170168,60.0
2018-19,MIN,0.08432348285131844,-0.10236901140243743,0.013873823105982688,36.0
2018-19,NOP,0.06484626067627126,-0.1426287479180392,0.017923148285363382,33.0
2018-19,NYK,0.06244406785761874,-0.1016885900423346,0.01655434043129043,17.0
2018-19,OKC,0.1319068103101146,-0.1421365488203393,0.025428134856470365,49.0
2018-19,ORL,0.07351885227452583,-0.21466283462851424,0.019768882621273635,42.0
2018-19,PHI,0.08372696600798775,-0.2034088727607561,0.022406124020993342,51.0
2018-19,PHX,0.07174922241171207,-0.10809138313783219,0.01599131049812095,19.0
2018-19,POR,0.07776495331085301,-0.16371855340291896,0.018977930916987566,53.0
2018-19,SAC,0.08598301009964181,-0.16342389391665102,0.01778151894106272,39.0
2018-19,SAS,0.08043992474635428,-0.16732755436094532,0.02071081608225888,48.0
2018-19,TOR,0.07790188765054695,-0.1491717373256265,0.018754560657904363,58.0
2018-19,UTA,0.09154660247673171,-0.1120712475950191,0.01812927470782343,50.0
2018-19,WAS,0.06071609973028276,-0.12176192456196466,0.015242355300585299,32.0
2019-20,ATL,0.0741903720897526,-0.21555333686939224,0.02084530190465016,24.47761194029851
2019-20,BKN,0.11314214424955454,-0.20596439886042722,0.023994112605645743,39.86111111111112
2019-20,BOS,0.11396666202252702,-0.2159854686388405,0.019714650793145497,54.66666666666666
2019-20,CHA,0.0786767904338654,-0.19946296050469958,0.021392119758812812,29.015384615384612
2019-20,CHI,0.06269205886496876,-0.19850946945021236,0.01674770746857372,27.753846153846155
2019-20,CLE,0.0647956497310399,-0.11255154918666894,0.017760957913166838,23.96923076923077
2019-20,DAL,0.09337446536225806,-0.176498155278213,0.01874735648044498,47.013333333333335
2019-20,DEN,0.04924431794999138,-0.12171191898911742,0.013279801525100297,51.67123287671233
2019-20,DET,0.1016201064984572,-0.19753131130627344,0.01898133268476984,24.848484848484848
2019-20,GSW,0.09257924008644648,-0.20654613399769964,0.023477420005929762,18.923076923076923
2019-20,HOU,0.13001788293981537,-0.29109537375508626,0.030787577359812454,50.11111111111112
2019-20,IND,0.07873066879915118,-0.10766205659760537,0.015146142144148642,50.54794520547945
2019-20,LAC,0.09949218965394253,-0.10161307637787413,0.01976995205065108,55.80555555555556
2019-20,LAL,0.08972105138354447,-0.17821853780622599,0.02133209491038658,60.056338028169016
2019-20,MEM,0.08434339808836798,-0.11169379640231908,0.017154998846445578,38.19178082191781
2019-20,MIA,0.1072704905102025,-0.11046617576453013,0.020000385891799102,49.42465753424658
2019-20,MIL,0.1037579860143878,-0.16080728087514629,0.021300510751666227,62.9041095890411
2019-20,MIN,0.10970276552536751,-0.18013517443897414,0.01980553176820976,24.34375
2019-20,NOP,0.08148626984922284,-0.14802161287672172,0.016517476685703966,34.166666666666664
2019-20,NYK,0.08885736479336516,-0.12214800961252398,0.017065340363221524,26.09090909090909
2019-20,OKC,0.08923424508438896,-0.12821068602247213,0.01717568922971037,50.11111111111112
2019-20,ORL,0.07628984732819287,-0.15013040671049793,0.017138422644340963,37.06849315068493
2019-20,PHI,0.07462347755903022,-0.15566317249003683,0.019355056471313952,48.3013698630137
2019-20,PHX,0.10799748892717546,-0.15078631594596237,0.017894159084246346,38.19178082191781
2019-20,POR,0.06275810336693356,-0.11421667069236091,0.014529884381417696,38.78378378378378
2019-20,SAC,0.08203292261154625,-0.1659964231486315,0.018522954710137436,35.30555555555556
2019-20,SAS,0.08393538694993538,-0.1561564820585042,0.019850217883947127,36.95774647887324
2019-20,TOR,0.0659034424431095,-0.10969864377758348,0.015149855373394878,60.36111111111112
2019-20,UTA,0.12519691856620108,-0.1782354562003083,0.02235413023345845,50.11111111111112
2019-20,WAS,0.055582839652215055,-0.12058397598557306,0.015519131742694517,28.47222222222222
2020-21,ATL,0.08713866292172322,-0.1336273245057793,0.019742086683242267,46.69444444444444
2020-21,BKN,0.12517295710707405,-0.15744132401517272,0.02179303251426983,54.66666666666666
2020-21,BOS,0.09846898587503647,-0.20269440033881767,0.01868293196816531,41.0
2020-21,CHA,0.08789703706708149,-0.18126650671546965,0.01893959879611345,37.583333333333336
2020-21,CHI,0.04565902004367985,-0.1504051225775128,0.01617314085245612,35.30555555555556
2020-21,CLE,0.09118051854452718,-0.1609667179119274,0.01719112554970874,25.05555555555556
2020-21,DAL,0.07518545113508336,-0.146231803860302,0.01938487858919545,47.833333333333336
2020-21,DEN,0.09399075970297699,-0.13484576137961235,0.020230038681950294,53.52777777777778
2020-21,DET,0.06718171299105939,-0.20524001588993218,0.017620781388891286,22.77777777777778
2020-21,GSW,0.07221229240958463,-0.2330205906335492,0.01817487368884024,44.41666666666666
2020-21,HOU,0.11442742594445783,-0.22059347310716665,0.021620210865355437,19.36111111111111
2020-21,IND,0.08105618857551351,-0.1702248362632211,0.018050046194948276,38.72222222222222
2020-21,LAC,0.07872256737702868,-0.12478382578265551,0.01358669497064726,53.52777777777778
2020-21,LAL,0.10015867560075548,-0.1078846794889721,0.017784472836107613,47.833333333333336
2020-21,MEM,0.06659867467027338,-0.1235942922220813,0.015876374226832055,43.27777777777778
2020-21,MIA,0.09258816632408738,-0.1852429950488122,0.01832756711949521,45.55555555555556
2020-21,MIL,0.10435074207559072,-0.1388106498372935,0.018395478408389686,52.388888888888886
2020-21,MIN,0.0630145684802299,-0.12840592368764825,0.015664047820122713,26.194444444444443
2020-21,NOP,0.09169519101959014,-0.16359867583930948,0.01854016643326631,35.30555555555556
2020-21,NYK,0.09041731548361999,-0.1234589510309553,0.02197162904840924,46.69444444444444
2020-21,OKC,0.08674635220488884,-0.2159241445854984,0.022120013750968393,25.05555555555556
2020-21,ORL,0.07939990405698043,-0.14176600502190606,0.015611391814728441,23.916666666666668
2020-21,PHI,0.11136387140728524,-0.15500999885529462,0.024524939866790843,55.80555555555556
2020-21,PHX,0.1352643670628962,-0.1530017313253929,0.021241814459781863,58.083333333333336
2020-21,POR,0.06798863456520625,-0.1035732652273223,0.01945761945501606,47.833333333333336
2020-21,SAC,0.0999082832686794,-0.15329789389940118,0.021389968807728022,35.30555555555556
2020-21,SAS,0.06317362608206477,-0.08873095369119376,0.014908420508727704,37.583333333333336
2020-21,TOR,0.07526148199610137,-0.17028956407113752,0.01850587333488465,30.75
2020-21,UTA,0.10007022142906292,-0.14958659508518501,0.020169246768983337,59.22222222222222
2020-21,WAS,0.07251774310723272,-0.1437353627278509,0.01873940797200654,38.72222222222222
2021-22,ATL,0.08428463230072179,-0.23039308069406914,0.023271266334144957,43.0
2021-22,BKN,0.10627297391811313,-0.13268607020990716,0.017774826179282836,44.0
2021-22,BOS,0.09848510941107129,-0.19312947174249406,0.018731479486070356,51.0
2021-22,CHA,0.06781853015213517,-0.15123272807543348,0.016942279862503577,43.0
2021-22,CHI,0.10626907550482692,-0.14069653218606243,0.016410660277351517,46.0
2021-22,CLE,0.11473522055587244,-0.1097968962008231,0.016327408227602522,44.0
2021-22,DAL,0.11608865260993823,-0.23016783922616318,0.02442015810281345,52.0
2021-22,DEN,0.09433530378053072,-0.18032874484192266,0.020332182618285365,48.0
2021-22,DET,0.08890725418054127,-0.2055600369109078,0.018140713402558843,23.0
2021-22,GSW,0.07046462164319643,-0.1205055887522235,0.016163189584879233,53.0
2021-22,HOU,0.10455738659586734,-0.14457415848082703,0.01873255395715312,20.0
2021-22,IND,0.09470696928848983,-0.16255434622024098,0.020049579491602236,25.0
2021-22,LAC,0.052069580679340116,-0.09769621923132604,0.014357972099144932,42.0
2021-22,LAL,0.09699754829843997,-0.15399115898547763,0.020398521875345597,33.0
2021-22,MEM,0.09002134159840901,-0.11402291682428038,0.017325756958601342,56.0
2021-22,MIA,0.12957507536578122,-0.11549572531166681,0.01959783616733286,53.0
2021-22,MIL,0.14308134249713805,-0.1339334974284854,0.020956780158006404,51.0
2021-22,MIN,0.06951741911522066,-0.11392465308144041,0.01559678357388191,46.0
2021-22,NOP,0.11718655146598202,-0.11039856234196829,0.016128150337375313,36.0
2021-22,NYK,0.10742979729676859,-0.11246525226125098,0.02237153500261796,37.0
2021-22,OKC,0.061329841293148564,-0.1717002505266236,0.016877976407596834,24.0
2021-22,ORL,0.048060038175706726,-0.09179967712330218,0.013419310536750184,22.0
2021-22,PHI,0.09572453626222467,-0.11725723041937203,0.02294496607354785,51.0
2021-22,PHX,0.13719667637312943,-0.21913405461772031,0.02404841274666664,64.0
2021-22,POR,0.11494181554849074,-0.09244062473656095,0.017741522010470807,27.0
2021-22,SAC,0.08844357219135207,-0.13460114452494593,0.01647041201180648,30.0
2021-22,SAS,0.09320206945203906,-0.1608632292389793,0.01614876223204923,34.0
2021-22,TOR,0.08073210259516811,-0.12683334765555399,0.01927802302529286,48.0
2021-22,UTA,0.05543044486639504,-0.15557968203076733,0.017640998030183652,49.0
2021-22,WAS,0.04488566317817676,-0.10518180529749452,0.012184540092613369,35.0
2022-23,ATL,0.08116496797680288,-0.15607095062156326,0.018656049563713417,41.0
2022-23,BKN,0.0915884963707382,-0.10607745973104964,0.017915089154337673,45.0
2022-23,BOS,0.07861399308438312,-0.1823176579133424,0.019292643033741685,57.0
2022-23,CHA,0.051734943666435856,-0.19699023556139506,0.018702744017103555,27.0
2022-23,CHI,0.08218424010722333,-0.2055775984764253,0.017021788087679353,40.0
2022-23,CLE,0.08897157090009021,-0.14118418479074946,0.020383991910272608,51.0
2022-23,DAL,0.10295873499092184,-0.1723244995747363,0.021893573118147505,38.0
2022-23,DEN,0.08054692802272302,-0.10678329304824002,0.017650076730979073,53.0
2022-23,DET,0.11602164158415879,-0.12373853642218689,0.01735046659440541,17.0
2022-23,GSW,0.05284889685779676,-0.14678814707935714,0.015707800977737663,44.0
2022-23,HOU,0.1116537677128375,-0.16923271852523455,0.02184830720947386,22.0
2022-23,IND,0.06268899334727919,-0.13029497897927617,0.014020582200287691,35.0
2022-23,LAC,0.056747723560690425,-0.14958551573131187,0.016718010766817556,44.0
2022-23,LAL,0.0825381395647125,-0.12099977516726552,0.016490374704915448,43.0
2022-23,MEM,0.09203425720620488,-0.08515792707697835,0.01566326824346882,51.0
2022-23,MIA,0.0776853060720078,-0.11567831022025678,0.018436335686189343,44.0
2022-23,MIL,0.11648743245241273,-0.13357265332383655,0.02213278647917794,58.0
2022-23,MIN,0.045035875509162215,-0.09133171717479523,0.012802321204884575,42.0
2022-23,NOP,0.06444975996682752,-0.09623920408916566,0.015868335984361402,42.0
2022-23,NYK,0.11196462497731065,-0.10585832556769563,0.01628962687283498,47.0
2022-23,OKC,0.09126471165085527,-0.1548650945577539,0.020940191288645146,40.0
2022-23,ORL,0.12720534907701722,-0.22813122788512724,0.022648090854687695,34.0
2022-23,PHI,0.08900328877974463,-0.11763088817521075,0.017144327721002724,54.0
2022-23,PHX,0.1028194309500876,-0.11513000263827107,0.01644033058973312,45.0
2022-23,POR,0.08418433448190389,-0.14233692395127462,0.016329443873017303,33.0
2022-23,SAC,0.07632146415368647,-0.13149665469793712,0.017705178182138938,48.0
2022-23,SAS,0.05764485031357657,-0.12130449428414149,0.017252890408740854,22.0
2022-23,TOR,0.08971234441214636,-0.08749602770924067,0.01829101888284432,41.0
2022-23,UTA,0.10181574847256396,-0.17880858465101987,0.020339686407996653,37.0
2022-23,WAS,0.08884265725457051,-0.13161557377058308,0.01619007279648444,35.0
2023-24,ATL,0.06508229341040968,-0.08997969783059369,0.016152660050887512,36.0
2023-24,BKN,0.05989457214243532,-0.16149740868885326,0.017232290958762223,32.0
2023-24,BOS,0.09844064072394548,-0.1717313947165823,0.017509471557397748,64.0
2023-24,CHA,0.05743642403213175,-0.16004906430555293,0.016451922802790796,21.0
2023-24,CHI,0.05288948430552659,-0.1622670407570839,0.01722840997378349,39.0
2023-24,CLE,0.08410881846509403,-0.11849218897101779,0.0183380552509064,48.0
2023-24,DAL,0.06521056049641966,-0.1267899200722665,0.018897909151784548,50.0
2023-24,DEN,0.07580861821241691,-0.13164722140061882,0.018653677838454785,57.0
2023-24,DET,0.09151788218405421,-0.09718225607388413,0.015521255542838749,14.0
2023-24,GSW,0.11396931753686565,-0.23656751617323396,0.020261006051287302,46.0
2023-24,HOU,0.07827598278083156,-0.12504879587510706,0.01760807432737302,41.0
2023-24,IND,0.10450286665798102,-0.10325237304994117,0.01592431563274626,47.0
2023-24,LAC,0.0769615333825606,-0.15722363372814474,0.017600612467625284,51.0
2023-24,LAL,0.08677478705523653,-0.15220594813561494,0.018061463633838714,47.0
2023-24,MEM,0.06663403884846666,-0.18456134975878896,0.015350559034530888,27.0
2023-24,MIA,0.04560828477128215,-0.10280679212214025,0.014558340525184697,46.0
2023-24,MIL,0.07712578932561562,-0.1570269296093448,0.02129762351745602,49.0
2023-24,MIN,0.09472445144900987,-0.11379040089045243,0.01867747404433567,56.0
2023-24,NOP,0.06374958578947744,-0.15840814343459733,0.01628144678269311,49.0
2023-24,NYK,0.0962052906981612,-0.0978931657085747,0.01907766799801112,50.0
2023-24,OKC,0.07707606826369168,-0.1501909856625355,0.018757297726270737,57.0
2023-24,ORL,0.07989534068736294,-0.1313259940492943,0.017879221773456255,47.0
2023-24,PHI,0.07620802460976112,-0.13783889866716642,0.015311892550229009,47.0
2023-24,PHX,0.08102692799462317,-0.1588619219401952,0.018741151103066126,49.0
2023-24,POR,0.07772541989514221,-0.11018907905883688,0.018245620791352037,21.0
2023-24,SAC,0.08746045561774778,-0.26891970574326896,0.022357937936186116,46.0
2023-24,SAS,0.08995137000358491,-0.2000841040118529,0.021353519618915715,22.0
2023-24,TOR,0.07037692240364948,-0.16626041337863934,0.015547254891626913,25.0
2023-24,UTA,0.12715975135846208,-0.18723191325357882,0.02261978743858411,31.0
2023-24,WAS,0.05220202169247697,-0.10520104976891088,0.014207454547121618,15.0
2024-25,ATL,0.10710866109120784,-0.12233709826578887,0.017992296261393724,40.0
2024-25,BKN,0.05297982658006761,-0.1597023881308453,0.01756074989678969,26.0
2024-25,BOS,0.09781490369761994,-0.19227261865424022,0.020242037945531005,61.0
2024-25,CHA,0.07470951159424204,-0.07785379311964699,0.013100546276222064,19.0
2024-25,CHI,0.06562339263844656,-0.09422669319699352,0.014340467685454519,39.0
2024-25,CLE,0.08519599008467149,-0.16987792456324974,0.022152709924585012,64.0
2024-25,DAL,0.06430468573865221,-0.07836024744116331,0.014575031098163936,39.0
2024-25,DEN,0.08378408205664557,-0.1928364719273158,0.02054561528964771,50.0
2024-25,DET,0.07823263990944947,-0.12326158361508367,0.020107982697210928,44.0
2024-25,GSW,0.0577668465397722,-0.10804142465950929,0.014496696373442367,48.0
2024-25,HOU,0.08706880538325794,-0.10666071403578722,0.018750703140650738,52.0
2024-25,IND,0.09748593881683588,-0.17959119462208667,0.018856167506054733,50.0
2024-25,LAC,0.08470820645776027,-0.12111134319990359,0.016240368411955284,50.0
2024-25,LAL,0.08440094194908443,-0.1599172835424204,0.02259421869926838,50.0
2024-25,MEM,0.06922723225764402,-0.13208015262561426,0.014247118938934208,48.0
2024-25,MIA,0.08096006004453113,-0.12713607951353645,0.014695553491049965,37.0
2024-25,MIL,0.09298648654553279,-0.10439098544850435,0.019917559602668864,48.0
2024-25,MIN,0.07976126925655518,-0.12373361313318981,0.018019871516513974,49.0
2024-25,NOP,0.0741108591787393,-0.075635611411267,0.014658053654435276,21.0
2024-25,NYK,0.10227498608244938,-0.10925405040301789,0.018504846852815657,51.0
2024-25,OKC,0.07856672607703995,-0.180164171063016,0.020118059918775653,68.0
2024-25,ORL,0.07812971993524835,-0.10861367628103448,0.017522748364509427,41.0
2024-25,PHI,0.0721488150826892,-0.1323433773843007,0.015509522168853918,24.0
2024-25,PHX,0.07370355819728391,-0.12991346173234503,0.01602737734700952,36.0
2024-25,POR,0.06956861795936704,-0.14735399377230207,0.017506806173466467,36.0
2024-25,SAC,0.1040901043701713,-0.22554751404942636,0.0234557428252332,40.0
2024-25,SAS,0.05243985455617304,-0.08932534144482535,0.012633229528087932,34.0
2024-25,TOR,0.06422196934205081,-0.13798838525982324,0.015541185379259774,30.0
2024-25,UTA,0.09533250702433371,-0.13359657165577088,0.013567322768867901,17.0
2024-25,WAS,0.04049353144234584,-0.1083069361426017,0.014684887795772622,18.0
2025-26,ATL,0.06721188173322154,-0.11914363552512207,0.015230551552036217,46.0
2025-26,BKN,0.056909851997005385,-0.19583614744260752,0.01695865037947836,20.0
2025-26,BOS,0.135432891968707,-0.16003962597444235,0.02038297793342067,56.0
2025-26,CHA,0.0809507409328371,-0.10186987524767414,0.017921413851178104,44.0
2025-26,CHI,0.057045525261738846,-0.07905620231783642,0.012929468113190096,31.0
2025-26,CLE,0.09485766120177154,-0.14654165861737986,0.01922363028115139,52.0
2025-26,DAL,0.07975310062758245,-0.08810259413584882,0.015166239232335628,26.0
2025-26,DEN,0.09488019280691587,-0.09856493225738559,0.020470996337549775,54.0
2025-26,DET,0.06262409172159328,-0.08664198795771287,0.01616448116959651,60.0
2025-26,GSW,0.040897944817281914,-0.11439489343515287,0.014297837851588701,37.0
2025-26,HOU,0.09282271025100283,-0.10408403226562227,0.01531616946052007,52.0
2025-26,IND,0.05938957311212007,-0.09662236859762585,0.014034729090987682,19.0
2025-26,LAC,0.06657567820404701,-0.09030565328321061,0.014623918090038589,42.0
2025-26,LAL,0.12720026356080158,-0.10725517802796286,0.02203536911349388,53.0
2025-26,MEM,0.08026531929529072,-0.12921725422510286,0.0211936727604909,25.0
2025-26,MIA,0.06640459120087161,-0.1660543904444037,0.02027264449601171,43.0
2025-26,MIL,0.07554166422571702,-0.12044921286162272,0.017807946069326275,32.0
2025-26,MIN,0.0753085261647953,-0.13292892434742642,0.016527636024370528,49.0
2025-26,NOP,0.05239954748944061,-0.12694681517936174,0.01560530551219908,26.0
2025-26,NYK,0.07706526881391755,-0.1674269452408953,0.018952883472004977,53.0
2025-26,OKC,0.06283235304732708,-0.15296328726050434,0.017382726589578092,64.0
2025-26,ORL,0.06227524570814188,-0.13945124765396558,0.015042657088384042,45.0
2025-26,PHI,0.08436339177741892,-0.1466099541160398,0.015740704621621183,45.0
2025-26,PHX,0.07856261249121524,-0.13627950752082077,0.01667125328824984,45.0
2025-26,POR,0.09822248945792104,-0.1378352333785986,0.018259510838424246,42.0
2025-26,SAC,0.09648824599180668,-0.17358242621597647,0.02061782920630376,22.0
2025-26,SAS,0.12508789732702327,-0.11087735460949583,0.019072545176050556,62.0
2025-26,TOR,0.12049442587353419,-0.1286270324053403,0.017192409615508705,46.0
2025-26,UTA,0.03788456237536953,-0.09208945084113652,0.012584608720175226,22.0
2025-26,WAS,0.1061314847162586,-0.16681002767194986,0.02034270183483285,17.0
