season,team,net,max_gap,max_surplus,total_abs_mismatch,gap_like,surplus_players
2025-26,ATL,3.413368206467715,0.01670558380010591,-0.029499922393880478,0.0038029748732917325,"Murphy, Bey","Landale, Okongwu"
2025-26,BKN,-8.727440577782875,0.014018472191593963,-0.048292060352625336,0.004235429351128087,"Robinson, Barnes","Wilson, Mann"
2025-26,BOS,8.747237287889131,0.03341430549414173,-0.039779777648845153,0.005093349291963868,"Bailey, Green","Pritchard, White"
2025-26,CHA,6.471769680873107,0.01995312880561069,-0.025330024658496802,0.004473502419358418,"Smith, Anunoby","Ball, Knueppel"
2025-26,CHI,-1.3323222672914525,0.014073782803534406,-0.019514540050535534,0.0032269767949299234,"O'Neale, Hardaway","Sexton, Dillingham"
2025-26,CLE,5.89163574799727,0.023351194872265987,-0.036203511418323626,0.004799681762172078,"Bane, Edgecombe","Harden, Mitchell"
2025-26,DAL,-3.1862342709784386,0.019705688936610278,-0.02168153505830452,0.0037841909192169124,"Murphy, Grimes","Flagg, Thompson"
2025-26,DEN,6.061864732169053,0.023374035470148463,-0.024455638367484385,0.005109564557739233,"Bane, White","Jokić, Brown"
2025-26,DET,9.04121539269218,0.015421058393989304,-0.02139667259089213,0.004037474335180654,"Ingram, Edwards","Duren, Cunningham"
2025-26,GSW,2.6558552638394683,0.010123988971788,-0.028237868506762017,0.003565612616056426,"Durant, Edwards","Horford, Post"
2025-26,HOU,6.296723387595815,0.022931664140391696,-0.025778231324796085,0.0038263677870439446,"Bane, Edgecombe","Sengun, Thompson"
2025-26,IND,-4.354857053254824,0.014661031770202846,-0.023803035659143507,0.0035014322331337333,"McCollum, Fears","Huff, Potter"
2025-26,LAC,2.4501822553149033,0.016380429132377285,-0.022393194571301855,0.003647478528125077,"McCollum, Brooks","Sanders, Dunn"
2025-26,LAL,3.3739415763341274,0.031333361879056575,-0.026479013813746472,0.005499789809003222,"Bridges, Murphy","Dončić, Hachimura"
2025-26,MEM,-4.853994843569054,0.019755816783346956,-0.03187234355291314,0.005292927389294661,"Durant, Maxey","Spencer, Caldwell-Pope"
2025-26,MIA,3.1033520074406074,0.016451229534369987,-0.04100291474851001,0.005060583295814632,"Durant, Maxey","Jović, Wiggins"
2025-26,MIL,-4.618501799664099,0.018667428219401073,-0.029763244320181514,0.004440186231278096,"Bridges, Dunn","Green, Harris"
2025-26,MIN,4.243324649536806,0.018595885232709733,-0.03301054360954339,0.004121876935355629,"McCollum, Brooks","Reid, McDaniels"
2025-26,NOP,-2.4951314216285825,0.012891763935599132,-0.031471681651550044,0.003896049217782509,"Okongwu, Collins","Queen, Williamson"
2025-26,NYK,7.739282053271612,0.01901470631104409,-0.04141308691927072,0.00473358912286385,"Ingram, DeRozan","Bridges, Anunoby"
2025-26,OKC,13.187972161267346,0.015510594892800367,-0.03781635195917243,0.0043401451830487915,"Maxey, Murray","Joe, Wallace"
2025-26,ORL,1.6302325026344544,0.01537990837108142,-0.03473493446595432,0.003753620702455009,"Durant, Maxey","Bane, Black"
2025-26,PHI,0.9342452484438768,0.020790460244008123,-0.03608760295298555,0.003928371769186129,"Hachimura, James","Grimes, Edgecombe"
2025-26,PHX,2.3958666668353112,0.01935071013007169,-0.033701212198992914,0.004163240833761881,"Bridges, Buzelis","Ighodaro, Williams"
2025-26,POR,1.5566605152334878,0.02422205724672398,-0.03396124828991044,0.0045629938931710376,"McDaniels, Hart","Cissoko, Thybulle"
2025-26,SAC,-8.326938982594179,0.023773127550941228,-0.04298978330286384,0.005151010620908706,"Camara, Bridges","Achiuwa, Raynaud"
2025-26,SAS,8.89823948866284,0.030883447811417792,-0.027557127016882725,0.004764375439637601,"Murphy, Bey","Champagnie, Barnes"
2025-26,TOR,3.971912963374513,0.02978011056239745,-0.0317391789783939,0.004295155320733454,"Murphy, Grimes","Barnes, Shead"
2025-26,UTA,-6.964503071674133,0.009406307010920512,-0.022763301073433755,0.0031384851027720637,"Hachimura, James","Jackson, Filipowski"
2025-26,WAS,-10.368019801645989,0.026213526895888427,-0.04106542071083081,0.005078246992178309,"Camara, Bridges","Hardy, Johnson"
