season,players,fg3a_rate,rim_freq,c3_freq,arc3_freq,lmid_freq,smid_freq,ts,assisted3,assisted2,usage_top,redundancy,eff_roles,complementarity,fragility,top3_minutes_share,rotation_size,spread,league_style_spread,value_sd,star_gap,top30_mean_value,mean_pair_distance
1996-97,318,0.20701107691848977,0.38379343584612535,0.03702948528699925,0.16998159163149054,0.21077514483269588,0.198420342402689,0.5334928236479093,0.6621526414839827,0.560499326871265,28.08743545951152,-3.497273511117063,3.0536629836730667,0.05004616377037199,0.0718461292741091,0.44223282334712427,9.413793103448276,2.3956382889226746,2.501753907346773,1.5906118863483882,2.7357910648841512,3.2341622505722296,6.041069575272003
1997-98,325,0.15731956162189387,0.3448312576486546,0.029473592056788244,0.12784596956510563,0.27090254933123525,0.22694663139821633,0.5193977522041573,0.5986554939678663,0.5731557032851138,27.664844621603248,-3.3548379998026716,3.107197611101385,0.05200022063231,0.06346606285369776,0.4200764388901798,9.482758620689655,2.4336031485505067,2.5542025736523253,1.5813581992416248,2.5864653264641397,3.1321998965916986,6.062222207051816
1998-99,283,0.16954082957563033,0.31842227802240525,0.037146242544844305,0.132394587030786,0.2777227999444713,0.23431409245749318,0.5110351949831572,0.6046984494405359,0.56411699187791,27.730339582749025,-3.5012871649368984,3.0396021666515765,0.03460129998645363,0.06781472128066118,0.4381645973406668,9.482758620689655,2.372189068851314,2.4996977503326865,1.5730921830089282,2.811349692236271,3.256002656578006,6.028342061005171
1999-00,328,0.16681218771663905,0.30942996600838146,0.04080431335303746,0.12600787436360156,0.2864758936245599,0.23728195265041965,0.5205431533945095,0.6629698319638985,0.5676588296963765,27.952238628955968,-3.419567449296841,3.123118335948352,0.029162793730770898,0.050613737619201356,0.42429662502941956,9.482758620689655,2.417799122284289,2.5090798596650754,1.7875689789828637,2.821622993483259,3.5976148299364925,6.011975417375458
2000-01,335,0.1696618135762405,0.30776928886761923,0.04275940445823403,0.1269024091180065,0.29165721421198576,0.23091168334415452,0.5141897030926876,0.6522750817381266,0.5689973071657141,28.374086345940448,-3.508822443065111,3.228720781280566,0.03263852943756662,0.052146620745502664,0.4265308306045393,9.517241379310345,2.4505631444501637,2.5380787237147446,1.6661619204669658,2.5410702209856306,3.2043362169351277,6.164211331551287
2001-02,333,0.17608889783833204,0.3164488425146348,0.044846519090120156,0.1312423787482119,0.2921645857594757,0.2152976738875575,0.5170026447694646,0.6866363676873849,0.565867480607858,28.702993699211945,-3.438557051023718,3.1283463760825176,0.04683295806665747,0.057348219671160876,0.42285206893295146,9.482758620689655,2.45252600708849,2.544666267278946,1.58249196089136,2.7840327682066768,3.084969894849213,6.115454274558613
2002-03,332,0.17613461258011093,0.3158888270765763,0.049060540770889366,0.12707407180922156,0.29423247934001817,0.21374408100329462,0.5150583284634666,0.6717725606371507,0.560046730606003,28.453432246493392,-3.5359806357833388,3.1619492645638005,0.0425088536934884,0.05284554153934337,0.4240735536087092,9.586206896551724,2.4631015188858516,2.568089214378228,1.618450818475559,2.414988242702945,3.0930692200708876,6.139052195525029
2003-04,341,0.1803467608797961,0.3262616055436794,0.05080166842511009,0.12954509245468598,0.28672718259789876,0.20666445097862574,0.5125695578836225,0.6666982180632943,0.5623904138514801,28.32430221053612,-3.4322043469527816,3.169419119651906,0.028465483340598098,0.046187176407306615,0.42179022904550084,9.310344827586206,2.4423443405251857,2.5420742830732945,1.5515279705971334,2.5571185137454915,3.165706740884995,6.064820502782683
2004-05,352,0.19217818922707192,0.3316391465110283,0.05613629082992843,0.13604189839714353,0.2897126073455989,0.18647005691630084,0.5255596608208851,0.6708219739051154,0.5419889124718026,28.923799867861803,-3.4802135929124853,3.1303956877494965,0.03514736286585161,0.05221107182702431,0.4101055572162973,9.933333333333334,2.453366291783516,2.5701715840219577,1.5815732309355133,2.5843283278936835,3.306161359335264,6.150931076553547
2005-06,338,0.1954005382789137,0.34180643230995295,0.05771567463590856,0.13768486364300514,0.28280474161627994,0.1799882877948534,0.5314060205700142,0.6684245704868922,0.5233924164236384,29.32062999413957,-3.65052109975066,3.123956918569705,0.041800200672252534,0.05996382309461093,0.4290383606514976,9.533333333333333,2.5274074983563293,2.6555446893981225,1.7248946188784178,2.772015612934378,3.4798410886537914,6.335633736870248
2006-07,342,0.20479326136939566,0.3461524622995392,0.06084170549184841,0.14395155587754724,0.2739222324733122,0.17513204385775288,0.5382305326373584,0.6720669638957473,0.5266514998640703,29.23921610089996,-3.594855199571353,3.110948650515641,0.04609731309063617,0.05254789634850438,0.4069822333131698,9.7,2.60244761263966,2.6983063865383254,1.5145641551366233,2.5424652873381084,3.058811693675943,6.479448235143914
2007-08,336,0.21727542343880127,0.33453555873045543,0.06292884340450976,0.15434658003429155,0.2754954864985927,0.17269353133215065,0.5371938913514569,0.678172253091609,0.5210555693974894,27.8498688361945,-3.5506684338326084,3.093204174959095,0.03666433729388281,0.06495098177612776,0.42007425956942773,9.3,2.5342383138211337,2.664335433704863,1.653670244250573,2.537985186930595,3.3733571778331948,6.297591549693899
2008-09,341,0.22294325506650955,0.3402297333796503,0.06688895668815192,0.1560542983783576,0.26529995272988993,0.17152705882395022,0.5419346655506412,0.6908729182365552,0.5001939461266653,28.375622695023004,-3.543902014215532,3.149430357419142,0.031461328570168055,0.049309639976241534,0.4157807771451802,9.766666666666667,2.591853693382883,2.7019727316781204,1.5233633638869588,2.399855140566954,3.1315169838900476,6.357492472433155
2009-10,347,0.22358706280577048,0.3427737660809842,0.0624774346153933,0.16110962819037722,0.25781558684472416,0.1758235842685212,0.541381468271293,0.6983132103486936,0.5051720357066984,28.092618093327918,-3.6228487515407135,3.211440084813632,0.0429850660656702,0.04583880713651909,0.4067832602908283,9.766666666666667,2.5353676931674745,2.6344915369418476,1.4383559484895077,2.151584239357861,3.0183383919724482,6.267954864644739
2010-11,360,0.22175472927217,0.32827467539798105,0.0647812442924919,0.15697348497967809,0.2542532028638006,0.19571739246604833,0.5396392713350597,0.6690767780249988,0.5189951190283569,28.412851501414536,-3.3466503612419705,3.137398700266438,0.042661630618399955,0.04688723337213963,0.4014746758005856,9.8,2.5637370453556145,2.658324082747819,1.5887324660894995,2.6275531898560307,3.4126208302609435,6.355800112079683
2011-12,352,0.22507992832533713,0.33537995195139936,0.06302863923672387,0.16205128908861327,0.2481066620894236,0.19143345763383993,0.5252272694071969,0.6675184555376168,0.515419068075527,28.52585920666576,-3.443066824165693,3.185537492788446,0.04507153024908003,0.047420469490163396,0.3921055947769968,10.133333333333333,2.5317131118417353,2.637852193708588,1.5890467472251222,2.7885524707570757,3.554984928452273,6.209609443381508
2012-13,362,0.24536298445104152,0.33743949873396517,0.07163871203411903,0.17372427241692245,0.23038075016694967,0.18681676664804367,0.5328161907386384,0.6850979094302918,0.5311083494020553,28.144761813343965,-3.4207004724932273,3.106518240977421,0.03618617178629742,0.051199466381204616,0.3954837702047868,10.0,2.555214747918504,2.656227732034959,1.556035386747658,2.448910928449437,3.1222943972801627,6.365912350424694
2013-14,351,0.2590680617887394,0.33519835486044114,0.06994102835522743,0.189127033433512,0.21543678124575213,0.1902968021050673,0.5396194729210688,0.6939945135944501,0.5132672552672085,28.297323770919792,-3.395120696121013,3.1628750345098897,0.04204448972552976,0.04432075700500324,0.3969883342397556,10.133333333333333,2.5981083261272357,2.6934028375541943,1.5046099854775732,2.814546555913086,3.3532221871942927,6.398645093031624
2014-15,379,0.26892801567148283,0.33277452805420976,0.07389804911370522,0.1950299665577776,0.20922317343135305,0.1890742828429544,0.5329306044952398,0.728638158896873,0.5191826916737041,29.309378091590865,-3.3781344811603278,3.1922257035298474,0.04454644033170416,0.04623407055820374,0.36971313379928844,10.633333333333333,2.582649206525387,2.6770804454673662,1.477449913521499,2.5886652701392423,3.3396496496437655,6.375715149622625
2015-16,371,0.2835963765314133,0.3358566393092851,0.07842172853208468,0.2051746479993286,0.19463244818840392,0.18591453597089772,0.5393524489310011,0.7439052396238391,0.5094679499185795,29.450821367324373,-3.4693476712965152,3.244888724817003,0.03631177305780773,0.04861332115242125,0.38147409742283184,10.233333333333333,2.578668693876728,2.669920873988709,1.5125125918832878,2.4530463003353393,3.386175333178931,6.388706402015807
2016-17,372,0.31669788698139373,0.33305062858838724,0.08180557169935915,0.23489231528203458,0.1728153568681756,0.17743612756204344,0.5502227684391832,0.7649580098391336,0.5016771846056646,30.357645288793705,-3.450520457753598,3.138747114763843,0.03201182439645962,0.04400163072172856,0.3757821903570805,10.4,2.622356277932495,2.7119901817643624,1.5231862199453148,3.0937202645394524,3.585235053462382,6.405905209056118
2017-18,372,0.33776213588351867,0.3252341502623633,0.08081802084196751,0.2569441150415511,0.14960338420330618,0.18740032965081183,0.5564489072627347,0.7799855348197252,0.5055913712653991,30.02775494321446,-3.4015855446365735,3.170143756067511,0.034602315917127244,0.03880618514348357,0.37430900725646654,10.3,2.59766625899568,2.7022549534189078,1.5129752465841058,2.7257805710343144,3.394639535125437,6.296392072733066
2018-19,381,0.3641545591145797,0.3371255787941159,0.09025093274560227,0.27390362636897747,0.11472970855343156,0.18399015353787285,0.5591395847595657,0.7989638861380413,0.5260938987609795,30.265703846314086,-3.347619008795085,3.07707008117952,0.026796339938923625,0.041553009606272444,0.37217482402160085,10.633333333333333,2.5938385494025242,2.7136693689481337,1.5339084967704153,2.8467333763069846,3.6907730794044924,6.4293601280587795
2019-20,364,0.389440839539676,0.32829808454395054,0.09622626791319919,0.29321457162647685,0.09870802622371487,0.18355304969265862,0.5650460529351407,0.8070842884664882,0.5206302503017606,30.968102037477518,-3.3051211611093025,3.0386368578789305,0.026022155397485813,0.04986890685891458,0.37432222362756584,10.633333333333333,2.5365795990799698,2.656660309829597,1.4856074453464199,2.9561497447813108,3.5418547622554732,6.2757935810658925
2020-21,378,0.3964689260346574,0.3119624497803626,0.10260344987779059,0.2938654761568668,0.09275326138320213,0.1988153628017779,0.5730714838251746,0.8102256452135211,0.5212739178752818,31.04718383253438,-3.257690795895612,3.0238709521929654,0.024870395098146297,0.04935310395923356,0.3670912046933673,11.066666666666666,2.5767460794580015,2.682204934618573,1.4234471941846172,2.368622065113009,3.272470021906414,6.430009391583903
2021-22,396,0.39998371984384123,0.30362845443838193,0.10827467427291394,0.2917090455709274,0.09125051496699066,0.20513731075078606,0.5691943727045407,0.799783753809114,0.5281551916029655,31.036968951392964,-3.269668948948831,2.9598314746011996,0.031463099293379176,0.04137609629444247,0.3601576436064335,10.933333333333334,2.5983998327910993,2.6950259101100755,1.4155853278939368,2.6212403992521045,3.357505013470827,6.3812353491391605
2022-23,388,0.3904482088707654,0.3122986382267083,0.10833600569401779,0.2821122031767476,0.08180599816129912,0.21544715474122722,0.5828456084859259,0.81120878312788,0.5251010624703276,31.15711335223593,-3.303315859651307,3.020385442672949,0.028327827492639384,0.038909439057724406,0.3646072625604537,10.6,2.583308862490997,2.6932860651377353,1.448537607286156,2.3218822464440336,3.2877978464148487,6.352452633688341
2023-24,385,0.3995018065797053,0.30618151463414106,0.1127737961223657,0.28672801045733964,0.07711312612549791,0.2172035526606557,0.5815886856645711,0.8218141020367867,0.5556308712664435,30.56658026529967,-3.1618697877068893,3.0000147377233457,0.021001581279939903,0.04142050436135617,0.37177326386958653,10.266666666666667,2.564144959328542,2.6623696804449266,1.49780069403239,2.6272219143364115,3.442348461063023,6.2176316820448285
2024-25,401,0.42164327296903986,0.28940493480883517,0.11590462149680772,0.3057386514722321,0.06680147393195462,0.22215031829017035,0.5773992148717432,0.8070284781723454,0.5561383474538343,31.157260398188942,-3.3041592842922984,3.138073853957436,0.024829312954569773,0.03823379234940099,0.3615061327222513,10.533333333333333,2.5851204923138007,2.689147522701873,1.4829596105267118,2.495198891892422,3.452987466065298,6.304077629043332
2025-26,409,0.41440558044288894,0.29800684863663623,0.1165376986753576,0.2978678817675313,0.0671080270719831,0.22047954384849178,0.5819820865741195,0.8390679862180866,0.5540009820788103,31.00718523037103,-3.1945239999168047,3.163333891953399,0.02475615719951189,0.03980027059347154,0.3506384803198062,11.066666666666666,2.5543495956389126,2.6416835670360825,1.4099076467156781,2.3617553697457794,3.429454253921604,6.10235827921191
