,coef,lo,hi,z
creator x creator (usage),-0.05160296256495226,-0.08191705592595751,-0.019144771802971552,-3.082114654519289
spacing x spacing,-0.030012904524498618,-0.09823963679194106,0.0414081609355992,-0.827589168352374
dreb x dreb,-0.0284029593964259,-0.05923775865860196,0.0023408065046214795,-1.791862970871943
two bigs (rim-heavy),-0.012027110360874674,-0.04414578703156078,0.02047522510092028,-0.6875321263522476
isolation x isolation,-0.00506263318003543,-0.03292923994395339,0.029515793778489785,-0.30227865509341356
foul-prone x foul-prone,-0.004476160739796604,-0.032569406535705454,0.02680992519500233,-0.29960107447277196
creator x rim-running big,-0.0037844118948088964,-0.03219412011932881,0.020026793288811774,-0.27622284781941164
rim protect x perimeter stl,-0.0004969359884383038,-0.028094592147299532,0.026003419041612637,-0.035673484043353
rim_pressure x spacing,0.0009974865390624224,-0.07540441498806955,0.07272720038599578,0.025800993060387096
oreb x oreb,0.0012761751568177155,-0.03769236357096149,0.036676175943677516,0.06575089656709195
two rim protectors,0.001698660618907449,-0.026329006946896112,0.031269050559966226,0.11115292924039576
midrange x midrange,0.0022715568662828862,-0.024492741840784593,0.02876661590233666,0.16736741945572217
two non-shooters,0.00902626452971834,-0.019973934965045247,0.03671841985018492,0.5985299140259375
shot-creation x efficiency,0.010499027809263203,-0.022895569528200967,0.041295978207222174,0.6366235333943021
creator x off-ball shooter,0.011690284704231455,-0.015622410752793754,0.0446231999532559,0.7292116526183304
passer x movement shooter,0.016805606885306114,-0.011021939246477232,0.04372816589620516,1.1584735553178325
turnover-prone x turnover,0.018041707563563426,-0.015075897187510554,0.05189043962861479,1.0286794939459496
two small guards,0.03273721424366794,-0.0015994706144471995,0.06958320759530058,1.8801810719982193
