season,team,wins82,prior_wins82,prior_net,talent_mw,star,depth,continuity,redundancy,eff_roles,coverage,scarcity,complementarity,fragility,volume,sphericity,components,peak_density,n_known
2020-21,ATL,46.69444444444444,24.47761194029851,-6.489184692179717,0.05125412942266541,5.676893673457285,-2.4396059051724404,0.5577215189873418,-3.7657035614345413,2.8708577548360115,0.7857142857142857,2.98150942541965,-0.12814048241142156,0.1672486705531152,118.32550589758583,0.8173154123850962,2,3.2766106074617083,10
2020-21,BKN,54.666666666666664,39.861111111111114,-0.6646505265887725,1.3639355027963398,10.089336517219031,-2.7940892840957265,0.3350354439504986,-4.567811288936282,3.324897030279168,0.6428571428571429,3.317628448574323,0.23711084420947123,0.20114427395044987,137.02300566332678,0.7117884133479985,4,2.741696507183229,10
2020-21,BOS,41.0,54.666666666666664,6.44365827751876,0.877341224661419,10.815503150137515,-4.489358772064894,0.6180798004987531,-3.4237096756734804,2.8152270614908095,0.5714285714285714,2.554371554098261,-0.019592812263202336,0.12561939505454206,120.80930660447392,0.9628901365236899,1,3.0635956553328465,8
2020-21,CHA,37.583333333333336,29.015384615384615,-7.330359472389536,-0.40330981518588016,10.49961267016365,-7.238486419269514,0.9133909758046937,-2.480823009991862,2.5986118359044603,0.7142857142857143,2.384182567022627,0.037546119684626206,0.06537878199451247,163.72386326237387,0.9307934492441601,1,3.3799618709578856,10
2020-21,CHI,35.30555555555556,27.753846153846155,-3.0430324338084125,0.5953100137889661,11.882994606612415,-2.465876864222748,0.6501819161838027,-3.363087842588111,3.450427278464604,0.7142857142857143,2.576166170213394,0.0153677557424917,0.060304229512836635,214.43479436133921,0.887912600398751,2,2.8489045827422466,10
2020-21,CLE,25.055555555555557,23.96923076923077,-7.850761787214511,-0.6237327251569434,7.988587638454903,-10.435289909017353,0.5781141156354885,-4.209137761800062,2.608074580873229,0.7142857142857143,2.5873231723430776,0.09196678888666801,0.16566595284552071,181.93840177955326,0.7247507936255286,2,2.3726410816028762,8
2020-21,DAL,47.833333333333336,47.013333333333335,4.9301126072919255,1.1464992963076905,11.83587883043631,3.7231236018324365,0.6472818541065898,-4.064664345026649,3.006159710247076,0.6428571428571429,3.0893159691794505,0.2559854388864568,0.07489429676034023,240.03174053510267,0.7567141941855263,2,2.2684350445572283,10
2020-21,DEN,53.52777777777778,51.67123287671233,2.287300516385815,1.348142658099811,14.665212544940271,1.192416550665425,0.5701905417814509,-3.5389800496471797,2.894677808025822,0.7857142857142857,2.682845037603798,0.0012415978718801257,0.08972284847727441,189.94175961285936,0.8156620412422901,2,2.7247317421667367,10
2020-21,DET,22.77777777777778,24.848484848484848,-3.5680812910707127,-0.7204772976711136,4.347763878108318,-17.19962853785083,0.055133079847908745,-3.919965047247926,3.0529448462451305,0.42857142857142855,2.708991305537338,-0.08671124809262445,0.07206264303177459,204.63758046194727,0.8563698135770044,2,2.310484713830401,9
2020-21,GSW,44.416666666666664,18.923076923076923,-8.094931941650962,-0.11994571727515815,11.35012995703246,-6.227055853785748,0.7058320668693009,-2.987437282159076,3.4653196875329404,0.5714285714285714,2.3767071203129992,-0.02578462147037249,0.0999786663983602,153.650671506661,0.9681524579620285,1,3.51917020440908,9
2020-21,HOU,19.36111111111111,50.111111111111114,2.6017489190601317,0.336299360774363,8.323131085590365,-10.88855983369411,0.16314822035314433,-3.8886104186360955,2.92891800998833,0.6428571428571429,2.516749455927707,0.06395967245759622,0.2914683817034554,201.73981297057782,0.810392684597351,2,2.3742357484032803,9
2020-21,IND,38.72222222222222,50.54794520547945,2.2927550399848284,1.1457476124627746,9.540824263446329,4.438080129480199,0.7879316358562958,-3.234123069169261,2.7496774181165065,0.7857142857142857,2.7591598076641595,0.08705485610694849,0.039236461327387735,258.52225690860297,0.6694189905372678,2,2.255142508931994,10
2020-21,LAC,53.52777777777778,55.80555555555556,6.150291662932461,1.6838027126898312,15.338238985065452,3.825887786784765,0.564540371550532,-4.231325963514468,3.2034589833107128,0.7857142857142857,2.9445242998987107,-0.05339206546549561,0.0794764658447907,218.98842899063405,0.7244558076758364,2,2.2798240068260145,10
2020-21,LAL,47.833333333333336,60.056338028169016,6.067187444714217,2.133146260688597,16.76317882169938,5.703757286410604,0.5280194094325108,-4.1683753382741,2.811796852414281,0.7142857142857143,3.3530649906366996,0.08237444032141307,0.16208125347804786,313.16587246014114,0.6168814129668038,3,1.9297273817539398,10
2020-21,MEM,43.27777777777778,38.19178082191781,-0.6038124644115017,0.9898492518258691,7.596024358259813,-4.09030154806306,0.7429508610357661,-4.154088350840209,2.9189300469501713,0.6428571428571429,2.9191990766864766,0.21311666699822154,0.1054484658311978,188.9758371157362,0.7494538685924528,2,2.2769888294553504,8
2020-21,MIA,45.55555555555556,49.42465753424658,2.8603462905134602,1.2707551896825433,13.733755691074453,0.23904688464373303,0.6221689315214495,-3.4464329156808784,2.790204775336737,0.6428571428571429,2.939733798365457,0.09111916830054613,0.05310983246715201,225.05994182969386,0.6481582877258543,2,2.4017229985247726,10
2020-21,MIL,52.388888888888886,62.9041095890411,9.736250457952856,1.818754704030419,19.549030573277165,0.6686855018461166,0.4716981132075472,-3.819534799516351,2.709691762292065,0.5714285714285714,2.9037871962682225,0.12077674946010497,0.11326167896163475,269.6303656255192,0.7243066087269703,2,2.162817239433057,10
2020-21,MIN,26.194444444444443,24.34375,-3.2230359331877567,0.7771549939649692,11.45575050091263,-2.687065606397062,0.8100781928757602,-3.6516250213680883,2.9501841105659676,0.5714285714285714,2.7418542661823615,-0.19579932551092535,0.07296900606110693,200.566907081214,0.7309017532385192,2,2.5292611457097447,10
2020-21,NOP,35.30555555555556,34.166666666666664,-1.2695432256884187,0.5996089216150864,10.072382178693722,-5.340721518869987,0.47471423623138204,-3.8965352664401256,2.982846206243019,0.5714285714285714,2.9361334755150894,0.2618587134264822,0.20078418841329526,235.54710036988806,0.7574006554553494,3,2.108660547961251,9
2020-21,NYK,46.69444444444444,26.09090909090909,-6.243414697149707,-1.1828448876669035,5.8095605423889785,-10.664132492058659,0.610750573582432,-4.130812081379189,2.733217044076735,0.6428571428571429,3.4251517692898648,0.10682753079689815,0.07896645037410269,222.64513558688597,0.6853979237024503,3,2.156089377281513,10
2020-21,OKC,25.055555555555557,50.111111111111114,1.9037235397324048,0.3283851488733359,8.036747356070055,-4.315235322376074,0.2943694631072002,-3.8861812330406624,2.9353604225659464,0.6428571428571429,2.581253744248603,0.08317054790222848,0.1846587003641214,219.4023957751154,0.8582220572652343,1,2.0823734787050725,8
2020-21,ORL,23.916666666666668,37.06849315068493,-1.0169800505878346,-1.0852115497572845,4.833646609356522,-13.889690681035884,0.273462965044397,-3.4247841457305723,2.9416681896139067,0.5,2.6582190622862694,0.040222891128641025,0.1075250618396096,233.40827198340108,0.7740212286490966,1,2.0979534646811673,8
2020-21,PHI,55.80555555555556,48.3013698630137,2.438071690896493,2.166687530320554,17.546234297940856,8.221632434441009,0.5349629866325825,-4.6181397533169175,3.0581985749941207,0.35714285714285715,3.3428599698702244,0.15170060645792421,0.05746790885452038,205.81048635131108,0.7865323031671078,3,2.376312502419835,10
2020-21,PHX,58.083333333333336,38.19178082191781,0.5503576889983819,0.9003856778717748,10.819184738750739,-0.9453173268896817,0.5838592233009708,-3.132949990752106,2.4788897975213184,0.42857142857142855,2.7002833744244334,0.13154174868709093,0.12801548780431168,149.7869815181684,0.7986612639881215,2,3.3110293641375628,10
2020-21,POR,47.833333333333336,38.78378378378378,-1.0373998533893536,0.26013636863525114,12.051066636084043,0.17516652741717786,0.5651707378653033,-3.7325714656864615,3.2172475724505314,0.7142857142857143,2.818216165892688,-0.030866590308220036,0.08679386404355767,217.1945729245482,0.8270303448226409,1,2.6860934497161413,10
2020-21,SAC,35.30555555555556,35.30555555555556,-2.1749802071097113,0.6146815027723336,12.256596306933547,-9.380039477984262,0.4235070454037128,-4.773937950688769,2.8797317952689183,0.6428571428571429,3.133518102731977,0.026773826225292965,0.09739561075296782,152.61575454545763,0.7444337271529358,3,2.539238941619252,9
2020-21,SAS,37.583333333333336,36.95774647887324,-1.0092617243597335,0.8287740930295248,12.721472292904505,-5.393336871981677,0.6627949852507374,-4.5813806786988165,3.4315521583275737,0.6428571428571429,2.9481927756064787,0.10909503162844827,0.16468998295699777,217.05658399638776,0.8201411896833413,2,2.0592582360664964,8
2020-21,TOR,30.75,60.361111111111114,6.067505896494585,1.5236076534419103,11.708335980685028,0.7431986700257314,0.5361664190193165,-3.3926743803772443,3.668238022969986,0.6428571428571429,2.7742165573621755,0.11275215536627053,0.051970324135817245,184.90516373500293,0.7334132944958315,2,2.695535654481383,10
2020-21,UTA,59.22222222222222,50.111111111111114,2.3908990007122766,1.4897132734892575,13.122673178559996,-3.5380668920321323,0.9081360048573164,-3.2501029570999074,2.32842745704018,0.6428571428571429,2.800452751715945,0.19718184300091215,0.17825299556161397,183.04231320483686,0.7325628267640467,2,2.5758892304228445,9
2020-21,WAS,38.72222222222222,28.47222222222222,-4.45964111006083,1.4759747235809018,19.220393420392362,3.03826226156367,0.4829822682375342,-4.1554586975070285,3.3051759546823867,0.8571428571428571,3.0895247230658227,-0.05446330542209588,0.11040594974199588,309.5091658638892,0.6844353097920403,1,1.9376000600980252,10
2021-22,ATL,43.0,46.69444444444444,2.2891836428930556,1.3709494047833022,11.85435904009146,5.07179973683131,0.7382609204140109,-4.6281530425044695,2.8281277991673455,0.5,3.124437560727203,-0.014532689190764515,0.06770320654043184,270.7908377488285,0.6648894514026045,3,1.999612497646812,10
2021-22,BKN,44.0,54.666666666666664,4.903771758244413,2.575973791471609,19.24285993297185,10.479392649923389,0.4623751256132884,-3.6432339785274386,2.7259762291515175,0.7142857142857143,2.870469949718752,0.05246760428002329,0.033392094458088134,235.954724767599,0.7192852741839162,2,2.2951166079310656,10
2021-22,BOS,51.0,41.0,2.4079312867935743,2.232613169467686,15.836748504590677,4.63404840559597,0.6259547144305508,-2.9610037487773093,2.553513368049309,0.8571428571428571,2.617164304540262,-0.008583332727422243,0.05030128427999653,179.1168562192772,0.7225858728460599,2,2.792291933068991,10
2021-22,CHA,43.0,37.583333333333336,-2.0171541005376437,0.047360359683080736,11.139893604763241,-4.178043301793548,0.6190207899036565,-2.3629506187491414,2.9612920059944634,0.7142857142857143,2.5585866552297087,0.04034131447652243,0.009864573856566548,127.0742420894242,0.8371778392442155,2,3.61796022237234,10
2021-22,CHI,46.0,35.30555555555556,-0.95297108379504,-0.4560981320815069,11.060435817920345,-5.885351384322574,0.4522103698986361,-4.367072084877186,3.504944711876243,0.5714285714285714,3.0326529237769355,0.04667651779067212,0.11941374882336855,242.79501415865013,0.7889536912209412,1,2.3702734106469525,10
2021-22,CLE,44.0,25.055555555555557,-7.401224914833615,-0.47992287220176794,7.058007603340464,-4.6456781268894805,0.5819427701287989,-3.3080970165849526,2.8249997022749818,0.7857142857142857,2.5349024533928453,0.0023299597261459246,0.11811379187066903,292.2284457372774,0.7518935938552749,2,2.10738326907837,10
2021-22,DAL,52.0,47.833333333333336,2.0052320270201873,1.5713546636264597,13.516784855755606,6.290016377979785,0.6375410119150405,-3.888377363903929,2.111928892852603,0.5,2.8232710924413555,0.10125798661204977,0.15744343598766364,129.9654984299716,0.8327913159979918,2,3.2145049026312047,10
2021-22,DEN,48.0,53.52777777777778,4.953453639322802,0.6765846791934904,11.430489950197387,-3.4794154878039887,0.6090333373162863,-3.7064674655250136,2.587914599255164,0.5714285714285714,2.9668191649519144,0.07756482715381899,0.07403028529900295,194.63091463197048,0.7443073667782436,2,2.5991984242320383,10
2021-22,DET,23.0,22.77777777777778,-4.105033421937887,0.34259439800771796,8.938562350309777,-5.331739995519481,0.6342817487855655,-3.4630088642181867,3.56975257047278,0.7142857142857143,2.734787103916298,-0.013327895848521608,0.018747619071007242,302.6651759421802,0.8771476498947163,1,2.1683871845266456,10
2021-22,GSW,53.0,44.416666666666664,0.9484811180013208,2.4115440854792873,16.2003336044982,9.660647341678828,0.67073246238623,-3.8828998088742166,3.2031943015865307,0.6428571428571429,2.9191765726871557,0.10409324220870539,0.18415034248219295,209.51030701868996,0.7287976231467096,2,2.443128518806201,10
2021-22,HOU,20.0,19.36111111111111,-5.898947561591639,1.4110844551454274,14.192267665235962,-7.322830484208216,0.4271770820129294,-2.955201696716007,2.698654431945094,0.6428571428571429,2.4908661739737883,0.0627622968804225,0.10997706974568396,155.49317636358512,0.7204928038178167,3,2.3540452553338196,8
2021-22,IND,25.0,38.72222222222222,0.008351612643564543,0.5406054048168671,8.17306896047733,-2.4013585396369725,0.3775780967313955,-3.582465080074137,2.6248863032143785,0.6428571428571429,2.5831269657691944,0.06959718717232181,0.06512573232358752,129.75394308798033,0.8313189579482045,2,2.6632942701602493,7
2021-22,LAC,42.0,53.52777777777778,6.116106962997714,2.0504363899170017,15.271234737725237,5.846775562527736,0.6576993304930006,-3.1413784264660483,3.25214191445063,0.8571428571428571,2.291704904800772,0.06477480301349288,0.040463570393825435,148.22977628855145,0.9449476102308608,1,3.523665076735418,10
2021-22,LAL,33.0,47.833333333333336,3.216885624113841,0.7403835263603091,12.49482864766591,-3.189528729511094,0.21996897163120568,-5.09804036506325,3.2623549929558227,0.7857142857142857,3.3354429321012553,-0.1322483630171223,0.08814801812888248,287.2216359768173,0.6852652554898857,4,1.7652775185144487,10
2021-22,MEM,56.0,43.27777777777778,1.255830749556086,1.4633313072816843,11.791812678201167,6.599070231707364,0.7842392303449967,-3.2532715434884527,2.741907009225226,0.8571428571428571,2.58283720978725,0.00027108409319763244,0.10747137166408359,162.26294730730584,0.7896285845914179,2,3.055825321924484,10
2021-22,MIA,53.0,45.55555555555556,0.2907874587649406,1.1393858800069587,12.489453939637608,-2.9513573686822547,0.5041983657368273,-3.5555528404972376,2.6738011223894045,0.6428571428571429,3.1479415782577562,0.1658660341303888,0.08211455850496821,226.5757712726526,0.6584334015610089,3,2.269482543998502,10
2021-22,MIL,51.0,52.388888888888886,5.638109999325058,1.7279578805145541,15.290215755928326,0.9948271546676288,0.5179138321995465,-3.600546106199456,2.647917394191277,0.5,2.897712683040945,0.02427357068150328,0.06360726811210282,243.71175397394566,0.6596207861122193,2,2.234029892555439,10
2021-22,MIN,46.0,26.194444444444443,-5.22648866047144,-0.22420830095486868,8.743327297515638,-5.62648356328391,0.7335399368494913,-3.935683870259475,3.0401121179287274,0.8571428571428571,2.8431382639492737,0.03212289946233696,0.05021599976550831,248.01337926110153,0.7086233105342483,3,2.045235800488082,10
2021-22,NOP,36.0,35.30555555555556,-0.1722467389115856,1.1323388868626925,8.956477671586526,3.0546979091619004,0.2806707317073171,-3.2421910497905513,2.4177002128267038,0.6428571428571429,2.8191820242725574,0.08158023996441618,0.061241613103125134,258.5911463606651,0.6549743416497886,2,2.109798235439284,10
2021-22,NYK,37.0,46.69444444444444,2.257263800248155,1.335056132196777,13.287162368004186,2.756596511532641,0.7285282437318475,-2.6238228610890837,1.929605521078365,0.5714285714285714,2.8355822355847153,-0.07382203919943556,0.10451594843592851,140.33171018754393,0.8822919980646888,2,3.3486949731068076,10
2021-22,OKC,24.0,25.055555555555557,-10.227914243900504,-1.6588131270489548,7.007767205363206,-12.530937816385137,0.7575004902281195,-3.6687104857688912,3.1505241578260113,0.5714285714285714,2.6751141309879407,-0.0036944833457562476,0.12749497345905092,121.5032847503207,0.965480273592424,1,4.064337196631612,10
2021-22,ORL,22.0,23.916666666666668,-9.049075573101796,-2.287145176643287,0.4075170961499568,-22.812639724388426,0.6269631586672538,-3.1140340405606692,3.2630323588570356,0.5714285714285714,2.8847613548928503,0.20680141649294131,0.06355009636688833,182.92485237512008,0.7338225650865978,1,2.890907049711912,9
2021-22,PHI,51.0,55.80555555555556,5.956591825711577,2.315766788810238,17.55624993197523,5.130239553659896,0.5989637908953312,-4.365354058244143,3.0002424656149,0.5714285714285714,3.2608158952082174,0.18577208230635076,0.07771179390029165,246.4619734198322,0.6759182614140445,3,2.1475880561666036,10
2021-22,PHX,64.0,58.083333333333336,5.712826838285512,1.3042421245683449,12.400729286154341,2.2027227468805854,0.722132083408449,-3.7572977178379943,3.0810313218969543,0.6428571428571429,3.004819976129072,0.016970408786919175,0.04799990852894931,154.50591810095918,0.6990349584348177,4,2.5289128507911056,10
2021-22,POR,27.0,47.833333333333336,1.4810801726578005,1.6951407770648286,13.749841767127576,-4.430780763695276,0.31712553675170496,-4.651724454901785,2.823950161261942,0.7142857142857143,2.9363563507712973,0.0077445251415209386,0.10651875773598249,136.1006033477185,0.7226586120738415,3,2.386577107517743,9
2021-22,SAC,30.0,35.30555555555556,-3.666651727608672,0.4681961990029418,9.833355189896285,-1.890566746628004,0.4479600333055787,-3.337535117339081,2.702145093523486,0.7142857142857143,2.8089150778074177,0.12805414133257906,0.029923104597530018,262.18758717451675,0.6885778778062651,2,2.3328878175536714,10
2021-22,SAS,34.0,37.583333333333336,-1.624960906333528,0.20840551044418756,9.614578034897827,-12.143845029176553,0.5330916817698894,-3.5998591907932886,2.6154112702039547,0.6428571428571429,2.504268149959344,0.11350902383127844,0.03224702646504192,213.88245075317627,0.8018908740662465,2,2.2737258498147943,8
2021-22,TOR,48.0,30.75,0.32339749232759285,1.4508654654280588,11.84819345363719,1.2036294391411848,0.6396526772793053,-3.686318083238918,3.210042887054505,0.7857142857142857,2.7420771528240464,-0.004109858981147536,0.054874587203847414,302.5241390475193,0.8019137740958096,1,2.233475899763094,10
2021-22,UTA,49.0,59.22222222222222,9.254585232972845,2.2028469123774275,16.827446585846378,5.258486617752989,0.8337216431637032,-4.136076227033809,2.514846212653083,0.6428571428571429,2.6759715049643917,0.08385694881491922,0.13392920719737678,129.3308324039978,0.8493108623433224,2,3.613215843361529,10
2021-22,WAS,35.0,38.72222222222222,-1.4406138020268688,0.4788348743841983,9.197049113183635,3.0963739358217417,0.5214039486054528,-4.224532715899937,3.6987658943702577,0.7142857142857143,2.6092256733601307,0.024348744772248833,0.0262134414519853,148.86444231452526,0.8517109286343746,2,3.1652871916217085,10
2022-23,ATL,41.0,43.0,1.5662133568095316,1.1087947695218767,10.15022677206524,7.045129410714666,0.6132043255549232,-3.5182203042415456,2.6137254531903023,0.7142857142857143,2.9541517718894625,-0.013208784476487321,0.05151239743570356,137.45051461720664,0.6996391213464075,3,2.915390060712956,10
2022-23,BKN,45.0,44.0,2.581918938860661,2.020318034145737,11.339339670035098,8.302020112414795,0.36660215648327343,-3.3004195138754957,3.1809371907235,0.6428571428571429,2.6000986658026304,-0.1592851284612268,0.04859598634372725,155.839749259068,0.8606454581211274,1,3.6535571061559384,10
2022-23,BOS,57.0,51.0,7.4225102196560755,2.475305999463087,15.640432726608333,4.688483095972675,0.8699239605241871,-3.0989529926406543,2.7611956119686623,0.7857142857142857,2.725228523692697,0.10124555102190892,0.04849430416635865,217.85834452181598,0.7777121511801969,2,2.6139149529612133,10
2022-23,CHA,27.0,43.0,0.8441639701807446,-0.4462672564770419,8.155572925435774,-14.30241691864077,0.5306620933374909,-2.5176563392070532,2.5190814090285785,0.7142857142857143,2.1647962005643837,-0.04604291716007696,0.040610321211419144,149.13308721321266,0.8794810664122067,1,3.0973375984865195,8
2022-23,CHI,40.0,46.0,-0.4200567082303541,0.9259638767039358,15.084907265842334,3.599270089875773,0.7636372993001235,-4.289330748257189,3.00954458977784,0.5714285714285714,3.119758442026229,0.1093437941239302,0.05819313025098004,278.57887616278555,0.6944563247023317,2,2.1232016805214586,10
2022-23,CLE,51.0,44.0,2.8468094703944624,0.44061083423584385,10.160827095267646,-3.17166922802339,0.6907970542557988,-3.346471486737855,2.887060149679287,0.8571428571428571,2.7556869726069557,-0.05733318417375876,0.10885027799315433,196.87298263639778,0.66829054970032,3,2.5286669041252865,10
2022-23,DAL,38.0,52.0,3.8684210526315876,1.4898090065570895,11.58014627545999,8.766054729911323,0.542148845342797,-4.441365823984281,2.2759932211137346,0.5,3.117716232523643,0.16334513237581516,0.0722535534553993,133.12363587794516,0.7534971439308378,4,2.738486323114889,10
2022-23,DEN,53.0,48.0,2.533908646684657,1.7793100305257596,14.464095186914571,-1.7371014834687424,0.37665444919568314,-4.389668931373819,2.661363129190613,0.7857142857142857,2.9025933291588917,0.08900512855108969,0.07056957155491683,170.83959555517447,0.7615006919198634,3,2.9219121440595397,10
2022-23,DET,17.0,23.0,-7.4363237362580215,-0.6090615818716274,3.794638024489518,-4.44311091144783,0.6050656660412758,-3.011627931466177,3.0059335720439972,0.7857142857142857,2.4672123055822115,0.10876117689650683,0.017349403194773502,144.9504377652599,0.8302682604292217,2,3.084635355611511,10
2022-23,GSW,44.0,53.0,6.412404606360234,1.9090239563548264,16.03539720514405,-1.8980604794774911,0.62372124422288,-3.461746209302679,2.6450612045391,0.6428571428571429,2.8303745539894534,0.048157056556983144,0.08126939159183741,176.60876720752313,0.8740569381927602,2,2.958792223132373,10
2022-23,HOU,22.0,20.0,-8.34495793399903,-2.8931969595343023,-1.4959337698930941,-15.572729125251964,0.5718300724246027,-3.142478355425681,2.373170988916327,0.42857142857142855,2.6163611672659908,-0.07067964231538358,0.07891569339716205,203.0027275170182,0.861350297365984,1,2.003492331032037,6
2022-23,IND,35.0,25.0,-2.2627709807125918,0.6957492784539785,10.320988387630276,1.5917383367255669,0.6673274463867364,-2.708796320251306,2.956672389590784,0.6428571428571429,2.252906504535037,0.024442735186594306,0.029137092349432254,154.3974563459808,0.8641796974242435,1,3.367283960329405,10
2022-23,LAC,44.0,42.0,-0.040100376220175704,0.2391425032641455,6.772144201697227,-1.5894775401631087,0.5540922347794386,-3.8435441462024147,2.9832741221140058,0.5714285714285714,2.745041259404792,0.050221307196425986,0.067720835531634,187.85865192960298,0.7371639675609978,3,2.5892247787257663,10
2022-23,LAL,43.0,33.0,-1.7640067675987137,1.2557334107576923,15.999818083366169,-0.0288752980803455,0.2555474528596729,-3.9788455157365235,3.1384852408924595,0.7857142857142857,2.7145347375488065,0.013559445972544916,0.05084987716569252,288.3143533261239,0.6491067852344237,1,2.1342808579535384,10
2022-23,MEM,51.0,56.0,5.744849412162534,1.855678361673493,13.242142528029484,8.610490680455753,0.7723400878260409,-4.40931558190672,3.1553579416407014,0.7857142857142857,2.9873544400805447,0.017220125809336677,0.049837239764581334,325.95819835769885,0.7107887283377071,3,1.8358759700420326,10
2022-23,MIA,44.0,53.0,4.640916212525492,2.4242396704952767,12.686234170091211,13.007991005460454,0.7958983843768699,-3.2332355116054403,2.6281519703609013,0.5714285714285714,2.9794410798404245,0.1337443886299853,0.03809968292376438,308.1458808810724,0.6861434241405141,1,2.110028421611987,10
2022-23,MIL,58.0,51.0,5.35765648734936,2.591753017986778,18.924071058647087,7.009626192041953,0.7281058002707487,-3.8362940676222754,2.447889604290545,0.7142857142857143,2.861045744842347,0.11677079284635027,0.05384053806371181,235.2379741245163,0.6681059532168208,3,2.3446834058383335,10
2022-23,MIN,42.0,46.0,2.3795499293045808,1.4951927203431123,16.740879033111163,-3.57910252664602,0.48244363482760444,-4.231611589466796,2.561730774491897,0.7857142857142857,2.9378523093054865,0.08845033809851877,0.039789323783396946,210.21419208245402,0.7106528460911796,2,2.44234739242615,10
2022-23,NOP,42.0,36.0,0.42653428502905655,1.357510330868185,13.129129682922073,2.9208871797285676,0.7379359120831294,-3.6679220589553587,2.7174439826674384,0.7857142857142857,2.787004951767599,0.04903365446331854,0.08610851295415389,353.57810764331805,0.6661456068986362,1,1.7807116779914263,10
2022-23,NYK,47.0,37.0,-0.1400123114664975,1.5393500145228494,17.265438126910293,2.5624699834901916,0.650485923254183,-3.906898085672106,2.4259334147465297,0.7142857142857143,3.0592356414699777,0.03043102558444308,0.033295580304269594,129.2294450126098,0.9354214913114399,1,3.5420729925287424,10
2022-23,OKC,40.0,24.0,-7.16416735535883,0.2239859427818126,8.093472616331766,0.625094007150176,0.6285806071638914,-2.975979073013859,2.2576593768613242,0.7857142857142857,2.3884053611572753,0.05095543069599313,0.07846567242897376,174.7337864205098,0.8239161969848684,1,3.1574262492676106,10
2022-23,ORL,34.0,22.0,-7.987051159819014,0.09939920220345362,6.761283169009419,-11.820196539141392,0.6831909452032432,-2.9586707695804875,3.096640308143773,0.7857142857142857,2.4322975990518922,0.06115378934765024,0.05411263602985613,231.2716686135266,0.7831955683878172,1,2.422902051300459,9
2022-23,PHI,54.0,51.0,2.568556989630255,1.2762740415401632,16.02213283271107,-0.9913592040973616,0.6929435919602334,-4.2048365512278165,2.8846355100752783,0.7857142857142857,3.1327829102500773,0.033689717726951326,0.13408017110992837,116.46515273178842,0.77693784970926,4,3.144490707154773,10
2022-23,PHX,45.0,64.0,7.514690501732102,1.646392666112361,19.394565009580965,-0.15365614854228227,0.5195293186987047,-3.9213716526456297,3.065927831197231,0.7142857142857143,3.163278079623753,-0.042571544800668056,0.06675132389220745,253.1945208924515,0.6565876542125009,3,2.1627836555693722,10
2022-23,POR,33.0,27.0,-8.814375522641216,-0.17583617064288437,12.044027559321194,-10.00350873890743,0.5319094349304085,-3.622166090672382,2.957525762095782,0.7857142857142857,2.836683675979903,0.12797141869131315,0.044928353698274345,283.0499841933558,0.6889161269065253,1,2.221872935183332,10
2022-23,SAC,48.0,30.0,-5.400098183603341,0.08162694229985226,8.208251156406549,-5.1945445846225,0.5928761812454567,-3.1942560126506443,2.6530178668502606,0.7857142857142857,2.5280702473906977,0.07611014431800087,0.05752570019876422,91.29714139841742,0.9870104829097734,1,3.7020505220731055,9
2022-23,SAS,22.0,34.0,1.3488057088754335,-0.024674750051569064,7.187042141595275,-4.080996878268078,0.49520270645000275,-2.8789120695661787,3.374102950718386,0.6428571428571429,2.2729281899632148,0.007288132066837666,0.024543958094769842,161.53680626576227,0.9064049737855506,1,3.294577413107344,10
2022-23,TOR,41.0,48.0,2.3413773417342743,1.2888927061583562,14.41601981488505,3.2459233448108122,0.7919004035035921,-3.390590114592202,2.812012071480119,0.5714285714285714,2.681130610419247,0.031156035653206786,0.028565758706050513,235.88700593540554,0.8438364637196818,2,2.6121030854348377,10
2022-23,UTA,37.0,49.0,6.441326831069527,0.061357176621628956,6.4098870769335585,-11.07046197762006,0.15444784530923578,-2.976141079219421,3.2487837278731932,0.7857142857142857,2.3293396253353134,0.05733103106811761,0.03331736541294907,196.8008679907434,0.915560870588712,2,2.3326390056731023,8
2022-23,WAS,35.0,35.0,-3.27402929669125,1.0350697159726785,12.549273517898092,2.6499902784671376,0.6032011600022308,-4.243124723698029,3.3745980687654735,0.7857142857142857,2.732522341377811,0.04989190700111901,0.030721557470421684,264.3001763232226,0.8023276438832221,2,2.220789402515463,10
2023-24,ATL,36.0,41.0,0.4260085028420679,0.9232803407030743,8.9757074224209,1.740444898868367,0.7732511263931705,-4.148065599174878,2.3793674728643635,0.7857142857142857,2.855804444875967,0.00996408160503515,0.05202859349273449,149.75779239555692,0.7349559572369152,3,2.792357624909365,10
2023-24,BKN,32.0,45.0,2.383361554031138,0.6713960065787465,9.333355280848153,-4.155301656040887,0.4439769288956127,-3.4398763352024484,2.5322176338267983,0.7142857142857143,2.4063869051673548,-0.06181087220524624,0.03614811172505948,224.8552067729009,0.7555160261542326,2,2.4411296475451985,10
2023-24,BOS,64.0,57.0,6.421312301751114,3.3849210267867518,19.343612830301694,11.721078695646817,0.5679275175759976,-3.2660360208014056,3.0576653249944736,0.7857142857142857,2.7955285782670183,-0.04417059191475735,0.10709142859652858,153.10840448222794,0.745757110487016,1,3.1045885278103427,10
2023-24,CHA,21.0,27.0,-6.016960006706706,-0.12420936591602273,7.1873653455719575,-3.7716462941614006,0.30591926627647376,-3.2621939625191336,2.729623280522984,0.8571428571428571,2.416284308707862,0.05956121349053575,0.04081253825702944,164.10715285369153,0.7561617323357296,2,2.7530929641860657,10
2023-24,CHI,39.0,40.0,1.5214013526291925,0.0021981364845093084,12.184259052557035,-2.612339778165875,0.8401883673162667,-3.661886999082266,2.9880731048380804,0.7142857142857143,2.6012331072457946,0.14495449341711572,0.12204110125006341,168.40467705181305,0.7388979161024061,3,3.124062018475351,10
2023-24,CLE,48.0,51.0,5.794480317037176,1.0290938506978344,11.814715855773713,-1.2735480525371372,0.7960508372879507,-3.2393993775911203,2.9784616614077244,0.8571428571428571,2.4413283450308545,0.032611419643215525,0.05417440484999858,331.6377571872426,0.6779734732947289,2,1.9883305009175538,10
2023-24,DAL,50.0,38.0,1.023220929282731,1.4287212020504505,10.104870876370482,4.148907819393835,0.659047619047619,-3.9586916680295023,2.420005986002867,0.5,3.0959233547830456,0.04887026988393393,0.0843405505230801,205.33424939838278,0.7149870865539315,3,2.417024033824041,10
2023-24,DEN,57.0,53.0,3.2024928899365035,2.441500992295406,16.016490490388094,-2.462222504872121,0.7063370163008472,-4.271006644141558,2.4891121793541653,0.7142857142857143,2.9779512231924774,0.09020364359859225,0.07119161075732665,353.1982175710387,0.6458285538738533,2,1.6195324148914998,9
2023-24,DET,14.0,17.0,-7.692346728989774,-2.512492320466487,3.829072382924949,-24.454120865200807,0.5292206003855687,-3.7451619995786443,2.8989188413575344,0.7142857142857143,2.6973532889576193,0.12662368188627587,0.05856327800352136,141.96397732438737,0.7645013517688573,3,3.04315865225037,10
2023-24,GSW,46.0,44.0,1.632106885480611,2.1913907735601486,17.954182921669144,-2.2944981812566345,0.6238705610422358,-4.361664178661665,2.8681505515317163,0.6428571428571429,2.870446096107478,0.13075557601877003,0.07281802589922307,132.64053499625933,0.7170428104339887,4,2.761879091801385,9
2023-24,HOU,41.0,22.0,-8.19485021336508,0.922192184796025,13.993151598433585,4.1369601339281985,0.5261587078651685,-3.6487050391123375,3.0728167306420593,0.7142857142857143,2.7634255562677597,0.10981732312786914,0.052019862269152575,230.97371580073494,0.7352395157404605,3,2.36872723889083,10
2023-24,IND,47.0,35.0,-2.988101857293235,0.670486134155007,9.707936632745358,-1.2331941797363406,0.6265508684863523,-3.765236728953253,2.9507143261850106,0.6428571428571429,2.759627786199705,0.045439637146100595,0.025333090733211508,402.000611007334,0.797019479430448,1,1.744712862600797,10
2023-24,LAC,51.0,44.0,0.7048405609374253,1.531596017349426,20.282260666944097,-1.2392219926145265,0.655340024303524,-3.435733395544156,2.7703586071260102,0.7142857142857143,2.907024322083068,-0.20003920646322929,0.25295245583920933,288.3711576332733,0.6859361684609602,3,2.15890552470663,10
2023-24,LAL,47.0,43.0,1.070411964201412,1.1542246654875246,14.784276276601247,-0.8876041579215952,0.543365881677197,-3.3055440175435877,3.1443791549270417,0.8571428571428571,2.906369194586493,-0.045192550506956156,0.06157920283855953,208.9762190578078,0.7108896248230668,2,2.4853276043398376,10
2023-24,MEM,27.0,51.0,3.8488855852236714,1.50111150943657,12.235083870876323,1.3043911575645954,0.4371537919226508,-3.408767788105782,3.3728108057294035,0.7142857142857143,2.316687856481516,-0.042896346761927794,0.043714699260179866,273.7304396023847,0.8085878289317546,1,2.4493350585365703,10
2023-24,MIA,46.0,44.0,-0.39164600143417605,0.85940850879482,10.521449887697484,-0.9636985522433985,0.5876662010450618,-3.2349154119517696,3.3075368886171903,0.6428571428571429,2.7384471103683015,0.035820856351448306,0.02389080238045013,235.99963393074148,0.8004427187194029,1,2.582402585075571,10
2023-24,MIL,49.0,58.0,4.200523174712423,2.4998061556336935,18.12445472445511,2.6486764170452335,0.5128492245674934,-4.243485098586301,2.689531082711372,0.5714285714285714,3.364566556918473,0.06765128681993321,0.08755315004753851,283.4909182896438,0.6815990211932933,3,2.0663492346825354,10
2023-24,MIN,56.0,42.0,0.5422726152329194,1.5316709704779017,13.624315104770028,3.7829512180769482,0.8141882820471511,-3.681497155972471,2.5237013607654024,0.7857142857142857,2.592335976030964,0.07948888950407212,0.03878933988332517,170.15282248833705,0.82055771469899,2,2.9093277084524356,10
2023-24,NOP,49.0,42.0,2.085946901510649,1.5329089957176074,14.84965171720571,4.088911330864843,0.8676717771099679,-4.25664120863601,3.2019417441242077,0.7857142857142857,2.861383363693835,0.09157452746077437,0.05425470371469772,290.33782124936283,0.6867898844231813,2,1.9473569741258308,10
2023-24,NYK,50.0,47.0,2.8380487778117525,1.6785240451506975,9.862864150076541,7.802644125688891,0.5184063821607074,-3.5083109762298865,2.6329162332034146,0.9285714285714286,2.701600570874116,0.06048240882602949,0.02943629455530838,204.16881910736677,0.7777795450131463,1,2.641792806295753,10
2023-24,OKC,57.0,40.0,2.276481451592627,1.5779142785173486,12.104714872789813,8.524061394643596,0.7544140395796661,-3.227094649067982,2.425656432991177,0.6428571428571429,2.609309210068615,0.0647267947013971,0.05242073384525159,200.45401005475324,0.7947525884566079,1,2.881120960056311,10
2023-24,ORL,47.0,34.0,-1.8968486301033316,0.8293420949103639,11.375676766575845,-5.654887296219977,0.8096415327564895,-3.101540828773651,3.0684747162215302,0.5,2.7187243919655395,0.05270227815928195,0.06496303823338524,116.17883213565823,0.8729484065847759,2,3.6221335603947664,10
2023-24,PHI,47.0,54.0,4.431236712240549,1.6941184574042119,16.076531571905075,3.4845533743497965,0.43131734783030773,-3.6703554055877694,2.4893637154012165,0.7142857142857143,2.64284907373954,0.01610367888732022,0.02792778511706212,146.4800197020744,0.960522742280387,1,3.522901501418861,10
2023-24,PHX,49.0,45.0,2.5574950586879197,1.5501074023568449,17.186404153816408,1.0924374860532255,0.2502060581083866,-2.983006021150527,2.823074120957849,0.7142857142857143,2.864218182541753,0.048744176532445366,0.1115587470303246,204.82437364606326,0.6913764359611445,3,2.5204360491349194,10
2023-24,POR,21.0,33.0,-3.6999764554086045,-0.6946267343478315,5.711454958889225,-7.042465662350593,0.4358583936048725,-3.590642062245688,2.4623084506534694,0.6428571428571429,2.5491121671202044,0.061440875405338366,0.19727361554751732,135.40843193742234,0.8709574409376034,2,2.5960406203181745,7
2023-24,SAC,46.0,48.0,2.425397255577888,0.9111654997107851,7.071023816190281,-0.9293623632296837,0.916671205272044,-3.9056551973513955,2.6613164914028626,0.6428571428571429,2.554197666475539,0.1056178272605995,0.10963361084116356,146.04298334294342,0.8100429353647327,3,2.9604589529633945,9
2023-24,SAS,22.0,22.0,-8.809160388076641,-1.468932387875008,4.9141664845418935,-15.462844267981247,0.6407276402223345,-3.5338706212916406,4.122813926250017,0.7857142857142857,2.5696971621570173,0.14010628637392702,0.02805563126742157,249.62060045699104,0.8936228286254416,1,2.5800093002736255,10
2023-24,TOR,25.0,41.0,1.4230033340910664,1.4596438308128183,15.943071159420018,3.093236623393751,0.39480631690107043,-3.210641175529505,2.916988318078896,0.7142857142857143,2.416552095808061,0.06025970527485601,0.01406864239958621,131.47510470524333,0.9890117981342716,1,4.035664670416632,10
2023-24,UTA,31.0,37.0,-0.5816659064661112,1.1267671044687542,10.3658759290814,-7.058225563211972,0.6033557046979866,-3.9984103828082866,2.1458315409946986,0.35714285714285715,2.8347670487480605,-0.008702400397842336,0.04561727665739308,160.538022587455,0.7076538389961309,3,2.221212303131651,7
2023-24,WAS,15.0,35.0,-1.2469628357276719,0.3441171219515434,8.636731942821527,-5.215831166465797,0.4052130106231519,-4.159540195078699,3.707251186201366,0.6428571428571429,2.474941332468881,0.02484954272880458,0.06045789298475292,205.26141000519428,0.7847330327197595,2,2.484791224192462,9
2024-25,ATL,40.0,36.0,-2.187284570688952,0.7825859160617663,7.896318079448857,1.3267766853568854,0.42492665549036046,-3.9478760888977082,2.52069800532378,0.7142857142857143,2.7859253863508022,0.11176248252502233,0.056741647318246255,264.50533953655645,0.7318753040485432,3,2.246647148723737,10
2024-25,BKN,26.0,32.0,-2.84944761907735,-0.2025006094809771,10.580584527953821,-7.561268360712256,0.5659221711811606,-3.309874520607377,2.4508855772157805,0.6428571428571429,2.5625018592027176,-0.024820064646441767,0.05106694840649649,152.77023743968653,0.8360155750202787,2,3.2057641947649405,10
2024-25,BOS,61.0,64.0,11.317905912184155,3.3991665905105446,17.43912701650154,11.311116132573217,0.8746523639253079,-2.646623925468007,2.839440111655417,0.6428571428571429,2.6051347874622777,0.03770376950093767,0.06404224959249402,125.14622981104091,0.9070816314463157,1,3.2703211773770393,9
2024-25,CHA,19.0,21.0,-10.158304874727065,-0.5424484413118922,6.5945826626089605,-4.771631236950411,0.542071288240247,-3.2738129610422746,3.0879722005532346,0.5714285714285714,2.537538308141528,0.05792130412562789,0.06194982765915195,142.4203453994024,0.872055256529343,2,3.398533510913468,10
2024-25,CHI,39.0,39.0,-1.6283119653165423,0.45430671321719124,6.477797992045014,-0.9335321432921098,0.4706038275990033,-2.879567374560165,3.206267813913428,0.5714285714285714,2.553312041378011,0.03986029720985887,0.07135234096772022,227.11453237693854,0.9191419057602128,1,2.8156519724553504,10
2024-25,CLE,64.0,48.0,2.188983486665119,1.5222312494972516,9.35257125102517,6.891584776262475,0.7412797992471769,-3.4395098116980902,2.7041549221525236,0.7857142857142857,2.6889439303379445,0.08200088063918588,0.06235372968046861,277.11471505042374,0.6802313635284862,3,2.093603680459506,10
2024-25,DAL,39.0,50.0,2.5823031292996346,1.1383034838901598,11.78082986238343,3.1766214487936013,0.4353585397653194,-3.445755139819092,2.6590689689121563,0.5714285714285714,2.833763851972187,0.04786835130846389,0.12575680076878007,197.52258752936567,0.7149204239023927,3,2.5755392949848517,10
2024-25,DEN,50.0,57.0,5.5660387678305945,2.354082304417457,15.798870959559961,-3.5382078536386454,0.7298202701265554,-4.342725796477188,3.0522702234485135,0.7142857142857143,3.123335695964018,-0.05789525828600224,0.06533242107139248,242.1291644917169,0.6766756516434236,4,2.151625156961408,10
2024-25,DET,44.0,14.0,-6.79922954746861,0.17633180753789326,8.772049248726377,-2.680311094348002,0.5535188723085661,-3.256117437079957,2.553404322474212,0.7142857142857143,2.4766523937593354,0.11665346326240457,0.032563966107833395,344.0974670576145,0.7342371818206909,1,1.998251568875866,10
2024-25,GSW,48.0,46.0,2.4878007595795726,3.0080359914265147,17.64644623609617,10.207432171268978,0.6369866652499602,-2.973067067147329,2.4767769131329844,0.7857142857142857,2.5903377124270386,0.12492808598033002,0.06635852955213203,214.43227029940732,0.8605191986317884,1,2.5911873119747586,10
2024-25,HOU,52.0,41.0,1.341746701568658,0.47763150574246965,10.722720006908009,-1.6333696161109108,0.8478995901639345,-3.448178894824086,3.1897320114669965,0.5714285714285714,2.5944384322350245,0.09999171129484011,0.059067153293725166,222.01247292046045,0.8340022634415218,2,2.5683848735928656,10
2024-25,IND,50.0,47.0,2.904898371308584,1.4819903462807678,11.899536072809752,2.669632892898182,0.854795689747146,-3.579574384672934,2.7888627774153627,0.5,2.8882790064814006,0.09575733626628433,0.0442378525019089,349.92839215073235,0.8001215590592473,1,1.902446784462226,10
2024-25,LAC,50.0,51.0,3.331034367289387,1.397939506022047,14.652020112656048,-1.858827524421951,0.538201885983712,-4.052128066763494,3.1797140607048564,0.8571428571428571,2.6131032528762463,0.031025450661711234,0.06370058951499274,317.9311907022484,0.7536880276156925,3,1.9531195710360463,10
2024-25,LAL,50.0,47.0,0.5712314888036696,1.6091847883956403,12.128803154046226,-0.5611286142958796,0.4456717550014222,-4.1471390278594535,2.42342889132412,0.5714285714285714,3.2187697956453984,0.04668310698346443,0.11161098083328302,340.52602543807984,0.7420484966507066,1,1.7898200783178706,10
2024-25,MEM,48.0,27.0,-4.540517339321459,1.2294429918378842,10.626353794635854,1.3522117639490023,0.6740977323538806,-3.4596693318953005,2.538839560573342,0.42857142857142855,2.616995704379512,-0.08751717812268053,0.044435254038024424,167.27466360881706,0.8683544604873439,1,2.862445655515698,9
2024-25,MIA,37.0,46.0,1.7336932911313774,0.10538116376356202,6.548157413342668,-3.7105160699333215,0.5748454029743957,-3.253946619172976,3.0999987308237964,0.6428571428571429,2.617821645899226,0.04203423917968539,0.06009875979326851,242.0562779280529,0.8317296731564504,1,2.5831575681476497,10
2024-25,MIL,48.0,49.0,2.3194220027077606,1.6968150889824671,17.956054667284718,-3.6963376006810056,0.58959566320187,-4.295851246036117,2.7966597676191083,0.5,3.008841989507018,0.026738156666015058,0.05787396930034439,287.68326678169973,0.6898691242515967,2,2.1702449804112396,10
2024-25,MIN,49.0,56.0,6.5627297436834375,1.5942834312155931,10.787029655293004,0.6180799232704937,0.7339618552232337,-4.203856581581585,2.6201190040184015,0.7857142857142857,2.6794719497774033,0.14014608302271198,0.1318272137495028,158.8927087874602,0.7577093322319491,3,2.5832983304615587,8
2024-25,NOP,21.0,49.0,4.306749357845985,1.425584136022461,15.314240162072117,2.7417291173278016,0.6875983717774763,-3.1588253818854244,2.83794816124952,0.6428571428571429,2.563006345802532,0.0171584895650512,0.02112253527957433,327.1148977239089,0.830006283843682,1,2.162306567461895,10
2024-25,NYK,51.0,50.0,4.850609735496447,2.5186680779897808,10.70077261261585,14.687026418652641,0.489755292289765,-3.6286915861661777,2.6469581388515624,0.7857142857142857,2.4457580834778185,0.08331224031893983,0.10892115003271087,280.8319297972863,0.7482464604385177,1,2.2323278736070478,10
2024-25,OKC,68.0,57.0,7.6553254437869755,3.4222216228584363,18.40404062729351,15.657253601946792,0.7278036809815951,-3.884017442143397,2.85094401334413,0.6428571428571429,2.523731672055175,0.12594786445020903,0.05782673381265803,126.96839390264022,0.7294115376630167,3,3.0340940685324687,10
2024-25,ORL,41.0,47.0,2.17057130721543,0.5849564085737048,10.469269591740453,-5.468798198742101,0.7820835688955132,-2.9348026363197612,2.7030736584324506,0.8571428571428571,2.5869842780388526,0.01399639065342119,0.030093735063325633,220.33608195618908,0.7623800691644333,2,2.5664285553128403,10
2024-25,PHI,24.0,47.0,4.001454219393996,2.032924948506041,19.916984659082193,1.3511514192258076,0.38136855695699673,-3.9345637312783617,2.519876928483632,0.5714285714285714,2.843562622935247,-0.024630980885054193,0.06292669232402531,192.4205280728876,0.877449409573055,1,2.793257656159706,10
2024-25,PHX,36.0,49.0,3.1212912980704832,1.808616858757587,15.594696409467957,2.9340232070425563,0.5702923046331279,-3.2281068642939954,3.222217822756242,0.6428571428571429,2.7807145365828028,-0.03096104866489779,0.15532324893340707,241.5460719824051,0.7268074239722442,2,2.4516243141293783,10
2024-25,POR,36.0,21.0,-8.382740380325071,-0.5911109853941463,8.76318529462792,-7.456005683060075,0.7658110322228291,-3.157546025703456,2.8925966858511534,0.5,2.802383008747534,0.10990010216261206,0.0751941897333217,302.3334660781582,0.8077202748559535,1,2.1993230954883023,10
2024-25,SAC,40.0,46.0,1.2611454759680285,0.9336499324531354,8.590704633999101,-2.4607905419228495,0.5039149296370754,-3.310596611612912,2.748460716398805,0.5714285714285714,2.824109351765604,-0.1461549537331184,0.13631054840466814,237.75597067187854,0.6986089529815461,2,2.286953611839688,9
2024-25,SAS,34.0,22.0,-6.12935482909045,-0.06797841025703576,12.997566311538499,-10.179320026306515,0.6833087793965188,-3.9625104921900056,2.9423169232106035,0.7142857142857143,2.7523598226123624,0.07098889896470857,0.04599212632924479,273.616159994553,0.7897469927991319,2,2.282794793945776,10
2024-25,TOR,30.0,25.0,-5.230539720948224,0.41002283075911544,13.672514338344255,-9.675223493248069,0.5988080128028255,-3.731632364009433,2.725700772962426,0.7857142857142857,2.3072560370924355,0.1280600967603096,0.046488324981177304,153.20755682167035,0.7783328748146268,3,2.2138851911373227,7
2024-25,UTA,17.0,31.0,-4.763763486686656,-0.6791159227948356,10.091684181743728,-14.519090899053849,0.7402340003836072,-3.3271260784395054,2.210649818837922,0.6428571428571429,2.6523067230800508,0.00358441371426824,0.05609719528997496,128.3532386122557,0.8000522141827004,2,3.121396563522396,9
2024-25,WAS,18.0,15.0,-8.755680896017148,-0.973634036667164,4.087107411932037,-6.843878855236428,0.3914240524866733,-3.0374983435234264,2.5888956074456653,0.5,2.1154420262651903,-0.0552792281705077,0.060155984709724254,83.81954821356845,0.79460168853199,2,3.2645701762127013,7
2025-26,ATL,46.0,40.0,-1.055911699741885,0.1875385998872665,6.066180011076946,-1.445578759181788,0.3907571486105518,-2.724584869117371,2.8639033883315683,0.6428571428571429,2.1969599260568256,0.049560335248567025,0.06206362559434117,142.46324805556554,0.8736585353662949,2,3.3556880110630525,10
2025-26,BKN,20.0,26.0,-6.373693537317249,0.4014598385082879,9.678854085486666,-6.488987275667939,0.39256548944744935,-2.833891883362322,2.950454212128696,0.5714285714285714,2.4814485223434835,-0.02738409593201427,0.10613499086952971,88.78564950102455,0.9318617184434443,2,3.7553191034752422,8
2025-26,BOS,56.0,61.0,9.087181360849472,3.0147002933772766,15.710611057633235,7.419831656067811,0.6699353448275862,-3.216099531576265,3.02923935043447,0.5,2.7833701214610227,0.06395587588063865,0.08189498069671,170.17249487696373,0.7949803484170028,1,2.600787400161156,8
2025-26,CHA,44.0,19.0,-4.936010846328398,0.9019287088834606,10.241432725879378,-5.818522236068028,0.5343857634902411,-4.102243367344349,2.7960182226435584,0.6428571428571429,2.5606970138585536,0.09404235214198847,0.1365414385778346,107.8629581764898,0.7968152675055561,2,2.9086657257914843,8
2025-26,CHI,31.0,39.0,-0.12607618467073145,-1.0047580020527638,4.808707364278043,-8.423092357760238,0.36337941312503214,-3.3695430283336374,2.8965730395657263,0.7857142857142857,2.3914576747636804,0.06600856468283275,0.03909290252234553,253.95307099925407,0.7815259473226956,2,2.309707214274853,10
2025-26,CLE,52.0,64.0,9.176202366345398,3.0212425115249455,12.31785002213568,17.02510391154976,0.4835505896958411,-3.945542308092501,2.6382543395616254,0.7142857142857143,2.966563345426179,0.1260582799865866,0.06352342029865848,314.5217126114726,0.6532150433612499,3,1.8552117304744198,10
2025-26,DAL,26.0,39.0,0.7612586436512858,0.7432334333138355,7.415624212803952,2.0760804279452234,0.5709390319356528,-3.8420053190574053,2.8577386682964954,0.7142857142857143,2.6557361244697866,0.08234295949279277,0.0753899676421552,203.97487450725575,0.8797520614468086,2,2.7338255282742696,10
2025-26,DEN,54.0,50.0,4.291036108333235,1.632885643136534,16.573728157107162,-0.09163200364863777,0.6328507447140923,-3.9960775426446102,2.7928605287781454,0.5714285714285714,2.924202839581338,0.07693121749957585,0.0529844495143231,275.2790358303825,0.7819920545375716,3,2.1855749680680647,10
2025-26,DET,60.0,44.0,2.135027859521932,1.7221724389537802,9.128622628334334,8.712808338505393,0.5573238566131026,-4.450236512260228,2.738534486555391,0.7142857142857143,2.804476321276958,0.045269681016599284,0.033988750421579374,115.26176230157517,0.835096781553486,3,3.150243615886024,10
2025-26,GSW,37.0,48.0,4.495574495574495,3.482293348741959,17.921072709840686,14.873681761836625,0.6961040503622759,-3.492849395786297,3.3380748566940643,0.5714285714285714,2.4605446863309863,0.03382608033169502,0.09713436710184731,253.0100861597824,0.827695525745295,2,2.4153625977371087,10
2025-26,HOU,52.0,52.0,4.293525580608293,3.6448527971518714,18.3509837140074,17.519926157439425,0.5120914028076647,-4.542946479267376,2.882838621386646,0.7142857142857143,3.248975621979023,-0.038569759183044,0.08837572026354035,245.39367014866508,0.6899788725254367,3,2.0691880032230214,10
2025-26,IND,19.0,50.0,2.650496232113886,1.5184397220906647,10.645867185370385,6.025947682027135,0.5854586369481355,-3.8312212508198025,2.7367293396768253,0.5714285714285714,2.9402805531029323,0.09386343627369759,0.038764633181858764,256.49187633629316,0.6838352137116631,2,2.124565369721889,10
2025-26,LAC,42.0,50.0,4.753457296895047,2.36770383248419,14.750276084031398,11.399141400482122,0.420500105507491,-3.4468196093417816,3.076193207578523,0.7142857142857143,2.500545324861571,0.06410964925835873,0.028491440037899753,275.3515731257265,0.7971094234314408,1,2.2942397546671605,10
2025-26,LAL,53.0,50.0,1.72022979299431,1.5944373987118654,12.046374748612227,3.0153389941276094,0.6555451676989599,-3.5713874041422966,2.9228281703029486,0.6428571428571429,2.7801091352060348,0.05195693717724386,0.03703016643240123,218.7724827574265,0.7633067430522072,1,2.381919255341714,10
2025-26,MEM,25.0,48.0,6.763805062904282,0.35867599285388174,4.871765236137477,-11.918907344380731,0.32139624349400314,-3.494291112796368,2.045859028253691,0.5,2.3802265598960766,0.014416743946968902,0.16321949638893304,104.52624259066698,0.9398828131096397,2,3.18065884757163,7
2025-26,MIA,43.0,37.0,0.6800151114469299,0.7501805946853706,8.408064037018548,2.210980486045772,0.6625952752923354,-3.3397892765005097,3.2803042177879926,0.7142857142857143,2.5386772701212164,0.05048715523466042,0.03691677800257383,198.4620400611137,0.8726529560457266,1,2.8116473633722037,10
2025-26,MIL,32.0,48.0,2.1744236862231148,0.5144992470401836,16.12289430879599,-9.85277280702985,0.6709763051813981,-4.114888715658455,2.470539786685159,0.6428571428571429,3.069212687180065,-0.06555637170854543,0.04426746395705605,365.51543123828657,0.7370330979308825,2,1.815326823936999,10
2025-26,MIN,49.0,49.0,5.202409629102922,1.4785521492723752,13.549502362627257,3.9110983087827003,0.8342744513104624,-3.823441068101731,2.82363825108476,0.7142857142857143,2.57585467851604,0.11456958014881849,0.05676364786078353,215.65337905763562,0.7650105366207893,2,2.641420819030624,10
2025-26,NOP,26.0,21.0,-8.745374149904507,-2.082579537652819,10.54489503958863,-17.444139423928036,0.39124479797713746,-4.843639406529519,2.6070297419245843,0.5,3.0384915110740556,-0.01571038770233895,0.07545413845043175,268.8957538401128,0.7242019028291369,4,1.6818279284779014,8
2025-26,NYK,53.0,51.0,4.177476581966899,2.3776521865059834,13.743950431597538,10.8553372842807,0.8452902811932,-3.7341653889948945,3.2557722450639885,0.9285714285714286,2.698779836488946,0.04426253656460878,0.07357582501137935,214.71039421816394,0.7207937718610107,2,2.5693491188943707,10
2025-26,OKC,64.0,68.0,12.54895530816096,3.211767003463562,20.759819951226635,17.212612392717297,0.8776556776556776,-3.5343464028700975,2.5678917280430658,0.5714285714285714,2.584308024552833,0.08198433012489052,0.03408085793002127,165.53010797494937,0.7552422455439087,3,2.732016966793048,10
2025-26,ORL,45.0,41.0,0.5136489824361989,1.1368815935291738,16.740166313936054,-3.929868708713362,0.6644016227180527,-2.918015018038584,2.6743578421722334,0.9285714285714286,2.508606753800552,0.018077636140022623,0.01865544262773599,201.36353187487268,0.7912696391499965,1,2.741230213130389,10
2025-26,PHI,45.0,24.0,-5.650514401286899,-0.670022141967119,9.274462967231338,-7.293855219226643,0.5639834024896265,-3.141104212164612,2.7337006748755655,0.7857142857142857,2.288603706449059,0.06489745063667682,0.035128927282483735,198.96980112852154,0.9151742338691949,1,2.9327548967286936,10
2025-26,PHX,45.0,36.0,-2.862191504840794,-0.6286237852630706,8.788029077168186,-10.137387975788293,0.4156313204276221,-2.9873210220431115,2.976250962982106,0.5714285714285714,2.3667877317864843,-0.01941102635306556,0.07412315124346545,126.57758037523517,0.7988810026050746,2,3.734610775247042,10
2025-26,POR,42.0,36.0,-3.1134216018157135,1.160346348867999,12.377968908918913,-2.3232373607352996,0.6669487939060517,-4.005525925876755,3.455455469490131,0.6428571428571429,2.6035350182516153,0.050176960997307035,0.04049328772172267,215.29069258091576,0.8437480570855767,1,2.4519560446797435,9
2025-26,SAC,22.0,40.0,0.3269548008901113,0.09367918958280302,4.693243487385386,-7.073153071789553,0.6688848341740904,-4.040013103684569,3.6801748336903706,0.7857142857142857,3.0548889704738946,-0.05166109468420287,0.08283879383510809,170.46264405833963,0.7660261925658474,2,2.680907454421142,9
2025-26,SAS,62.0,34.0,-2.9605417559121827,0.21471761469434286,11.455923789486311,-6.868350444675624,0.6994318467494595,-4.502085441656355,3.2236266167850123,0.8571428571428571,2.519291402766822,0.014003126211617114,0.05776805428747418,238.50262709098752,0.8204313224609213,2,2.0703014685523984,8
2025-26,TOR,46.0,30.0,-2.5716262349573027,-0.6858943549577686,11.942796648631388,-11.407734937267351,0.6792474541165641,-3.3988986777798442,3.0285253041942806,0.8571428571428571,2.5989435153757308,0.1035158010052164,0.02719401605265527,144.059068553133,0.7021718926907867,2,2.7672189071376874,10
2025-26,UTA,22.0,17.0,-8.712224344965126,-0.7348116464893543,12.440727608783412,-6.580838989607884,0.5434342357706246,-3.7968323205597736,3.683716797387708,0.5714285714285714,2.7810264967068044,-0.0343579118647417,0.13740854372933747,335.1948417845053,0.8177403901570487,2,1.8942770535986009,10
2025-26,WAS,17.0,18.0,-12.321404012413462,-2.651088005978899,4.645252960265366,-17.152896240035666,0.5723974031996291,-3.518856055311449,3.639169094162568,0.5714285714285714,2.3247407538757416,-0.049091966802701746,0.07168872170177717,153.41637965250567,0.9618050001486135,1,2.7282838335581125,7
