model,n_features,mae,rmse,r2,corr
talent + continuity,4,7.223218353724379,9.228589086518506,0.42176722441019154,0.6517450592297295
talent + continuity + complementarity,5,7.307997439325724,9.21786872722812,0.42310984842466226,0.6530721392100114
last season + talent + structure,9,7.3573070901827,9.314453160658081,0.41095725248427795,0.6491343759485895
talent + continuity + structure,8,7.386869184155812,9.353699399780657,0.40598295821192465,0.6452614904959151
talent + continuity + blob shape,8,7.448796625618621,9.301055505361234,0.4126505598382102,0.6472890118584108
last season + talent,4,7.548178582874655,9.601113629309658,0.3741427231399532,0.6136834390174111
talent only,3,7.633006359054803,9.648809533040906,0.3679090766559836,0.6083218281117445
everything,13,7.660024782280334,9.487565194486615,0.38885870046334403,0.6349835595126305
last season's net rating,1,8.454021615765619,10.361297357065142,0.27111273530444213,0.5207260354532035
last season's wins,1,8.52861001966388,10.38660280564265,0.26754805754326505,0.5173332931208485
league average (41 wins),0,10.015123456790123,12.136234418923204,0.0,
