team,pred_best,wins82,prior_wins82,miss,talent_mw,continuity
OKC,63.52536754388287,64.0,68.0,0.4746324561171278,3.211767003463562,0.8776556776556776
GSW,60.44677439501639,37.0,48.0,-23.44677439501639,3.482293348741959,0.6961040503622759
HOU,58.4138831461146,52.0,52.0,-6.4138831461146,3.644852797151872,0.5120914028076647
NYK,56.649001757255135,53.0,51.0,-3.649001757255135,2.3776521865059834,0.8452902811932
BOS,55.3814912822555,56.0,61.0,0.618508717744497,3.0147002933772766,0.6699353448275862
CLE,54.39368350356578,52.0,64.0,-2.393683503565782,3.021242511524945,0.4835505896958411
MIN,50.039155993447366,49.0,49.0,-1.0391559934473662,1.4785521492723752,0.8342744513104624
LAC,48.46463398261162,42.0,50.0,-6.464633982611623,2.36770383248419,0.420500105507491
DET,46.96614298986634,60.0,44.0,13.033857010133659,1.7221724389537802,0.5573238566131026
LAL,46.75421840568264,53.0,50.0,6.245781594317357,1.5944373987118654,0.6555451676989599
IND,45.82096804097997,19.0,50.0,-26.82096804097997,1.5184397220906647,0.5854586369481355
DEN,45.80775800795251,54.0,50.0,8.192241992047492,1.632885643136534,0.6328507447140923
POR,43.33176459931014,42.0,36.0,-1.3317645993101408,1.160346348867999,0.6669487939060517
ORL,42.911700573846055,45.0,41.0,2.088299426153945,1.1368815935291738,0.6644016227180527
MIA,42.3911724223622,43.0,37.0,0.6088275776377969,0.7501805946853706,0.6625952752923354
DAL,40.46914757898327,26.0,39.0,-14.469147578983268,0.7432334333138355,0.5709390319356528
CHA,38.35021703758356,44.0,19.0,5.649782962416438,0.9019287088834606,0.5343857634902411
MIL,38.26535249508889,32.0,48.0,-6.265352495088891,0.5144992470401836,0.6709763051813981
SAS,38.01674407969204,62.0,34.0,23.98325592030796,0.2147176146943428,0.6994318467494595
SAC,36.44011627180065,22.0,40.0,-14.440116271800647,0.093679189582803,0.6688848341740904
ATL,33.14330420562681,46.0,40.0,12.856695794373188,0.1875385998872665,0.3907571486105518
BKN,32.91722743673417,20.0,26.0,-12.917227436734173,0.4014598385082879,0.3925654894474493
TOR,31.95570375099297,46.0,30.0,14.04429624900703,-0.6858943549577686,0.6792474541165641
PHI,30.840434067513637,45.0,24.0,14.159565932486363,-0.670022141967119,0.5639834024896265
UTA,30.4861873332971,22.0,17.0,-8.4861873332971,-0.7348116464893543,0.5434342357706246
MEM,29.48992325115768,25.0,48.0,-4.4899232511576805,0.3586759928538817,0.3213962434940031
PHX,27.27185089746861,45.0,36.0,17.72814910253139,-0.6286237852630706,0.4156313204276221
CHI,24.730469747796683,31.0,39.0,6.269530252203317,-1.0047580020527638,0.3633794131250321
WAS,18.303737018254253,17.0,18.0,-1.3037370182542531,-2.651088005978899,0.5723974031996291
NOP,17.70170583244881,26.0,21.0,8.298294167551191,-2.082579537652819,0.3912447979771374
