season,team,n,redundancy,eff_roles,coverage,complementarity,fragility,connector,team_id,net
2018-19,ATL,12,-3.025928063250816,2.5579339346294776,0.6428571428571429,0.05909348591714682,0.20010480172778428,Trae Young,1610612737,-4.884311698835164
2018-19,BKN,13,-3.620287984330366,2.651337955951601,0.6428571428571429,0.028444845520993273,0.025520358882476394,Ed Davis,1610612751,-0.04670873547927279
2018-19,BOS,11,-2.742249237501295,3.387774847523466,0.7857142857142857,-0.005508973298014214,0.04517973260832775,Marcus Smart,1610612738,4.525879826902668
2018-19,CHA,15,-3.080261933252901,3.148471156585085,1.0,0.04072594335590116,0.010305471762572144,Bismack Biyombo,1610612766,-1.4627096436106823
2018-19,CHI,13,-4.3519696661365215,4.540458563342611,0.7857142857142857,0.06039141520016997,0.01720362547009277,Zach LaVine,1610612741,-8.347783007183551
2018-19,CLE,14,-2.4005559557695197,3.035460856789815,0.6428571428571429,0.03499944952468833,0.06231861901481538,Larry Nance Jr.,1610612739,-9.607029816806033
2018-19,DAL,13,-3.500747556385469,2.9544954993335897,0.6428571428571429,0.057738705682550996,0.07898777730935864,Luka Doncic,1610612742,-1.1958532864585703
2018-19,DEN,11,-3.1136609078739963,2.7003020151375856,0.7857142857142857,0.09195860256909684,0.040542475877361143,Nikola Jokic,1610612743,3.899168797278163
2018-19,DET,14,-4.213306610411433,2.9922856677575598,0.6428571428571429,0.0660088143767077,0.05983921885404372,Andre Drummond,1610612765,-0.13004366409474777
2018-19,GSW,13,-3.7861226775546863,3.526420818810879,0.5714285714285714,0.11266516802655689,0.035020855917139396,Draymond Green,1610612744,6.664351848488836
2018-19,HOU,12,-4.1831998906987415,2.674511530203183,0.5714285714285714,0.03551938109076075,0.07634898739718138,Clint Capela,1610612745,4.501229415250685
2018-19,IND,12,-3.40519897291077,3.537046633280882,0.7857142857142857,0.05098712474983123,0.028939323452771355,Bojan Bogdanovic,1610612754,3.4281629849360673
2018-19,LAC,12,-3.6615768274277554,3.189994428486977,0.8571428571428571,0.03078489675745741,0.06447926765126331,Patrick Beverley,1610612746,0.8906605380402555
2018-19,LAL,14,-3.230286497944955,3.3307814794783197,0.8571428571428571,0.05177371540617601,0.03136594974487163,Tyson Chandler,1610612747,-0.6936736991730807
2018-19,MEM,15,-3.528995350485417,3.3270728356729147,0.9285714285714286,0.02176756347672214,0.04375415876190073,Jonas Valanciunas,1610612763,-1.0396958980878779
2018-19,MIA,11,-3.1757220290198225,2.5097663496064646,0.8571428571428571,0.04789493843571635,0.019199345527487845,Rodney McGruder,1610612748,-0.07818067753841973
2018-19,MIL,15,-3.121917836016168,2.7455291593527225,0.6428571428571429,0.06837820977769114,0.04969428677981044,Giannis Antetokounmpo,1610612749,8.747800997226163
2018-19,MIN,13,-3.5313479203545346,3.0967623657181234,0.7857142857142857,0.030573248063192764,0.032292661859869294,Derrick Rose,1610612750,-1.4972654285147824
2018-19,NOP,13,-2.8318746361998515,2.9499147402018018,0.7857142857142857,0.06313568216980837,0.015823597056407616,Darius Miller,1610612740,-0.23451950960964307
2018-19,NYK,13,-2.7980259670285488,2.122964544133777,0.7857142857142857,-0.009930564432235724,0.06654314284419804,Kevin Knox,1610612752,-8.021546532061684
2018-19,OKC,12,-3.3417976131029277,2.6419409972066616,0.7857142857142857,0.09332417486450678,0.05871106011886335,Steven Adams,1610612760,3.1418171804087125
2018-19,ORL,11,-3.561299603136177,3.4876638020465665,0.7142857142857143,0.08988220202343598,0.046512744753789824,D.J. Augustin,1610612753,0.6412471386818552
2018-19,PHI,15,-3.800558824963561,3.474009722596946,0.7857142857142857,0.01717610831162349,0.06706795046202611,JJ Redick,1610612755,2.914440336410018
2018-19,PHX,13,-3.6391971278323023,3.228646010017724,0.9285714285714286,0.04398041440691301,0.012857745682550187,Deandre Ayton,1610612756,-8.416551665858085
2018-19,POR,12,-2.885141341398941,3.1511758847938536,0.7142857142857143,0.06155247501069252,0.04662641423362007,Damian Lillard,1610612757,3.919414758659645
2018-19,SAC,13,-2.5557964798556805,3.1237330187385006,0.7857142857142857,0.024280877977274917,0.027618915542367086,Nemanja Bjelica,1610612758,-1.088272338624785
2018-19,SAS,10,-3.7326330543126964,2.8216797700930387,0.6428571428571429,0.006372704984759625,0.029220813874606347,Dante Cunningham,1610612759,2.0009213560485684
2018-19,TOR,10,-3.622500033914222,2.984639277835364,0.6428571428571429,0.03917356122676056,0.024520719393786687,Danny Green,1610612761,5.775326053142393
2018-19,UTA,13,-3.2069480152348984,2.582270842642463,0.6428571428571429,0.19379161164540074,0.1399452343811495,Rudy Gobert,1610612762,5.317286540213106
2018-19,WAS,13,-3.471348240084369,3.7159210833780887,0.7142857142857143,0.05291514028690068,0.03902330448699332,Bradley Beal,1610612764,-2.733338437242394
2019-20,ATL,13,-3.518617388272248,2.7489862130715066,0.5714285714285714,0.060459847176788796,0.027675879309799964,Dewayne Dedmon,1610612737,-6.489184692179717
2019-20,BKN,14,-2.274348434335252,2.562763008800823,0.5714285714285714,0.036548279140590216,0.06516814210691062,Jarrett Allen,1610612751,-0.6646505265887725
2019-20,BOS,11,-2.89773701436845,2.9183968324728644,0.7857142857142857,0.024988445455824286,0.032517816434059384,Daniel Theis,1610612738,6.44365827751876
2019-20,CHA,10,-2.5186133088528826,2.5904392720356295,0.7142857142857143,0.04057114888996921,0.036391244220026056,Bismack Biyombo,1610612766,-7.330359472389536
2019-20,CHI,13,-3.2918821758826646,3.4629019433341535,0.7857142857142857,0.047987452865304245,0.05437177543076103,Zach LaVine,1610612741,-3.0430324338084125
2019-20,CLE,11,-3.6399061091335057,2.865379782379221,0.7857142857142857,0.06344631797155424,0.06505552996511918,Kevin Love,1610612739,-7.850761787214511
2019-20,DAL,14,-3.9678664962994286,3.3986719741851235,0.7142857142857143,0.08745672441564764,0.04919639313328638,Luka Doncic,1610612742,4.9301126072919255
2019-20,DEN,13,-3.3816642502265952,2.8347333859988226,0.7142857142857143,0.07467024609845797,0.05564543839327708,Nikola Jokic,1610612743,2.287300516385815
2019-20,DET,13,-3.457261339808549,3.42900513609666,0.7142857142857143,-0.0201668882755073,0.06178109480089016,Derrick Rose,1610612765,-3.5680812910707127
2019-20,GSW,8,-2.9243160571593703,2.9217365656884535,0.7142857142857143,0.04571986017560856,0.028500188814643463,Eric Paschall,1610612744,-8.094931941650962
2019-20,HOU,11,-3.4270988501580155,2.2712636085747366,0.5,0.08246407630229566,0.09083257194227125,James Harden,1610612745,2.6017489190601317
2019-20,IND,13,-3.561397171315461,3.2547095706986053,0.7857142857142857,0.06293237993881802,0.022793677219685192,Justin Holiday,1610612754,2.2927550399848284
2019-20,LAC,12,-3.5750692769060435,2.7912392641534263,0.7857142857142857,-0.0028452835685324387,0.05839107476862349,Patrick Beverley,1610612746,6.150291662932461
2019-20,LAL,12,-3.5810432615663417,2.9982625914285097,0.7857142857142857,0.012681021779555445,0.03811307814298404,Danny Green,1610612747,6.067187444714217
2019-20,MEM,12,-3.7395998521663087,3.314179639146351,0.7142857142857143,0.029274150404849916,0.04606111888516085,Ja Morant,1610612763,-0.6038124644115017
2019-20,MIA,12,-2.9966533736563767,2.793365691454364,0.7142857142857143,0.06783163165560546,0.025638441166775577,Jimmy Butler,1610612748,2.8603462905134602
2019-20,MIL,13,-3.6050238312847815,2.6947125763019213,0.6428571428571429,0.0760508485580366,0.08582653358591115,Giannis Antetokounmpo,1610612749,9.736250457952856
2019-20,MIN,13,-3.555698646851036,3.3286063546379414,0.5,-0.02713342081675387,0.05134259996433042,Karl-Anthony Towns,1610612750,-3.2230359331877567
2019-20,NOP,14,-3.1767954163961236,3.55763082982326,0.7857142857142857,0.06382711581852829,0.028223398491313945,Lonzo Ball,1610612740,-1.2695432256884187
2019-20,NYK,13,-4.244557601142406,3.007020683879757,0.7857142857142857,0.12843156052412402,0.028816296705035743,Elfrid Payton,1610612752,-6.243414697149707
2019-20,OKC,12,-3.4801109036191864,2.8983723768061393,0.7142857142857143,-0.0136410628379126,0.050967736559626484,Terrance Ferguson,1610612760,1.9037235397324048
2019-20,ORL,13,-3.1459068045954077,3.6184037572155536,0.6428571428571429,0.08609833199091965,0.037058186571181775,Markelle Fultz,1610612753,-1.0169800505878346
2019-20,PHI,12,-3.2610562447207045,2.8810630289621195,0.5,0.0800384342603068,0.0754583326914711,Ben Simmons,1610612755,2.438071690896493
2019-20,PHX,12,-3.0691461793252586,2.880423759403214,0.7857142857142857,0.04523442252679522,0.03988377075780128,Devin Booker,1610612756,0.5503576889983819
2019-20,POR,11,-4.155711171004766,3.2266891908385733,0.5714285714285714,-0.061569798895632195,0.14141745222555488,Hassan Whiteside,1610612757,-1.0373998533893536
2019-20,SAC,12,-2.9244210853798402,3.087846735911276,0.7857142857142857,0.04604423913257408,0.010227833701004413,Richaun Holmes,1610612758,-2.1749802071097113
2019-20,SAS,11,-3.6292159501010937,3.4346136044625664,0.7142857142857143,0.05487248611033467,0.04661383684384038,Dejounte Murray,1610612759,-1.0092617243597335
2019-20,TOR,12,-3.4678307017389867,3.5138791613523312,0.6428571428571429,0.026655332152107702,0.020386686195550126,Serge Ibaka,1610612761,6.067505896494585
2019-20,UTA,10,-2.8244128161098154,2.3259791691092944,0.5,0.07622403721328645,0.12522573418707655,Royce O'Neale,1610612762,2.3908990007122766
2019-20,WAS,14,-3.8738781436790855,3.8430460513732,0.8571428571428571,0.04333280517910738,0.015085802327729585,Ish Smith,1610612764,-4.45964111006083
2020-21,ATL,13,-3.9774945862237376,2.8998685886780486,0.7142857142857143,0.060034881001626315,0.037008110990187,Clint Capela,1610612737,2.2891836428930556
2020-21,BKN,13,-3.240182506083801,3.0511850899894335,0.7857142857142857,0.07725629824327532,0.035855972653016134,DeAndre Jordan,1610612751,4.903771758244413
2020-21,BOS,11,-2.645713643043858,2.6971488285439547,0.7142857142857143,0.02236436904140729,0.03324809153545431,Marcus Smart,1610612738,2.4079312867935743
2020-21,CHA,13,-2.642372156785796,3.0232815079412227,0.7142857142857143,0.028021242749328483,0.04496580227670974,Bismack Biyombo,1610612766,-2.0171541005376437
2020-21,CHI,14,-3.664728214322445,3.8439236417098424,0.7857142857142857,0.033663634516625546,0.047030533903089186,Zach LaVine,1610612741,-0.95297108379504
2020-21,CLE,13,-2.5361900066708403,2.9803144885560973,0.8571428571428571,0.096449914604649,0.058747686127305375,Jarrett Allen,1610612739,-7.401224914833615
2020-21,DAL,14,-3.6270281552937615,3.099033523617105,0.7857142857142857,0.04956225799900477,0.05962394173447767,Luka Doncic,1610612742,2.0052320270201873
2020-21,DEN,12,-3.488842166900293,2.9410248336946254,0.7142857142857143,0.0035881536658274983,0.033037723541388904,Austin Rivers,1610612743,4.953453639322802
2020-21,DET,14,-3.335027720362992,3.4578134950508495,0.6428571428571429,0.06451060478814838,0.01852404353634931,Mason Plumlee,1610612765,-4.105033421937887
2020-21,GSW,12,-3.4629126826852104,3.5400302815127658,0.5714285714285714,0.06935203914035899,0.05139693025569337,Draymond Green,1610612744,0.9484811180013208
2020-21,HOU,16,-2.4117394848715983,2.7677522738421376,0.7857142857142857,0.009005854155359764,0.042787831039320184,Christian Wood,1610612745,-5.898947561591639
2020-21,IND,12,-3.2528952407120735,2.9603572758396814,0.7857142857142857,0.08112846509664585,0.03822936198754552,Domantas Sabonis,1610612754,0.008351612643564543
2020-21,LAC,13,-3.375905777513808,3.5351731103591884,0.8571428571428571,0.07701289150134424,0.04979023905739863,Ivica Zubac,1610612746,6.116106962997714
2020-21,LAL,13,-3.4820667244507844,3.0188599018304867,0.7142857142857143,0.045800155985912056,0.03928711654788114,Montrezl Harrell,1610612747,3.216885624113841
2020-21,MEM,12,-2.987995350046499,2.9343576330454577,0.8571428571428571,0.03000500893927472,0.03655420827038678,Dillon Brooks,1610612763,1.255830749556086
2020-21,MIA,15,-2.770961794652032,2.846827509950327,1.0,0.03020536610312457,0.05224907852448381,Bam Adebayo,1610612748,0.2907874587649406
2020-21,MIL,12,-3.8978548410345755,2.986182251068722,0.7142857142857143,0.06306319576830324,0.026707675204751792,Giannis Antetokounmpo,1610612749,5.638109999325058
2020-21,MIN,14,-3.343709159709624,3.2523504154027085,0.8571428571428571,0.0239614755385997,0.026848633355616207,Anthony Edwards,1610612750,-5.22648866047144
2020-21,NOP,12,-3.5374905951965046,3.011414983429101,0.7857142857142857,-0.028882341750261803,0.06850422894431936,Lonzo Ball,1610612740,-0.1722467389115856
2020-21,NYK,12,-2.8910306038409535,2.5292850921441685,0.7142857142857143,0.032187296156825945,0.06567310241751312,Reggie Bullock,1610612752,2.257263800248155
2020-21,OKC,13,-3.148459417554672,3.1929402933787703,0.6428571428571429,0.0746576727498996,0.039680462045031416,Moses Brown,1610612760,-10.227914243900504
2020-21,ORL,13,-2.2953702180609503,3.35939008794934,0.6428571428571429,0.03755707237431516,0.048718526658858306,Dwayne Bacon,1610612753,-9.049075573101796
2020-21,PHI,13,-3.7348657146171993,2.6814955508765075,0.5714285714285714,0.09234651265083543,0.04783121113641897,Ben Simmons,1610612755,5.956591825711577
2020-21,PHX,12,-3.7225161012113483,2.914711889756076,0.7857142857142857,0.11507983013898918,0.03721548439509974,Chris Paul,1610612756,5.712826838285512
2020-21,POR,10,-3.7584162279278783,2.846541970822231,0.5714285714285714,0.034122628107193576,0.11879417821119381,Robert Covington,1610612757,1.4810801726578005
2020-21,SAC,11,-3.6039085487823668,2.9393650465113415,0.7142857142857143,0.04494125024015339,0.05309787362555967,Buddy Hield,1610612758,-3.666651727608672
2020-21,SAS,11,-3.354836788255984,2.9229435157772685,0.6428571428571429,0.055208208410622385,0.02626473390939024,Dejounte Murray,1610612759,-1.624960906333528
2020-21,TOR,13,-3.1670078542337836,3.478097069507783,0.6428571428571429,0.04657050227824883,0.03970286743881192,Khem Birch,1610612761,0.32339749232759285
2020-21,UTA,10,-3.5114576929319443,2.5422064813558753,0.7142857142857143,0.13039576165834182,0.09064473247567018,Rudy Gobert,1610612762,9.254585232972845
2020-21,WAS,12,-3.8539105957736677,3.044976111256727,0.7857142857142857,0.052074459365774796,0.04328002116726237,Davis Bertans,1610612764,-1.4406138020268688
2021-22,ATL,11,-3.815228951488492,2.6365772937603276,0.7857142857142857,0.056807105219495876,0.02427384773056797,John Collins,1610612737,1.5662133568095316
2021-22,BKN,14,-3.9111233277042365,3.1002181546474077,0.7857142857142857,0.0006980328008820303,0.03398512333483451,Patty Mills,1610612751,2.581918938860661
2021-22,BOS,12,-2.617850027291479,2.8711867948124716,0.7857142857142857,0.11083175460911239,0.0692484819659708,Robert Williams III,1610612738,7.4225102196560755
2021-22,CHA,10,-2.950161920125496,2.8886828733751093,0.7857142857142857,0.040128009283107634,0.01587871429891874,P.J. Washington,1610612766,0.8441639701807446
2021-22,CHI,14,-3.530647760795295,2.984072191980196,0.6428571428571429,0.06514123311255202,0.08979241020910642,Nikola Vucevic,1610612741,-0.4200567082303541
2021-22,CLE,14,-3.523726267646478,3.3688443506383745,0.8571428571428571,0.08954149557306997,0.05242856722503819,Jarrett Allen,1610612739,2.8468094703944624
2021-22,DAL,13,-3.769828284144376,2.3249913946005307,0.5714285714285714,0.07793801490240172,0.08779488370379736,Luka Doncic,1610612742,3.8684210526315876
2021-22,DEN,13,-3.289178987696359,2.5581943123223083,0.5714285714285714,0.05470331619030117,0.058309337374367665,Nikola Jokic,1610612743,2.533908646684657
2021-22,DET,12,-3.1845288713884314,3.185990975615745,0.8571428571428571,0.08877490417946403,0.016316661476036887,Killian Hayes,1610612765,-7.4363237362580215
2021-22,GSW,14,-2.805679379199535,2.954103034260858,0.7142857142857143,0.06633245577742525,0.03023210467956465,Stephen Curry,1610612744,6.412404606360234
2021-22,HOU,11,-3.257151474736776,3.236269532387564,0.6428571428571429,0.020746631338666006,0.06666067426616425,Christian Wood,1610612745,-8.34495793399903
2021-22,IND,14,-2.4552068737026596,2.810328318127841,0.7857142857142857,0.0397571687445791,0.020166969719949506,Myles Turner,1610612754,-2.2627709807125918
2021-22,LAC,15,-3.063963257676032,3.0888163713753496,0.8571428571428571,0.037046766555082135,0.01983502351415452,Robert Covington,1610612746,-0.040100376220175704
2021-22,LAL,14,-3.9529407853057905,3.1912453739917,0.8571428571428571,-0.04181782534745439,0.02794772007807743,Dwight Howard,1610612747,-1.7640067675987137
2021-22,MEM,13,-4.150956403842921,3.580377707241017,0.7857142857142857,0.043694672441472536,0.025295918835849036,Jaren Jackson Jr.,1610612763,5.744849412162534
2021-22,MIA,11,-3.188994426979765,2.6356698794466626,0.7142857142857143,0.02967093745616741,0.05972227669063371,Jimmy Butler,1610612748,4.640916212525492
2021-22,MIL,14,-3.1042386381827174,2.855947542575152,0.7857142857142857,0.041393404478227015,0.016146687490122873,Jrue Holiday,1610612749,5.35765648734936
2021-22,MIN,12,-3.433975462338908,3.151395558679288,0.8571428571428571,0.05350718184480464,0.028580232640080253,Karl-Anthony Towns,1610612750,2.3795499293045808
2021-22,NOP,13,-3.377604560468197,2.670890456403309,0.7857142857142857,0.08329194720877692,0.04435622059086487,Jonas Valanciunas,1610612740,0.42653428502905655
2021-22,NYK,14,-2.589795049901798,2.320436743529289,0.5714285714285714,-0.03935605872178828,0.019794469160839073,Julius Randle,1610612752,-0.1400123114664975
2021-22,OKC,17,-2.408364299793635,2.984340614048134,0.8571428571428571,0.03663291999822462,0.0555454161604894,Shai Gilgeous-Alexander,1610612760,-7.16416735535883
2021-22,ORL,13,-3.008732852645867,3.4048729462788208,0.7857142857142857,0.027466476068148633,0.018676587300109286,Gary Harris,1610612753,-7.987051159819014
2021-22,PHI,11,-4.7639054846482995,2.7952432122660347,0.5714285714285714,0.09705977531723142,0.05068031837935387,Matisse Thybulle,1610612755,2.568556989630255
2021-22,PHX,13,-3.711189504761327,3.20990100521673,0.7142857142857143,0.07960363563508861,0.019753009901112582,Jae Crowder,1610612756,7.514690501732102
2021-22,POR,15,-3.483340016425531,3.3975154770399936,0.8571428571428571,0.036419048233293574,0.035022567979017115,Anfernee Simons,1610612757,-8.814375522641216
2021-22,SAC,15,-3.1057211635066997,3.084493390577041,0.9285714285714286,0.07269863419584262,0.027497871142863034,De'Aaron Fox,1610612758,-5.400098183603341
2021-22,SAS,13,-3.210028905927377,2.890267368359144,0.8571428571428571,0.06161996642414358,0.03846791996370277,Dejounte Murray,1610612759,1.3488057088754335
2021-22,TOR,14,-3.509886470799734,3.5297483342883167,0.6428571428571429,0.05853956766419717,0.010365185561572988,Khem Birch,1610612761,2.3413773417342743
2021-22,UTA,14,-2.9926369386433165,2.590561143718626,0.7857142857142857,0.0426806663685312,0.08218278393885817,Royce O'Neale,1610612762,6.441326831069527
2021-22,WAS,13,-3.6681921667876134,3.4156173189764667,0.9285714285714286,0.05000701762544299,0.02226785285674833,Daniel Gafford,1610612764,-3.27402929669125
2022-23,ATL,13,-3.630514956511154,2.5353952147852485,0.8571428571428571,0.021652859093768028,0.013153246011071184,Garrison Mathews,1610612737,0.4260085028420679
2022-23,BKN,14,-3.5671750589484525,3.1953351642501833,0.7142857142857143,0.039699173829698654,0.035049045838838465,Nic Claxton,1610612751,2.383361554031138
2022-23,BOS,13,-2.512076234895238,3.1138763555963562,0.7142857142857143,0.08782977988973491,0.03526034139300749,Robert Williams III,1610612738,6.421312301751114
2022-23,CHA,14,-2.665127556979007,2.9578391605288683,0.7142857142857143,0.04980865561884866,0.019938272974017377,P.J. Washington,1610612766,-6.016960006706706
2022-23,CHI,11,-3.7065062351067435,2.9313400960175295,0.7142857142857143,0.07389432242351511,0.09484990700739286,Nikola Vucevic,1610612741,1.5214013526291925
2022-23,CLE,11,-3.1898478751849955,2.702392598032337,0.7857142857142857,0.027171310863428017,0.07735449118079461,Evan Mobley,1610612739,5.794480317037176
2022-23,DAL,12,-4.58138007025793,2.4975334352076617,0.7142857142857143,0.13711759911194332,0.09708497074752165,Luka Doncic,1610612742,1.023220929282731
2022-23,DEN,13,-3.571264277218515,2.7363390191834975,0.7857142857142857,0.05550839720666294,0.03239184599946166,Nikola Jokic,1610612743,3.2024928899365035
2022-23,DET,15,-3.1050583815461383,3.2455863172296104,0.8571428571428571,0.09206039536954194,0.04481444009385911,Killian Hayes,1610612765,-7.692346728989774
2022-23,GSW,12,-2.8657113308294484,2.659882686388237,0.7142857142857143,0.09317503129226924,0.06463694470298618,Kevon Looney,1610612744,1.632106885480611
2022-23,HOU,11,-3.8273190455908708,3.589115158114167,0.5,0.11496742864751962,0.048590973705896295,Jalen Green,1610612745,-8.19485021336508
2022-23,IND,13,-2.791456999142231,3.146066619317845,0.7142857142857143,0.046056268123457325,0.012598012474933834,Tyrese Haliburton,1610612754,-2.988101857293235
2022-23,LAC,14,-2.952939703385375,3.044826364076379,0.7857142857142857,-0.003958753296129141,0.06055141417910283,Nicolas Batum,1610612746,0.7048405609374253
2022-23,LAL,13,-3.3294379427345806,3.3336023554964425,0.7142857142857143,0.025876670108306177,0.018216474189124247,Jarred Vanderbilt,1610612747,1.070411964201412
2022-23,MEM,14,-3.645369802501994,3.303553850798402,0.7857142857142857,0.048312472125201254,0.013321760886387257,Ja Morant,1610612763,3.8488855852236714
2022-23,MIA,12,-2.9077604854079686,2.9425509961246807,0.6428571428571429,0.030591130858465182,0.04636221578275308,Bam Adebayo,1610612748,-0.39164600143417605
2022-23,MIL,12,-3.4143780506262824,2.7184629936337514,0.5714285714285714,0.05174705786488777,0.057526283596256944,Giannis Antetokounmpo,1610612749,4.200523174712423
2022-23,MIN,12,-3.0718852102661365,2.661304681398117,0.7857142857142857,0.07282039097675751,0.044091009195143166,Rudy Gobert,1610612750,0.5422726152329194
2022-23,NOP,13,-3.1924833777269566,3.165909937162186,0.7142857142857143,0.041535503215055766,0.013346161511756598,Jonas Valanciunas,1610612740,2.085946901510649
2022-23,NYK,12,-3.500565635873987,2.855140379165323,0.7857142857142857,0.005178233600678119,0.0673567111772392,Josh Hart,1610612752,2.8380487778117525
2022-23,OKC,14,-2.752466924238628,2.3263615879543695,0.7857142857142857,0.024382422191354607,0.06947200167807521,Shai Gilgeous-Alexander,1610612760,2.276481451592627
2022-23,ORL,14,-2.78611426862718,3.401081126512193,0.7142857142857143,0.013453253812562774,0.02621718939050063,Gary Harris,1610612753,-1.8968486301033316
2022-23,PHI,13,-3.9504077253943928,3.0118418213005396,0.7857142857142857,0.05073334221829225,0.03927101724432842,P.J. Tucker,1610612755,4.431236712240549
2022-23,PHX,15,-3.207288154993622,3.2146072756256197,0.7142857142857143,0.05790080052089634,0.02852028312756511,Chris Paul,1610612756,2.5574950586879197
2022-23,POR,14,-3.5071258691242395,3.306086711966433,0.7142857142857143,0.04495304716824705,0.05142883974571772,Jusuf Nurkic,1610612757,-3.6999764554086045
2022-23,SAC,10,-3.437418141334819,2.599401353153953,0.7142857142857143,0.0769230905092631,0.036029872452545214,De'Aaron Fox,1610612758,2.425397255577888
2022-23,SAS,16,-3.0707370677707853,3.83743118873807,0.8571428571428571,0.02586804751274232,0.01776645546407698,Tre Jones,1610612759,-8.809160388076641
2022-23,TOR,13,-3.576930885606375,3.1686397212138266,0.7857142857142857,0.05027529595084673,0.030333450830706574,Fred VanVleet,1610612761,1.4230033340910664
2022-23,UTA,12,-3.37437577199554,3.0645883586935057,0.7857142857142857,0.0666564744509484,0.032310565474337756,Walker Kessler,1610612762,-0.5816659064661112
2022-23,WAS,13,-4.027502596247676,3.83652601159008,0.7857142857142857,0.04405243485547232,0.023516501708358947,Daniel Gafford,1610612764,-1.2469628357276719
2023-24,ATL,13,-3.4419256900232225,2.6380969004864827,0.9285714285714286,0.037795300200688976,0.02175470844879026,Jalen Johnson,1610612737,-2.187284570688952
2023-24,BKN,13,-2.9581702002393055,2.7598258424325315,0.6428571428571429,0.01521292158079358,0.02418025694621932,Day'Ron Sharpe,1610612751,-2.84944761907735
2023-24,BOS,13,-2.4757872236162126,3.5118775437388945,0.7857142857142857,0.04587039882558735,0.022094967498132365,Jrue Holiday,1610612738,11.317905912184155
2023-24,CHA,16,-2.499907224217354,3.142720004775794,0.7857142857142857,0.03696120683706123,0.0458444498793858,Nick Richards,1610612766,-10.158304874727065
2023-24,CHI,11,-3.6453006994457593,2.9175303835791686,0.5714285714285714,0.09404717386826267,0.08208487798708373,Nikola Vucevic,1610612741,-1.6283119653165423
2023-24,CLE,13,-3.3101656072003274,2.975314523944236,0.6428571428571429,0.09948916804930687,0.05442397595859684,Jarrett Allen,1610612739,2.188983486665119
2023-24,DAL,12,-3.339367835006414,2.360499195002051,0.5714285714285714,0.07648648466014155,0.08718420515517264,Luka Doncic,1610612742,2.5823031292996346
2023-24,DEN,11,-3.716587135449855,2.7144408701554554,0.7857142857142857,0.08503599338497822,0.0886900275363995,Nikola Jokic,1610612743,5.5660387678305945
2023-24,DET,16,-2.5410642533214856,2.788225184712881,0.7857142857142857,0.08275100510357715,0.010255275750025564,Simone Fontecchio,1610612765,-6.79922954746861
2023-24,GSW,12,-3.5095850937287,3.0444003734670426,0.6428571428571429,0.07042124223119328,0.02614482453246477,Draymond Green,1610612744,2.4878007595795726
2023-24,HOU,13,-3.2261312455037516,3.2196523606653944,0.6428571428571429,0.05023393404762921,0.02841087300801496,Alperen Sengun,1610612745,1.341746701568658
2023-24,IND,12,-3.5478030645982233,3.1837750882728932,0.7857142857142857,0.0606356727520276,0.04818956002939356,Tyrese Haliburton,1610612754,2.904898371308584
2023-24,LAC,12,-3.111260128851771,3.16763058625616,0.6428571428571429,-0.08259710523634649,0.0390813116020222,Daniel Theis,1610612746,3.331034367289387
2023-24,LAL,13,-3.5064512418715093,3.4594500099519556,0.8571428571428571,0.03528311289586954,0.03106517869494893,Taurean Prince,1610612747,0.5712314888036696
2023-24,MEM,15,-3.1322227636136137,4.090941945663108,0.7857142857142857,-0.008620581055195607,0.05196200309834993,Trey Jemison,1610612763,-4.540517339321459
2023-24,MIA,14,-3.0446020507383396,3.258082046690589,0.6428571428571429,0.03131931374429956,0.019130045224730694,Bam Adebayo,1610612748,1.7336932911313774
2023-24,MIL,13,-3.756600986550595,2.638716992516548,0.7857142857142857,0.06397308382151091,0.06812139382331034,Damian Lillard,1610612749,2.3194220027077606
2023-24,MIN,10,-4.567260239332101,3.109708322584007,0.7857142857142857,0.10973549480736722,0.07917665917972942,Rudy Gobert,1610612750,6.5627297436834375
2023-24,NOP,11,-3.899626877514431,3.300161471034892,0.7142857142857143,0.05478837364120072,0.030844186813353637,Herbert Jones,1610612740,4.306749357845985
2023-24,NYK,13,-3.321043105137198,2.675796488335254,0.7142857142857143,0.039036836752475323,0.032392431272970236,Josh Hart,1610612752,4.850609735496447
2023-24,OKC,13,-3.411375473629989,2.9367414469327717,0.5714285714285714,0.06877137658452867,0.02966385635415314,Shai Gilgeous-Alexander,1610612760,7.6553254437869755
2023-24,ORL,14,-2.6703796780845592,3.0830644466567163,0.8571428571428571,-0.00019502288324153128,0.020697552666920638,Gary Harris,1610612753,2.17057130721543
2023-24,PHI,14,-3.120646349164231,2.6591164084613683,0.6428571428571429,0.025773644361339887,0.03872944690119105,Tyrese Maxey,1610612755,4.001454219393996
2023-24,PHX,13,-3.0134851285725417,2.9752334799174167,0.5714285714285714,0.06504544109401239,0.04192881582278979,Royce O'Neale,1610612756,3.1212912980704832
2023-24,POR,13,-2.9244597772682246,3.0612591139744025,0.5714285714285714,0.06207178196926858,0.08891646222738311,Deandre Ayton,1610612757,-8.382740380325071
2023-24,SAC,12,-2.9502618733239983,2.5707966462462566,0.6428571428571429,0.08179954645305511,0.04982473703528708,De'Aaron Fox,1610612758,1.2611454759680285
2023-24,SAS,12,-2.872933056352349,3.1293749545067167,0.6428571428571429,0.005795828370340102,0.06353599467852084,Tre Jones,1610612759,-6.12935482909045
2023-24,TOR,13,-3.0345401602936715,3.141888315078992,0.7857142857142857,0.044940257319410155,0.03218525814424094,Jakob Poeltl,1610612761,-5.230539720948224
2023-24,UTA,12,-3.2022039196422623,2.4729302370584487,0.6428571428571429,0.016724079324048194,0.0383494911324992,Kris Dunn,1610612762,-4.763763486686656
2023-24,WAS,13,-3.3431126707721943,3.7681237228164837,0.6428571428571429,0.014981864685916486,0.01734631121265034,Marvin Bagley III,1610612764,-8.755680896017148
2024-25,ATL,14,-3.9151796332987367,2.656799905967989,0.7142857142857143,0.08730574516489407,0.08327962095251924,Trae Young,1610612737,-1.055911699741885
2024-25,BKN,14,-2.4698987054243036,3.3045602461805097,0.7857142857142857,0.03952418261932413,0.05644053638868157,Nic Claxton,1610612751,-6.373693537317249
2024-25,BOS,11,-2.552789565149453,3.0018920306546804,0.7857142857142857,0.07594406721933114,0.03416896757437884,Sam Hauser,1610612738,9.087181360849472
2024-25,CHA,16,-3.2579790264654176,3.252669686680526,0.9285714285714286,0.053826573910025106,0.019765938208463098,LaMelo Ball,1610612766,-4.936010846328398
2024-25,CHI,14,-2.8722717818160928,3.636561992494322,0.7857142857142857,0.00017838799835787032,0.023182579437597068,Coby White,1610612741,-0.12607618467073145
2024-25,CLE,13,-3.3227078429507126,2.8940810247354265,0.8571428571428571,0.1016574380195331,0.04104423925095046,Jarrett Allen,1610612739,9.176202366345398
2024-25,DAL,17,-3.238807643378434,3.0980658648630146,0.9285714285714286,0.015581845958836039,0.01905225705083728,Anthony Davis,1610612742,0.7612586436512858
2024-25,DEN,12,-4.196964885635476,3.4224176870517518,0.8571428571428571,0.05693685665207946,0.038470955159730494,Christian Braun,1610612743,4.291036108333235
2024-25,DET,13,-3.5053441638358134,2.615440585069813,0.9285714285714286,0.06358115877138067,0.030235191576059778,Jalen Duren,1610612765,2.135027859521932
2024-25,GSW,12,-3.060450708999296,2.9379306375203083,0.8571428571428571,0.11716565161013574,0.050258708831299986,Stephen Curry,1610612744,4.495574495574495
2024-25,HOU,14,-3.124803194397884,2.876597145471151,0.7857142857142857,0.07977709310094662,0.026471633674925443,Jabari Smith Jr.,1610612745,4.293525580608293
2024-25,IND,11,-3.043856956233128,2.8285549217710626,0.7142857142857143,0.05629362550267179,0.03844593543121972,Tyrese Haliburton,1610612754,2.650496232113886
2024-25,LAC,12,-4.573214683205512,3.0552182982006584,0.6428571428571429,0.008150852855626457,0.06146081935314938,Nicolas Batum,1610612746,4.753457296895047
2024-25,LAL,12,-3.1612702711402902,2.6147489519232274,0.6428571428571429,0.10714722209686281,0.03801754729916604,Jaxson Hayes,1610612747,1.72022979299431
2024-25,MEM,13,-3.408070203995235,3.37786748078986,0.8571428571428571,0.04808927398963853,0.03210274369126803,Ja Morant,1610612763,6.763805062904282
2024-25,MIA,13,-3.1666375859527056,3.3605690746081907,0.8571428571428571,0.043865935464932865,0.021780896506155254,Bam Adebayo,1610612748,0.6800151114469299
2024-25,MIL,13,-4.317751730565958,2.9943862881344447,0.7857142857142857,0.059422670899152326,0.023418519643098552,Giannis Antetokounmpo,1610612749,2.1744236862231148
2024-25,MIN,10,-3.803281575550351,2.7519268151236544,0.8571428571428571,0.09901852107224139,0.08822285586019217,Rudy Gobert,1610612750,5.202409629102922
2024-25,NOP,19,-3.584018266355109,3.345005540971322,0.9285714285714286,0.0434511524062349,0.026396493687719305,Yves Missi,1610612740,-8.745374149904507
2024-25,NYK,10,-4.282643143498588,3.4433072628123966,0.7857142857142857,0.053033883909424984,0.0652395002802816,Karl-Anthony Towns,1610612752,4.177476581966899
2024-25,OKC,14,-3.3109516269995494,2.728007738969147,0.7142857142857143,0.06807264812539053,0.060607420300971555,Shai Gilgeous-Alexander,1610612760,12.54895530816096
2024-25,ORL,16,-2.871835227632899,3.040747753785781,0.7857142857142857,0.027667050648771528,0.01170255083932974,Goga Bitadze,1610612753,0.5136489824361989
2024-25,PHI,16,-2.949340848758432,3.338342979265909,0.9285714285714286,-0.003015680568182822,0.03219916405853818,Guerschon Yabusele,1610612755,-5.650514401286899
2024-25,PHX,15,-3.062624901112016,3.3113629659107557,0.7142857142857143,-0.003158839408943121,0.07312028613107309,Royce O'Neale,1610612756,-2.862191504840794
2024-25,POR,13,-3.1141108799120465,3.097004828757596,0.5714285714285714,0.06785200484311617,0.0351069029415506,Donovan Clingan,1610612757,-3.1134216018157135
2024-25,SAC,9,-3.7355238160403283,3.1657166314426917,0.7857142857142857,0.006771666800935244,0.046341045227135766,Zach LaVine,1610612758,0.3269548008901113
2024-25,SAS,13,-3.529259141124257,3.6439115342884105,0.8571428571428571,0.016452338882506627,0.02939232933930136,Julian Champagnie,1610612759,-2.9605417559121827
2024-25,TOR,14,-3.2888630386507764,3.3609864025782064,0.7857142857142857,0.07754650374375882,0.0299037664826287,Jakob Poeltl,1610612761,-2.5716262349573027
2024-25,UTA,14,-3.144171605027013,3.047066010678096,0.8571428571428571,0.047844964243992025,0.040947118049462834,Isaiah Collier,1610612762,-8.712224344965126
2024-25,WAS,14,-3.2477491648018706,4.188731743654005,0.8571428571428571,0.0011390687089519675,0.0294704102783316,Alex Sarr,1610612764,-12.321404012413462
2025-26,ATL,15,-2.800975475253881,3.424423725142644,0.7857142857142857,0.033488142884856804,0.026019913079041165,CJ McCollum,1610612737,3.413368206467715
2025-26,BKN,14,-2.7305962005189253,3.696820351257758,0.7857142857142857,0.04330515500979097,0.07295946597220641,Nic Claxton,1610612751,-8.727440577782875
2025-26,BOS,11,-2.8797565086320485,2.802997135263798,0.7142857142857143,0.0839938904730592,0.04434259800006558,Neemias Queta,1610612738,8.747237287889131
2025-26,CHA,12,-3.4238969935682815,2.8406980317293526,0.8571428571428571,0.10004042419843422,0.05775530907753347,Ryan Kalkbrenner,1610612766,6.471769680873107
2025-26,CHI,13,-3.4040653138571964,3.579914159238854,0.7142857142857143,0.03260122032988625,0.03497187735176114,Jalen Smith,1610612741,-1.3323222672914525
2025-26,CLE,15,-3.2249829298389456,2.89676320452129,0.7142857142857143,0.09175754624189975,0.0303344838499838,Jarrett Allen,1610612739,5.89163574799727
2025-26,DAL,16,-3.50063890405093,3.08683709173887,0.9285714285714286,0.003532297499128798,0.04287171223000049,Max Christie,1610612742,-3.1862342709784386
2025-26,DEN,14,-3.555583928354452,2.59813482666447,0.7857142857142857,0.0641811242422381,0.053495511046744486,Nikola Jokić,1610612743,6.061864732169053
2025-26,DET,13,-3.553569989843821,3.0466629626030803,0.7857142857142857,0.024592257927114534,0.021285381283264338,Duncan Robinson,1610612765,9.04121539269218
2025-26,GSW,13,-2.812340314946687,3.7736323761678188,0.6428571428571429,-0.050484418989501345,0.05307343032178968,Stephen Curry,1610612744,2.6558552638394683
2025-26,HOU,12,-3.853304192213874,2.809124818154395,0.7142857142857143,0.0012771510596862171,0.06378342206465579,Reed Sheppard,1610612745,6.296723387595815
2025-26,IND,16,-3.383261505757579,3.2109249199897554,0.7142857142857143,0.035161087879066855,0.06225417697978798,Ivica Zubac,1610612754,-4.354857053254824
2025-26,LAC,14,-3.4239867933080106,3.11107995726988,0.8571428571428571,0.043767809974498466,0.028447274422012933,Kris Dunn,1610612746,2.4501822553149033
2025-26,LAL,12,-3.3138617670679125,2.8296449652312172,0.6428571428571429,0.09733627118903761,0.015703608017828996,Luke Kennard,1610612747,3.3739415763341274
2025-26,MEM,13,-2.480778623121306,3.4054661567895685,0.7142857142857143,-0.03462160655744391,0.021179732376863457,Cedric Coward,1610612763,-4.853994843569054
2025-26,MIA,13,-3.133431323878276,3.4679866662813836,0.7857142857142857,0.04591287376240177,0.02263999715735892,Bam Adebayo,1610612748,3.1033520074406074
2025-26,MIL,16,-3.8816641787352277,3.3099450704306506,0.6428571428571429,0.047998501510779557,0.05254090893845069,Jericho Sims,1610612749,-4.618501799664099
2025-26,MIN,13,-3.423410928803302,2.84869015675149,0.7142857142857143,0.0910106533219193,0.06366269156123396,Rudy Gobert,1610612750,4.243324649536806
2025-26,NOP,12,-3.7362793391847933,3.4212825703295624,0.7857142857142857,0.030051544164022344,0.07379867060795664,Derik Queen,1610612740,-2.4951314216285825
2025-26,NYK,14,-3.816437979350791,3.134371399109884,0.9285714285714286,0.06363638478387387,0.07583560032518419,Karl-Anthony Towns,1610612752,7.739282053271612
2025-26,OKC,14,-3.3396638852320417,3.051292989811163,0.7857142857142857,0.07735755147741546,0.05957162399383785,Shai Gilgeous-Alexander,1610612760,13.187972161267346
2025-26,ORL,15,-2.583026217631091,3.2368561771732662,0.8571428571428571,0.02302459134989811,0.007837766616445639,Wendell Carter Jr.,1610612753,1.6302325026344544
2025-26,PHI,14,-2.7813742591271176,2.7202018602979674,0.7857142857142857,0.029534426464060244,0.015183372753322159,Quentin Grimes,1610612755,0.9342452484438768
2025-26,PHX,14,-3.402507810105598,3.1177711416048743,0.7857142857142857,0.04751603544857435,0.03423721675105061,Royce O'Neale,1610612756,2.3958666668353112
2025-26,POR,13,-2.913551776604765,2.8707687576053087,0.7142857142857143,0.05101475194477188,0.04809477448400262,Donovan Clingan,1610612757,1.5566605152334878
2025-26,SAC,16,-2.870353242910169,3.3838789490962706,0.6428571428571429,0.034086766714416364,0.03157054761342326,Nique Clifford,1610612758,-8.326938982594179
2025-26,SAS,10,-4.204989830935203,3.5144303447283725,0.7142857142857143,0.06562247713940376,0.04934630876836983,Victor Wembanyama,1610612759,8.89823948866284
2025-26,TOR,12,-3.618347421231153,3.265358439511118,0.7857142857142857,0.041164143259562365,0.020783086193154107,Jamal Shead,1610612761,3.971912963374513
2025-26,UTA,16,-3.352050360073922,4.227327994172666,0.8571428571428571,0.02090152732756438,0.04590868980785527,Isaiah Collier,1610612762,-6.964503071674133
2025-26,WAS,14,-2.7462714328162026,3.46157789436627,0.7142857142857143,0.060622494999894076,0.018925103153975602,Julian Reese,1610612764,-10.368019801645989
