season,team,n,redundancy,eff_roles,coverage,scarcity,complementarity,neg_share,fragility,connector,value_sum,value_mw,team_id,net
2025-26,ATL,15,-2.800975475253881,3.424423725142644,0.7857142857142857,2.3961876788830048,0.033488142884856804,0.5032114334877323,0.026019913079041165,CJ McCollum,15.342210644937733,1.1804852911481523,1610612737,3.413368206467715
2025-26,BKN,14,-2.7305962005189253,3.696820351257758,0.7857142857142857,2.6601347192397333,0.04330515500979097,0.4988697470766114,0.07295946597220641,Nic Claxton,-6.4515163292576725,-0.5644078037109779,1610612751,-8.727440577782875
2025-26,BOS,11,-2.8797565086320485,2.802997135263798,0.7142857142857143,2.6767769034702305,0.0839938904730592,0.3784048004848577,0.04434259800006558,Neemias Queta,29.929931022670804,2.390729905068379,1610612738,8.747237287889131
2025-26,CHA,12,-3.4238969935682815,2.8406980317293526,0.8571428571428571,2.6813970210726366,0.10004042419843422,0.4559070587068208,0.05775530907753347,Ryan Kalkbrenner,14.691614926463703,1.7448618496840875,1610612766,6.471769680873107
2025-26,CHI,13,-3.4040653138571964,3.579914159238854,0.7142857142857143,2.6126064677838863,0.03260122032988625,0.441202556345214,0.03497187735176114,Jalen Smith,-6.1985327844700615,-0.6809180161199517,1610612741,-1.3323222672914525
2025-26,CLE,15,-3.2249829298389456,2.89676320452129,0.7142857142857143,2.712489497147484,0.09175754624189975,0.39426825299644935,0.0303344838499838,Jarrett Allen,22.675667331508908,1.7601723524611326,1610612739,5.89163574799727
2025-26,DAL,16,-3.50063890405093,3.08683709173887,0.9285714285714286,2.8658956370235913,0.003532297499128798,0.4133839435804864,0.04287171223000049,Max Christie,17.64217640159359,0.4840701252473443,1610612742,-3.1862342709784386
2025-26,DEN,14,-3.555583928354452,2.59813482666447,0.7857142857142857,2.850440319573251,0.0641811242422381,0.4692701303124489,0.053495511046744486,Nikola Jokić,8.714626502404753,1.0728778492970712,1610612743,6.061864732169053
2025-26,DET,13,-3.553569989843821,3.0466629626030803,0.7857142857142857,2.7959904104103663,0.024592257927114534,0.46582992849140487,0.021285381283264338,Duncan Robinson,30.299172205217115,2.1556677970360782,1610612765,9.04121539269218
2025-26,GSW,13,-2.812340314946687,3.7736323761678188,0.6428571428571429,2.3691055732177886,-0.050484418989501345,0.5928168373474787,0.05307343032178968,Stephen Curry,25.70322313336178,2.045390350698304,1610612744,2.6558552638394683
2025-26,HOU,12,-3.853304192213874,2.809124818154395,0.7142857142857143,2.966712883838683,0.0012771510596862171,0.40254800298240323,0.06378342206465579,Reed Sheppard,29.853584611765026,2.2242929829661335,1610612745,6.296723387595815
2025-26,IND,16,-3.383261505757579,3.2109249199897554,0.7142857142857143,2.5966228238475946,0.035161087879066855,0.4441174089425065,0.06225417697978798,Ivica Zubac,1.1558343060769634,-0.03574305841629776,1610612754,-4.354857053254824
2025-26,LAC,14,-3.4239867933080106,3.11107995726988,0.8571428571428571,2.5386482982721392,0.043767809974498466,0.45828396297405405,0.028447274422012933,Kris Dunn,27.41644260924872,1.7510043343613315,1610612746,2.4501822553149033
2025-26,LAL,12,-3.3138617670679125,2.8296449652312172,0.6428571428571429,3.221058577508294,0.09733627118903761,0.4126008257911537,0.015703608017828996,Luke Kennard,15.940142337140255,1.55697497361428,1610612747,3.3739415763341274
2025-26,MEM,13,-2.480778623121306,3.4054661567895685,0.7142857142857143,2.2759528034449854,-0.03462160655744391,0.523560265700914,0.021179732376863457,Cedric Coward,-4.721110270398188,-0.07847396298822819,1610612763,-4.853994843569054
2025-26,MIA,13,-3.133431323878276,3.4679866662813836,0.7857142857142857,2.5059998248430193,0.04591287376240177,0.4296911371127421,0.02263999715735892,Bam Adebayo,10.708235932560767,0.7723795946421409,1610612748,3.1033520074406074
2025-26,MIL,16,-3.8816641787352277,3.3099450704306506,0.6428571428571429,2.9568028189570685,0.047998501510779557,0.43473431797129053,0.05254090893845069,Jericho Sims,-2.8526102869921894,0.16386363717408015,1610612749,-4.618501799664099
2025-26,MIN,13,-3.423410928803302,2.84869015675149,0.7142857142857143,2.523957369921541,0.0910106533219193,0.4882937967495294,0.06366269156123396,Rudy Gobert,12.49527720997502,1.011393382206694,1610612750,4.243324649536806
2025-26,NOP,12,-3.7362793391847933,3.4212825703295624,0.7857142857142857,2.8746953988608195,0.030051544164022344,0.4600489835482021,0.07379867060795664,Derik Queen,-2.376671928970473,-0.19913586115100745,1610612740,-2.4951314216285825
2025-26,NYK,14,-3.816437979350791,3.134371399109884,0.9285714285714286,2.750965474220851,0.06363638478387387,0.430370997993646,0.07583560032518419,Karl-Anthony Towns,28.560815319100964,2.4474146127540175,1610612752,7.739282053271612
2025-26,OKC,14,-3.3396638852320417,3.051292989811163,0.7857142857142857,2.720800503970262,0.07735755147741546,0.45514515218224716,0.05957162399383785,Shai Gilgeous-Alexander,39.20147361589977,2.9337147408338793,1610612760,13.187972161267346
2025-26,ORL,15,-2.583026217631091,3.2368561771732662,0.8571428571428571,2.361408269367021,0.02302459134989811,0.4390520713353555,0.007837766616445639,Wendell Carter Jr.,12.384598152647447,0.41323401263952897,1610612753,1.6302325026344544
2025-26,PHI,14,-2.7813742591271176,2.7202018602979674,0.7857142857142857,2.4570965523068313,0.029534426464060244,0.46560543967995366,0.015183372753322159,Quentin Grimes,11.041290759394762,0.7136615227470998,1610612755,0.9342452484438768
2025-26,PHX,14,-3.402507810105598,3.1177711416048743,0.7857142857142857,2.708685275669106,0.04751603544857435,0.49153815734785583,0.03423721675105061,Royce O'Neale,14.190260718835377,1.1561493513530603,1610612756,2.3958666668353112
2025-26,POR,13,-2.913551776604765,2.8707687576053087,0.7142857142857143,2.539494833498399,0.05101475194477188,0.3768847829505137,0.04809477448400262,Donovan Clingan,14.991480100303743,1.4351584318830275,1610612757,1.5566605152334878
2025-26,SAC,16,-2.870353242910169,3.3838789490962706,0.6428571428571429,3.072041028234415,0.034086766714416364,0.439307027857161,0.03157054761342326,Nique Clifford,-7.576320067140847,-0.6707647938771263,1610612758,-8.326938982594179
2025-26,SAS,10,-4.204989830935203,3.5144303447283725,0.7142857142857143,2.8468474316262906,0.06562247713940376,0.4171778006074283,0.04934630876836983,Victor Wembanyama,12.530150827109175,1.18132586301677,1610612759,8.89823948866284
2025-26,TOR,12,-3.618347421231153,3.265358439511118,0.7857142857142857,2.6139128549462725,0.041164143259562365,0.388133097920369,0.020783086193154107,Jamal Shead,9.016579437911947,0.7999111721100692,1610612761,3.971912963374513
2025-26,UTA,16,-3.352050360073922,4.227327994172666,0.8571428571428571,2.7215293328138817,0.02090152732756438,0.4700671619361515,0.04590868980785527,Isaiah Collier,3.548918000535151,-0.59425153383135,1610612762,-6.964503071674133
2025-26,WAS,14,-2.7462714328162026,3.46157789436627,0.7142857142857143,2.452641479943331,0.060622494999894076,0.4133181283615605,0.018925103153975602,Julian Reese,-12.263009611930096,-1.6336435070349455,1610612764,-10.368019801645989
