season,team,wins,games,win_rate,wins82
2000-01,NYK,48,82,0.5853658536585366,48.0
2000-01,PHI,56,82,0.6829268292682927,56.0
2000-01,NJN,26,82,0.3170731707317073,26.0
2000-01,CLE,30,82,0.36585365853658536,30.0
2000-01,ORL,43,82,0.524390243902439,43.0
2000-01,WAS,19,82,0.23170731707317074,19.0
2000-01,ATL,25,82,0.3048780487804878,25.0
2000-01,CHH,46,82,0.5609756097560976,46.0
2000-01,TOR,47,82,0.573170731707317,47.0
2000-01,DET,32,82,0.3902439024390244,32.0
2000-01,CHI,15,82,0.18292682926829268,15.0
2000-01,SAC,55,82,0.6707317073170732,55.0
2000-01,DAL,53,82,0.6463414634146342,53.0
2000-01,MIL,52,82,0.6341463414634146,52.0
2000-01,HOU,45,82,0.5487804878048781,45.0
2000-01,MIN,47,82,0.573170731707317,47.0
2000-01,SAS,58,82,0.7073170731707317,58.0
2000-01,IND,41,82,0.5,41.0
2000-01,UTA,53,82,0.6463414634146342,53.0
2000-01,LAC,31,82,0.3780487804878049,31.0
2000-01,GSW,17,82,0.2073170731707317,17.0
2000-01,PHX,51,82,0.6219512195121951,51.0
2000-01,POR,50,82,0.6097560975609756,50.0
2000-01,LAL,56,82,0.6829268292682927,56.0
2000-01,VAN,23,82,0.2804878048780488,23.0
2000-01,SEA,44,82,0.5365853658536586,44.0
2000-01,BOS,36,82,0.43902439024390244,36.0
2000-01,MIA,50,82,0.6097560975609756,50.0
2000-01,DEN,40,82,0.4878048780487805,40.0
2001-02,CLE,29,82,0.35365853658536583,29.0
2001-02,BOS,49,82,0.5975609756097561,49.0
2001-02,NYK,30,82,0.36585365853658536,30.0
2001-02,WAS,37,82,0.45121951219512196,37.0
2001-02,NJN,52,82,0.6341463414634146,52.0
2001-02,IND,42,82,0.5121951219512195,42.0
2001-02,ORL,44,82,0.5365853658536586,44.0
2001-02,TOR,42,82,0.5121951219512195,42.0
2001-02,MIN,50,82,0.6097560975609756,50.0
2001-02,PHI,43,82,0.524390243902439,43.0
2001-02,DAL,57,82,0.6951219512195121,57.0
2001-02,DET,50,82,0.6097560975609756,50.0
2001-02,HOU,28,82,0.34146341463414637,28.0
2001-02,ATL,33,82,0.4024390243902439,33.0
2001-02,SAS,58,82,0.7073170731707317,58.0
2001-02,LAC,39,82,0.47560975609756095,39.0
2001-02,UTA,44,82,0.5365853658536586,44.0
2001-02,MIL,41,82,0.5,41.0
2001-02,PHX,36,82,0.43902439024390244,36.0
2001-02,DEN,27,82,0.32926829268292684,27.0
2001-02,SAC,61,82,0.7439024390243902,61.0
2001-02,SEA,45,82,0.5487804878048781,45.0
2001-02,LAL,58,82,0.7073170731707317,58.0
2001-02,POR,49,82,0.5975609756097561,49.0
2001-02,CHH,44,82,0.5365853658536586,44.0
2001-02,MIA,36,82,0.43902439024390244,36.0
2001-02,CHI,21,82,0.25609756097560976,21.0
2001-02,GSW,21,82,0.25609756097560976,21.0
2001-02,MEM,23,82,0.2804878048780488,23.0
2002-03,MIA,25,82,0.3048780487804878,25.0
2002-03,POR,50,82,0.6097560975609756,50.0
2002-03,DET,50,82,0.6097560975609756,50.0
2002-03,LAC,27,82,0.32926829268292684,27.0
2002-03,NOH,47,82,0.573170731707317,47.0
2002-03,SAC,59,82,0.7195121951219512,59.0
2002-03,UTA,47,82,0.573170731707317,47.0
2002-03,MEM,28,82,0.34146341463414637,28.0
2002-03,GSW,38,82,0.4634146341463415,38.0
2002-03,SAS,60,82,0.7317073170731707,60.0
2002-03,NYK,37,82,0.45121951219512196,37.0
2002-03,LAL,50,82,0.6097560975609756,50.0
2002-03,MIL,42,82,0.5121951219512195,42.0
2002-03,SEA,40,82,0.4878048780487805,40.0
2002-03,DEN,17,82,0.2073170731707317,17.0
2002-03,ORL,42,82,0.5121951219512195,42.0
2002-03,NJN,49,82,0.5975609756097561,49.0
2002-03,IND,48,82,0.5853658536585366,48.0
2002-03,CLE,17,82,0.2073170731707317,17.0
2002-03,ATL,35,82,0.4268292682926829,35.0
2002-03,MIN,51,82,0.6219512195121951,51.0
2002-03,DAL,60,82,0.7317073170731707,60.0
2002-03,CHI,30,82,0.36585365853658536,30.0
2002-03,HOU,43,82,0.524390243902439,43.0
2002-03,PHX,44,82,0.5365853658536586,44.0
2002-03,WAS,37,82,0.45121951219512196,37.0
2002-03,BOS,44,82,0.5365853658536586,44.0
2002-03,TOR,24,82,0.2926829268292683,24.0
2002-03,PHI,48,82,0.5853658536585366,48.0
2003-04,NJN,47,82,0.573170731707317,47.0
2003-04,NYK,39,82,0.47560975609756095,39.0
2003-04,PHI,33,82,0.4024390243902439,33.0
2003-04,MIA,42,82,0.5121951219512195,42.0
2003-04,SAS,57,82,0.6951219512195121,57.0
2003-04,PHX,29,82,0.35365853658536583,29.0
2003-04,LAL,56,82,0.6829268292682927,56.0
2003-04,DAL,52,82,0.6341463414634146,52.0
2003-04,BOS,36,82,0.43902439024390244,36.0
2003-04,ORL,21,82,0.25609756097560976,21.0
2003-04,NOH,41,82,0.5,41.0
2003-04,ATL,28,82,0.34146341463414637,28.0
2003-04,TOR,33,82,0.4024390243902439,33.0
2003-04,DET,54,82,0.6585365853658537,54.0
2003-04,IND,61,82,0.7439024390243902,61.0
2003-04,MIN,58,82,0.7073170731707317,58.0
2003-04,MIL,41,82,0.5,41.0
2003-04,CHI,23,82,0.2804878048780488,23.0
2003-04,WAS,25,82,0.3048780487804878,25.0
2003-04,DEN,43,82,0.524390243902439,43.0
2003-04,UTA,42,82,0.5121951219512195,42.0
2003-04,POR,41,82,0.5,41.0
2003-04,GSW,37,82,0.45121951219512196,37.0
2003-04,SAC,55,82,0.6707317073170732,55.0
2003-04,CLE,35,82,0.4268292682926829,35.0
2003-04,SEA,37,82,0.45121951219512196,37.0
2003-04,LAC,28,82,0.34146341463414637,28.0
2003-04,HOU,45,82,0.5487804878048781,45.0
2003-04,MEM,50,82,0.6097560975609756,50.0
2004-05,NJN,42,82,0.5121951219512195,42.0
2004-05,ATL,13,82,0.15853658536585366,13.0
2004-05,UTA,26,82,0.3170731707317073,26.0
2004-05,PHX,62,82,0.7560975609756098,62.0
2004-05,WAS,45,82,0.5487804878048781,45.0
2004-05,NYK,33,82,0.4024390243902439,33.0
2004-05,PHI,43,82,0.524390243902439,43.0
2004-05,CLE,42,82,0.5121951219512195,42.0
2004-05,MIA,59,82,0.7195121951219512,59.0
2004-05,NOH,18,82,0.21951219512195122,18.0
2004-05,LAL,34,82,0.4146341463414634,34.0
2004-05,MIN,44,82,0.5365853658536586,44.0
2004-05,IND,44,82,0.5365853658536586,44.0
2004-05,CHI,47,82,0.573170731707317,47.0
2004-05,HOU,51,82,0.6219512195121951,51.0
2004-05,MEM,45,82,0.5487804878048781,45.0
2004-05,DEN,49,82,0.5975609756097561,49.0
2004-05,SEA,52,82,0.6341463414634146,52.0
2004-05,SAC,50,82,0.6097560975609756,50.0
2004-05,TOR,33,82,0.4024390243902439,33.0
2004-05,BOS,45,82,0.5487804878048781,45.0
2004-05,POR,27,82,0.32926829268292684,27.0
2004-05,ORL,36,82,0.43902439024390244,36.0
2004-05,LAC,37,82,0.45121951219512196,37.0
2004-05,MIL,30,82,0.36585365853658536,30.0
2004-05,CHA,18,82,0.21951219512195122,18.0
2004-05,SAS,59,82,0.7195121951219512,59.0
2004-05,GSW,34,82,0.4146341463414634,34.0
2004-05,DAL,58,82,0.7073170731707317,58.0
2004-05,DET,54,82,0.6585365853658537,54.0
2005-06,PHI,38,82,0.4634146341463415,38.0
2005-06,MIL,40,82,0.4878048780487805,40.0
2005-06,SAS,63,82,0.7682926829268293,63.0
2005-06,DEN,44,82,0.5365853658536586,44.0
2005-06,PHX,54,82,0.6585365853658537,54.0
2005-06,DAL,60,82,0.7317073170731707,60.0
2005-06,TOR,27,82,0.32926829268292684,27.0
2005-06,WAS,42,82,0.5121951219512195,42.0
2005-06,ORL,36,82,0.43902439024390244,36.0
2005-06,IND,41,82,0.5,41.0
2005-06,CLE,50,82,0.6097560975609756,50.0
2005-06,NOK,38,82,0.4634146341463415,38.0
2005-06,BOS,33,82,0.4024390243902439,33.0
2005-06,NYK,23,82,0.2804878048780488,23.0
2005-06,NJN,49,82,0.5975609756097561,49.0
2005-06,DET,64,82,0.7804878048780488,64.0
2005-06,MEM,49,82,0.5975609756097561,49.0
2005-06,MIA,52,82,0.6341463414634146,52.0
2005-06,MIN,33,82,0.4024390243902439,33.0
2005-06,POR,21,82,0.25609756097560976,21.0
2005-06,CHI,41,82,0.5,41.0
2005-06,CHA,26,82,0.3170731707317073,26.0
2005-06,HOU,34,82,0.4146341463414634,34.0
2005-06,SAC,44,82,0.5365853658536586,44.0
2005-06,UTA,41,82,0.5,41.0
2005-06,SEA,35,82,0.4268292682926829,35.0
2005-06,LAC,47,82,0.573170731707317,47.0
2005-06,LAL,45,82,0.5487804878048781,45.0
2005-06,GSW,34,82,0.4146341463414634,34.0
2005-06,ATL,26,82,0.3170731707317073,26.0
2006-07,MIA,44,82,0.5365853658536586,44.0
2006-07,CHI,49,82,0.5975609756097561,49.0
2006-07,LAL,42,82,0.5121951219512195,42.0
2006-07,PHX,61,82,0.7439024390243902,61.0
2006-07,PHI,35,82,0.4268292682926829,35.0
2006-07,ATL,30,82,0.36585365853658536,30.0
2006-07,CHA,33,82,0.4024390243902439,33.0
2006-07,IND,35,82,0.4268292682926829,35.0
2006-07,ORL,40,82,0.4878048780487805,40.0
2006-07,BOS,24,82,0.2926829268292683,24.0
2006-07,NOK,39,82,0.47560975609756095,39.0
2006-07,NJN,41,82,0.5,41.0
2006-07,TOR,47,82,0.573170731707317,47.0
2006-07,DET,53,82,0.6463414634146342,53.0
2006-07,MIL,28,82,0.34146341463414637,28.0
2006-07,CLE,50,82,0.6097560975609756,50.0
2006-07,WAS,41,82,0.5,41.0
2006-07,MEM,22,82,0.2682926829268293,22.0
2006-07,NYK,33,82,0.4024390243902439,33.0
2006-07,MIN,32,82,0.3902439024390244,32.0
2006-07,SAC,33,82,0.4024390243902439,33.0
2006-07,UTA,51,82,0.6219512195121951,51.0
2006-07,HOU,52,82,0.6341463414634146,52.0
2006-07,SEA,31,82,0.3780487804878049,31.0
2006-07,POR,32,82,0.3902439024390244,32.0
2006-07,LAC,40,82,0.4878048780487805,40.0
2006-07,GSW,42,82,0.5121951219512195,42.0
2006-07,DAL,67,82,0.8170731707317073,67.0
2006-07,SAS,58,82,0.7073170731707317,58.0
2006-07,DEN,45,82,0.5487804878048781,45.0
2007-08,PHI,40,82,0.4878048780487805,40.0
2007-08,CHI,33,82,0.4024390243902439,33.0
2007-08,ATL,37,82,0.45121951219512196,37.0
2007-08,MIL,26,82,0.3170731707317073,26.0
2007-08,CLE,45,82,0.5487804878048781,45.0
2007-08,NOH,56,82,0.6829268292682927,56.0
2007-08,BOS,66,82,0.8048780487804879,66.0
2007-08,PHX,55,82,0.6707317073170732,55.0
2007-08,NJN,34,82,0.4146341463414634,34.0
2007-08,IND,36,82,0.43902439024390244,36.0
2007-08,HOU,55,82,0.6707317073170732,55.0
2007-08,MIN,22,82,0.2682926829268293,22.0
2007-08,SAS,56,82,0.6829268292682927,56.0
2007-08,LAC,23,82,0.2804878048780488,23.0
2007-08,SAC,38,82,0.4634146341463415,38.0
2007-08,MEM,22,82,0.2682926829268293,22.0
2007-08,SEA,20,82,0.24390243902439024,20.0
2007-08,WAS,43,82,0.524390243902439,43.0
2007-08,LAL,57,82,0.6951219512195121,57.0
2007-08,CHA,32,82,0.3902439024390244,32.0
2007-08,DET,59,82,0.7195121951219512,59.0
2007-08,MIA,15,82,0.18292682926829268,15.0
2007-08,DEN,50,82,0.6097560975609756,50.0
2007-08,DAL,51,82,0.6219512195121951,51.0
2007-08,GSW,48,82,0.5853658536585366,48.0
2007-08,POR,41,82,0.5,41.0
2007-08,TOR,41,82,0.5,41.0
2007-08,NYK,23,82,0.2804878048780488,23.0
2007-08,ORL,52,82,0.6341463414634146,52.0
2007-08,UTA,54,82,0.6585365853658537,54.0
2008-09,BOS,62,82,0.7560975609756098,62.0
2008-09,CLE,66,82,0.8048780487804879,66.0
2008-09,CHI,41,82,0.5,41.0
2008-09,MIL,34,82,0.4146341463414634,34.0
2008-09,LAL,65,82,0.7926829268292683,65.0
2008-09,POR,54,82,0.6585365853658537,54.0
2008-09,ORL,59,82,0.7195121951219512,59.0
2008-09,ATL,47,82,0.573170731707317,47.0
2008-09,PHI,41,82,0.5,41.0
2008-09,TOR,33,82,0.4024390243902439,33.0
2008-09,WAS,19,82,0.23170731707317074,19.0
2008-09,NJN,34,82,0.4146341463414634,34.0
2008-09,NYK,32,82,0.3902439024390244,32.0
2008-09,MIA,43,82,0.524390243902439,43.0
2008-09,DET,39,82,0.47560975609756095,39.0
2008-09,IND,36,82,0.43902439024390244,36.0
2008-09,MIN,24,82,0.2926829268292683,24.0
2008-09,SAC,17,82,0.2073170731707317,17.0
2008-09,OKC,23,82,0.2804878048780488,23.0
2008-09,SAS,54,82,0.6585365853658537,54.0
2008-09,PHX,46,82,0.5609756097560976,46.0
2008-09,HOU,53,82,0.6463414634146342,53.0
2008-09,MEM,24,82,0.2926829268292683,24.0
2008-09,UTA,48,82,0.5853658536585366,48.0
2008-09,DEN,54,82,0.6585365853658537,54.0
2008-09,GSW,29,82,0.35365853658536583,29.0
2008-09,NOH,49,82,0.5975609756097561,49.0
2008-09,LAC,19,82,0.23170731707317074,19.0
2008-09,CHA,35,82,0.4268292682926829,35.0
2008-09,DAL,50,82,0.6097560975609756,50.0
2009-10,CLE,61,82,0.7439024390243902,61.0
2009-10,BOS,50,82,0.6097560975609756,50.0
2009-10,DAL,55,82,0.6707317073170732,55.0
2009-10,WAS,26,82,0.3170731707317073,26.0
2009-10,POR,50,82,0.6097560975609756,50.0
2009-10,HOU,42,82,0.5121951219512195,42.0
2009-10,LAL,57,82,0.6951219512195121,57.0
2009-10,LAC,29,82,0.35365853658536583,29.0
2009-10,ATL,53,82,0.6463414634146342,53.0
2009-10,IND,32,82,0.3902439024390244,32.0
2009-10,ORL,59,82,0.7195121951219512,59.0
2009-10,PHI,27,82,0.32926829268292684,27.0
2009-10,TOR,40,82,0.4878048780487805,40.0
2009-10,CHA,44,82,0.5365853658536586,44.0
2009-10,MIA,47,82,0.573170731707317,47.0
2009-10,NYK,29,82,0.35365853658536583,29.0
2009-10,MEM,40,82,0.4878048780487805,40.0
2009-10,DET,27,82,0.32926829268292684,27.0
2009-10,MIN,15,82,0.18292682926829268,15.0
2009-10,NJN,12,82,0.14634146341463414,12.0
2009-10,OKC,50,82,0.6097560975609756,50.0
2009-10,SAC,25,82,0.3048780487804878,25.0
2009-10,SAS,50,82,0.6097560975609756,50.0
2009-10,NOH,37,82,0.45121951219512196,37.0
2009-10,DEN,53,82,0.6463414634146342,53.0
2009-10,UTA,53,82,0.6463414634146342,53.0
2009-10,GSW,26,82,0.3170731707317073,26.0
2009-10,PHX,54,82,0.6585365853658537,54.0
2009-10,CHI,41,82,0.5,41.0
2009-10,MIL,46,82,0.5609756097560976,46.0
2010-11,BOS,56,82,0.6829268292682927,56.0
2010-11,MIA,58,82,0.7073170731707317,58.0
2010-11,POR,48,82,0.5853658536585366,48.0
2010-11,PHX,40,82,0.4878048780487805,40.0
2010-11,LAL,57,82,0.6951219512195121,57.0
2010-11,HOU,43,82,0.524390243902439,43.0
2010-11,CLE,19,82,0.23170731707317074,19.0
2010-11,NJN,24,82,0.2926829268292683,24.0
2010-11,DET,30,82,0.36585365853658536,30.0
2010-11,PHI,41,82,0.5,41.0
2010-11,TOR,22,82,0.2682926829268293,22.0
2010-11,NYK,42,82,0.5121951219512195,42.0
2010-11,MEM,46,82,0.5609756097560976,46.0
2010-11,ATL,44,82,0.5365853658536586,44.0
2010-11,MIN,17,82,0.2073170731707317,17.0
2010-11,SAC,24,82,0.2926829268292683,24.0
2010-11,NOH,46,82,0.5609756097560976,46.0
2010-11,MIL,35,82,0.4268292682926829,35.0
2010-11,OKC,55,82,0.6707317073170732,55.0
2010-11,CHI,62,82,0.7560975609756098,62.0
2010-11,DAL,57,82,0.6951219512195121,57.0
2010-11,CHA,34,82,0.4146341463414634,34.0
2010-11,SAS,61,82,0.7439024390243902,61.0
2010-11,IND,37,82,0.45121951219512196,37.0
2010-11,DEN,50,82,0.6097560975609756,50.0
2010-11,UTA,39,82,0.47560975609756095,39.0
2010-11,GSW,36,82,0.43902439024390244,36.0
2010-11,LAC,32,82,0.3902439024390244,32.0
2010-11,ORL,52,82,0.6341463414634146,52.0
2010-11,WAS,23,82,0.2804878048780488,23.0
2011-12,NYK,36,66,0.5454545454545454,44.72727272727273
2011-12,BOS,39,66,0.5909090909090909,48.45454545454545
2011-12,DAL,36,66,0.5454545454545454,44.72727272727273
2011-12,MIA,46,66,0.696969696969697,57.15151515151515
2011-12,LAL,41,66,0.6212121212121212,50.93939393939394
2011-12,CHI,50,66,0.7575757575757576,62.121212121212125
2011-12,OKC,47,66,0.7121212121212122,58.39393939393939
2011-12,ORL,37,66,0.5606060606060606,45.96969696969697
2011-12,GSW,23,66,0.3484848484848485,28.575757575757574
2011-12,LAC,40,66,0.6060606060606061,49.696969696969695
2011-12,WAS,20,66,0.30303030303030304,24.848484848484848
2011-12,NJN,22,66,0.3333333333333333,27.333333333333332
2011-12,CHA,7,66,0.10606060606060606,8.696969696969697
2011-12,MIL,31,66,0.4696969696969697,38.515151515151516
2011-12,HOU,34,66,0.5151515151515151,42.24242424242424
2011-12,CLE,21,66,0.3181818181818182,26.09090909090909
2011-12,TOR,23,66,0.3484848484848485,28.575757575757574
2011-12,IND,42,66,0.6363636363636364,52.18181818181818
2011-12,DET,25,66,0.3787878787878788,31.060606060606062
2011-12,MIN,26,66,0.3939393939393939,32.303030303030305
2011-12,DEN,38,66,0.5757575757575758,47.21212121212121
2011-12,SAS,50,66,0.7575757575757576,62.121212121212125
2011-12,MEM,41,66,0.6212121212121212,50.93939393939394
2011-12,PHX,33,66,0.5,41.0
2011-12,NOH,21,66,0.3181818181818182,26.09090909090909
2011-12,SAC,22,66,0.3333333333333333,27.333333333333332
2011-12,POR,28,66,0.42424242424242425,34.78787878787879
2011-12,PHI,35,66,0.5303030303030303,43.484848484848484
2011-12,ATL,40,66,0.6060606060606061,49.696969696969695
2011-12,UTA,36,66,0.5454545454545454,44.72727272727273
2012-13,UTA,43,82,0.524390243902439,43.0
2012-13,CHI,45,82,0.5487804878048781,45.0
2012-13,CLE,24,82,0.2926829268292683,24.0
2012-13,DEN,57,82,0.6951219512195121,57.0
2012-13,PHI,34,82,0.4146341463414634,34.0
2012-13,CHA,21,82,0.25609756097560976,21.0
2012-13,MIL,38,82,0.4634146341463415,38.0
2012-13,DET,29,82,0.35365853658536583,29.0
2012-13,DAL,41,82,0.5,41.0
2012-13,GSW,47,82,0.573170731707317,47.0
2012-13,SAC,28,82,0.34146341463414637,28.0
2012-13,NYK,54,82,0.6585365853658537,54.0
2012-13,LAC,56,82,0.6829268292682927,56.0
2012-13,MIA,66,82,0.8048780487804879,66.0
2012-13,LAL,45,82,0.5487804878048781,45.0
2012-13,TOR,34,82,0.4146341463414634,34.0
2012-13,NOH,27,82,0.32926829268292684,27.0
2012-13,ORL,20,82,0.24390243902439024,20.0
2012-13,POR,33,82,0.4024390243902439,33.0
2012-13,MEM,56,82,0.6829268292682927,56.0
2012-13,MIN,31,82,0.3780487804878049,31.0
2012-13,BKN,49,82,0.5975609756097561,49.0
2012-13,SAS,58,82,0.7073170731707317,58.0
2012-13,PHX,25,82,0.3048780487804878,25.0
2012-13,OKC,60,82,0.7317073170731707,60.0
2012-13,HOU,45,82,0.5487804878048781,45.0
2012-13,BOS,41,81,0.5061728395061729,41.50617283950617
2012-13,IND,49,81,0.6049382716049383,49.60493827160494
2012-13,WAS,29,82,0.35365853658536583,29.0
2012-13,ATL,44,82,0.5365853658536586,44.0
2013-14,IND,56,82,0.6829268292682927,56.0
2013-14,ORL,23,82,0.2804878048780488,23.0
2013-14,MIA,54,82,0.6585365853658537,54.0
2013-14,CHI,48,82,0.5853658536585366,48.0
2013-14,LAL,27,82,0.32926829268292684,27.0
2013-14,LAC,57,82,0.6951219512195121,57.0
2013-14,CLE,33,82,0.4024390243902439,33.0
2013-14,BKN,44,82,0.5365853658536586,44.0
2013-14,PHI,19,82,0.23170731707317074,19.0
2013-14,TOR,48,82,0.5853658536585366,48.0
2013-14,BOS,25,82,0.3048780487804878,25.0
2013-14,DET,29,82,0.35365853658536583,29.0
2013-14,WAS,44,82,0.5365853658536586,44.0
2013-14,NYK,37,82,0.45121951219512196,37.0
2013-14,MIL,15,82,0.18292682926829268,15.0
2013-14,HOU,54,82,0.6585365853658537,54.0
2013-14,CHA,43,82,0.524390243902439,43.0
2013-14,MIN,40,82,0.4878048780487805,40.0
2013-14,NOP,34,82,0.4146341463414634,34.0
2013-14,DAL,49,82,0.5975609756097561,49.0
2013-14,ATL,38,82,0.4634146341463415,38.0
2013-14,SAS,62,82,0.7560975609756098,62.0
2013-14,MEM,50,82,0.6097560975609756,50.0
2013-14,UTA,25,82,0.3048780487804878,25.0
2013-14,OKC,59,82,0.7195121951219512,59.0
2013-14,PHX,48,82,0.5853658536585366,48.0
2013-14,POR,54,82,0.6585365853658537,54.0
2013-14,SAC,28,82,0.34146341463414637,28.0
2013-14,DEN,36,82,0.43902439024390244,36.0
2013-14,GSW,51,82,0.6219512195121951,51.0
2014-15,NOP,45,82,0.5487804878048781,45.0
2014-15,ORL,25,82,0.3048780487804878,25.0
2014-15,SAS,55,82,0.6707317073170732,55.0
2014-15,DAL,50,82,0.6097560975609756,50.0
2014-15,LAL,21,82,0.25609756097560976,21.0
2014-15,HOU,56,82,0.6829268292682927,56.0
2014-15,CHA,33,82,0.4024390243902439,33.0
2014-15,MIL,41,82,0.5,41.0
2014-15,IND,38,82,0.4634146341463415,38.0
2014-15,PHI,18,82,0.21951219512195122,18.0
2014-15,BOS,40,82,0.4878048780487805,40.0
2014-15,BKN,38,82,0.4634146341463415,38.0
2014-15,MIA,37,82,0.45121951219512196,37.0
2014-15,WAS,46,82,0.5609756097560976,46.0
2014-15,TOR,49,82,0.5975609756097561,49.0
2014-15,ATL,60,82,0.7317073170731707,60.0
2014-15,MEM,55,82,0.6707317073170732,55.0
2014-15,MIN,16,82,0.1951219512195122,16.0
2014-15,NYK,17,82,0.2073170731707317,17.0
2014-15,CHI,50,82,0.6097560975609756,50.0
2014-15,DEN,30,82,0.36585365853658536,30.0
2014-15,DET,32,82,0.3902439024390244,32.0
2014-15,UTA,38,82,0.4634146341463415,38.0
2014-15,PHX,39,82,0.47560975609756095,39.0
2014-15,SAC,29,82,0.35365853658536583,29.0
2014-15,GSW,67,82,0.8170731707317073,67.0
2014-15,POR,51,82,0.6219512195121951,51.0
2014-15,OKC,45,82,0.5487804878048781,45.0
2014-15,CLE,53,82,0.6463414634146342,53.0
2014-15,LAC,56,82,0.6829268292682927,56.0
2015-16,LAC,53,82,0.6463414634146342,53.0
2015-16,HOU,41,82,0.5,41.0
2015-16,CLE,57,82,0.6951219512195121,57.0
2015-16,IND,45,82,0.5487804878048781,45.0
2015-16,NYK,32,82,0.3902439024390244,32.0
2015-16,LAL,17,82,0.2073170731707317,17.0
2015-16,MIA,48,82,0.5853658536585366,48.0
2015-16,TOR,56,82,0.6829268292682927,56.0
2015-16,OKC,55,82,0.6707317073170732,55.0
2015-16,PHX,23,82,0.2804878048780488,23.0
2015-16,POR,44,82,0.5365853658536586,44.0
2015-16,DET,44,82,0.5365853658536586,44.0
2015-16,ORL,35,82,0.4268292682926829,35.0
2015-16,PHI,10,82,0.12195121951219512,10.0
2015-16,CHI,42,82,0.5121951219512195,42.0
2015-16,ATL,48,82,0.5853658536585366,48.0
2015-16,MIN,29,82,0.35365853658536583,29.0
2015-16,DEN,33,82,0.4024390243902439,33.0
2015-16,SAC,33,82,0.4024390243902439,33.0
2015-16,SAS,67,82,0.8170731707317073,67.0
2015-16,GSW,73,82,0.8902439024390244,73.0
2015-16,MEM,42,82,0.5121951219512195,42.0
2015-16,UTA,40,82,0.4878048780487805,40.0
2015-16,WAS,41,82,0.5,41.0
2015-16,MIL,33,82,0.4024390243902439,33.0
2015-16,BOS,48,82,0.5853658536585366,48.0
2015-16,CHA,48,82,0.5853658536585366,48.0
2015-16,NOP,30,82,0.36585365853658536,30.0
2015-16,DAL,42,82,0.5121951219512195,42.0
2015-16,BKN,21,82,0.25609756097560976,21.0
2016-17,CLE,51,82,0.6219512195121951,51.0
2016-17,NYK,31,82,0.3780487804878049,31.0
2016-17,POR,41,82,0.5,41.0
2016-17,UTA,51,82,0.6219512195121951,51.0
2016-17,GSW,67,82,0.8170731707317073,67.0
2016-17,SAS,61,82,0.7439024390243902,61.0
2016-17,ORL,29,82,0.35365853658536583,29.0
2016-17,MIA,41,82,0.5,41.0
2016-17,IND,42,82,0.5121951219512195,42.0
2016-17,DAL,33,82,0.4024390243902439,33.0
2016-17,BOS,53,82,0.6463414634146342,53.0
2016-17,BKN,20,82,0.24390243902439024,20.0
2016-17,TOR,51,82,0.6219512195121951,51.0
2016-17,DET,37,82,0.45121951219512196,37.0
2016-17,MIL,42,82,0.5121951219512195,42.0
2016-17,CHA,36,82,0.43902439024390244,36.0
2016-17,MEM,43,82,0.524390243902439,43.0
2016-17,MIN,31,82,0.3780487804878049,31.0
2016-17,NOP,34,82,0.4146341463414634,34.0
2016-17,DEN,40,82,0.4878048780487805,40.0
2016-17,PHI,28,82,0.34146341463414637,28.0
2016-17,OKC,47,82,0.573170731707317,47.0
2016-17,PHX,24,82,0.2926829268292683,24.0
2016-17,SAC,32,82,0.3902439024390244,32.0
2016-17,LAL,26,82,0.3170731707317073,26.0
2016-17,HOU,55,82,0.6707317073170732,55.0
2016-17,ATL,43,82,0.524390243902439,43.0
2016-17,WAS,49,82,0.5975609756097561,49.0
2016-17,CHI,41,82,0.5,41.0
2016-17,LAC,51,82,0.6219512195121951,51.0
2017-18,CLE,50,82,0.6097560975609756,50.0
2017-18,BOS,55,82,0.6707317073170732,55.0
2017-18,GSW,58,82,0.7073170731707317,58.0
2017-18,HOU,65,82,0.7926829268292683,65.0
2017-18,DET,39,82,0.47560975609756095,39.0
2017-18,CHA,36,82,0.43902439024390244,36.0
2017-18,IND,48,82,0.5853658536585366,48.0
2017-18,BKN,28,82,0.34146341463414637,28.0
2017-18,ORL,25,82,0.3048780487804878,25.0
2017-18,MIA,44,82,0.5365853658536586,44.0
2017-18,WAS,43,82,0.524390243902439,43.0
2017-18,PHI,52,82,0.6341463414634146,52.0
2017-18,MIL,44,82,0.5365853658536586,44.0
2017-18,MEM,22,82,0.2682926829268293,22.0
2017-18,NOP,48,82,0.5853658536585366,48.0
2017-18,DAL,24,82,0.2926829268292683,24.0
2017-18,ATL,24,82,0.2926829268292683,24.0
2017-18,UTA,48,82,0.5853658536585366,48.0
2017-18,DEN,46,82,0.5609756097560976,46.0
2017-18,SAS,47,82,0.573170731707317,47.0
2017-18,MIN,47,82,0.573170731707317,47.0
2017-18,PHX,21,82,0.25609756097560976,21.0
2017-18,POR,49,82,0.5975609756097561,49.0
2017-18,SAC,27,82,0.32926829268292684,27.0
2017-18,TOR,59,82,0.7195121951219512,59.0
2017-18,CHI,27,82,0.32926829268292684,27.0
2017-18,OKC,48,82,0.5853658536585366,48.0
2017-18,NYK,29,82,0.35365853658536583,29.0
2017-18,LAL,35,82,0.4268292682926829,35.0
2017-18,LAC,42,82,0.5121951219512195,42.0
2018-19,BOS,49,82,0.5975609756097561,49.0
2018-19,PHI,51,82,0.6219512195121951,51.0
2018-19,GSW,57,82,0.6951219512195121,57.0
2018-19,OKC,49,82,0.5975609756097561,49.0
2018-19,CHA,39,82,0.47560975609756095,39.0
2018-19,MIL,60,82,0.7317073170731707,60.0
2018-19,DET,41,82,0.5,41.0
2018-19,BKN,42,82,0.5121951219512195,42.0
2018-19,IND,48,82,0.5853658536585366,48.0
2018-19,MEM,33,82,0.4024390243902439,33.0
2018-19,ORL,42,82,0.5121951219512195,42.0
2018-19,MIA,39,82,0.47560975609756095,39.0
2018-19,NYK,17,82,0.2073170731707317,17.0
2018-19,ATL,29,82,0.35365853658536583,29.0
2018-19,TOR,58,82,0.7073170731707317,58.0
2018-19,CLE,19,82,0.23170731707317074,19.0
2018-19,HOU,53,82,0.6463414634146342,53.0
2018-19,NOP,33,82,0.4024390243902439,33.0
2018-19,SAS,48,82,0.5853658536585366,48.0
2018-19,MIN,36,82,0.43902439024390244,36.0
2018-19,SAC,39,82,0.47560975609756095,39.0
2018-19,UTA,50,82,0.6097560975609756,50.0
2018-19,LAC,48,82,0.5853658536585366,48.0
2018-19,DEN,54,82,0.6585365853658537,54.0
2018-19,PHX,19,82,0.23170731707317074,19.0
2018-19,DAL,33,82,0.4024390243902439,33.0
2018-19,CHI,22,82,0.2682926829268293,22.0
2018-19,WAS,32,82,0.3902439024390244,32.0
2018-19,POR,53,82,0.6463414634146342,53.0
2018-19,LAL,37,82,0.45121951219512196,37.0
2019-20,IND,45,73,0.6164383561643836,50.54794520547945
2019-20,POR,35,74,0.47297297297297297,38.78378378378378
2019-20,OKC,44,72,0.6111111111111112,50.111111111111114
2019-20,SAC,31,72,0.4305555555555556,35.30555555555556
2019-20,GSW,15,65,0.23076923076923078,18.923076923076923
2019-20,LAL,52,71,0.7323943661971831,60.056338028169016
2019-20,ORL,33,73,0.4520547945205479,37.06849315068493
2019-20,MIN,19,64,0.296875,24.34375
2019-20,ATL,20,67,0.29850746268656714,24.47761194029851
2019-20,BKN,35,72,0.4861111111111111,39.861111111111114
2019-20,TOR,53,72,0.7361111111111112,60.361111111111114
2019-20,CHA,23,65,0.35384615384615387,29.015384615384615
2019-20,MIA,44,73,0.6027397260273972,49.42465753424658
2019-20,DAL,43,75,0.5733333333333334,47.013333333333335
2019-20,MEM,34,73,0.4657534246575342,38.19178082191781
2019-20,MIL,56,73,0.7671232876712328,62.9041095890411
2019-20,PHX,34,73,0.4657534246575342,38.19178082191781
2019-20,DET,20,66,0.30303030303030304,24.848484848484848
2019-20,LAC,49,72,0.6805555555555556,55.80555555555556
2019-20,DEN,46,73,0.6301369863013698,51.67123287671233
2019-20,NYK,21,66,0.3181818181818182,26.09090909090909
2019-20,CHI,22,65,0.3384615384615385,27.753846153846155
2019-20,CLE,19,65,0.2923076923076923,23.96923076923077
2019-20,SAS,32,71,0.4507042253521127,36.95774647887324
2019-20,PHI,43,73,0.589041095890411,48.3013698630137
2019-20,NOP,30,72,0.4166666666666667,34.166666666666664
2019-20,WAS,25,72,0.3472222222222222,28.47222222222222
2019-20,UTA,44,72,0.6111111111111112,50.111111111111114
2019-20,BOS,48,72,0.6666666666666666,54.666666666666664
2019-20,HOU,44,72,0.6111111111111112,50.111111111111114
2020-21,DET,20,72,0.2777777777777778,22.77777777777778
2020-21,WAS,34,72,0.4722222222222222,38.72222222222222
2020-21,BKN,48,72,0.6666666666666666,54.666666666666664
2020-21,CHA,33,72,0.4583333333333333,37.583333333333336
2020-21,NOP,31,72,0.4305555555555556,35.30555555555556
2020-21,ORL,21,72,0.2916666666666667,23.916666666666668
2020-21,LAC,47,72,0.6527777777777778,53.52777777777778
2020-21,DEN,47,72,0.6527777777777778,53.52777777777778
2020-21,TOR,27,72,0.375,30.75
2020-21,GSW,39,72,0.5416666666666666,44.416666666666664
2020-21,NYK,41,72,0.5694444444444444,46.69444444444444
2020-21,DAL,42,72,0.5833333333333334,47.833333333333336
2020-21,MEM,38,72,0.5277777777777778,43.27777777777778
2020-21,MIN,23,72,0.3194444444444444,26.194444444444443
2020-21,UTA,52,72,0.7222222222222222,59.22222222222222
2020-21,CHI,31,72,0.4305555555555556,35.30555555555556
2020-21,POR,42,72,0.5833333333333334,47.833333333333336
2020-21,MIL,46,72,0.6388888888888888,52.388888888888886
2020-21,MIA,40,72,0.5555555555555556,45.55555555555556
2020-21,CLE,22,72,0.3055555555555556,25.055555555555557
2020-21,SAS,33,72,0.4583333333333333,37.583333333333336
2020-21,IND,34,72,0.4722222222222222,38.72222222222222
2020-21,OKC,22,72,0.3055555555555556,25.055555555555557
2020-21,BOS,36,72,0.5,41.0
2020-21,ATL,41,72,0.5694444444444444,46.69444444444444
2020-21,SAC,31,72,0.4305555555555556,35.30555555555556
2020-21,LAL,42,72,0.5833333333333334,47.833333333333336
2020-21,HOU,17,72,0.2361111111111111,19.36111111111111
2020-21,PHX,51,72,0.7083333333333334,58.083333333333336
2020-21,PHI,49,72,0.6805555555555556,55.80555555555556
2021-22,PHX,64,82,0.7804878048780488,64.0
2021-22,NOP,36,82,0.43902439024390244,36.0
2021-22,DET,23,82,0.2804878048780488,23.0
2021-22,BOS,51,82,0.6219512195121951,51.0
2021-22,ATL,43,82,0.524390243902439,43.0
2021-22,TOR,48,82,0.5853658536585366,48.0
2021-22,CHI,46,82,0.5609756097560976,46.0
2021-22,MEM,56,82,0.6829268292682927,56.0
2021-22,DEN,48,82,0.5853658536585366,48.0
2021-22,SAC,30,82,0.36585365853658536,30.0
2021-22,UTA,49,82,0.5975609756097561,49.0
2021-22,CHA,43,82,0.524390243902439,43.0
2021-22,GSW,53,82,0.6463414634146342,53.0
2021-22,DAL,52,82,0.6341463414634146,52.0
2021-22,LAL,33,82,0.4024390243902439,33.0
2021-22,ORL,22,82,0.2682926829268293,22.0
2021-22,IND,25,82,0.3048780487804878,25.0
2021-22,SAS,34,82,0.4146341463414634,34.0
2021-22,OKC,24,82,0.2926829268292683,24.0
2021-22,HOU,20,82,0.24390243902439024,20.0
2021-22,LAC,42,82,0.5121951219512195,42.0
2021-22,POR,27,82,0.32926829268292684,27.0
2021-22,NYK,37,82,0.45121951219512196,37.0
2021-22,MIA,53,82,0.6463414634146342,53.0
2021-22,CLE,44,82,0.5365853658536586,44.0
2021-22,WAS,35,82,0.4268292682926829,35.0
2021-22,MIL,51,82,0.6219512195121951,51.0
2021-22,BKN,44,82,0.5365853658536586,44.0
2021-22,PHI,51,82,0.6219512195121951,51.0
2021-22,MIN,46,82,0.5609756097560976,46.0
2022-23,CHI,40,82,0.4878048780487805,40.0
2022-23,OKC,40,82,0.4878048780487805,40.0
2022-23,UTA,37,82,0.45121951219512196,37.0
2022-23,ORL,34,82,0.4146341463414634,34.0
2022-23,SAC,48,82,0.5853658536585366,48.0
2022-23,HOU,22,82,0.2682926829268293,22.0
2022-23,CHA,27,82,0.32926829268292684,27.0
2022-23,BOS,57,82,0.6951219512195121,57.0
2022-23,TOR,41,82,0.5,41.0
2022-23,ATL,41,82,0.5,41.0
2022-23,PHI,54,82,0.6585365853658537,54.0
2022-23,DET,17,82,0.2073170731707317,17.0
2022-23,NYK,47,82,0.573170731707317,47.0
2022-23,GSW,44,82,0.5365853658536586,44.0
2022-23,SAS,22,82,0.2682926829268293,22.0
2022-23,POR,33,82,0.4024390243902439,33.0
2022-23,DAL,38,82,0.4634146341463415,38.0
2022-23,CLE,51,82,0.6219512195121951,51.0
2022-23,NOP,42,82,0.5121951219512195,42.0
2022-23,WAS,35,82,0.4268292682926829,35.0
2022-23,MIN,42,82,0.5121951219512195,42.0
2022-23,PHX,45,82,0.5487804878048781,45.0
2022-23,BKN,45,82,0.5487804878048781,45.0
2022-23,MIL,58,82,0.7073170731707317,58.0
2022-23,DEN,53,82,0.6463414634146342,53.0
2022-23,LAL,43,82,0.524390243902439,43.0
2022-23,LAC,44,82,0.5365853658536586,44.0
2022-23,MEM,51,82,0.6219512195121951,51.0
2022-23,IND,35,82,0.4268292682926829,35.0
2022-23,MIA,44,82,0.5365853658536586,44.0
2023-24,MEM,27,82,0.32926829268292684,27.0
2023-24,LAL,47,82,0.573170731707317,47.0
2023-24,MIN,56,82,0.6829268292682927,56.0
2023-24,ATL,36,82,0.43902439024390244,36.0
2023-24,OKC,57,82,0.6951219512195121,57.0
2023-24,MIL,49,82,0.5975609756097561,49.0
2023-24,SAS,22,82,0.2682926829268293,22.0
2023-24,DEN,57,82,0.6951219512195121,57.0
2023-24,DAL,50,82,0.6097560975609756,50.0
2023-24,DET,14,82,0.17073170731707318,14.0
2023-24,GSW,46,82,0.5609756097560976,46.0
2023-24,NOP,49,82,0.5975609756097561,49.0
2023-24,POR,21,82,0.25609756097560976,21.0
2023-24,HOU,41,82,0.5,41.0
2023-24,LAC,51,82,0.6219512195121951,51.0
2023-24,UTA,31,82,0.3780487804878049,31.0
2023-24,SAC,46,82,0.5609756097560976,46.0
2023-24,PHX,49,82,0.5975609756097561,49.0
2023-24,BOS,64,82,0.7804878048780488,64.0
2023-24,WAS,15,82,0.18292682926829268,15.0
2023-24,CLE,48,82,0.5853658536585366,48.0
2023-24,CHA,21,82,0.25609756097560976,21.0
2023-24,IND,47,82,0.573170731707317,47.0
2023-24,MIA,46,82,0.5609756097560976,46.0
2023-24,TOR,25,82,0.3048780487804878,25.0
2023-24,NYK,50,82,0.6097560975609756,50.0
2023-24,CHI,39,82,0.47560975609756095,39.0
2023-24,ORL,47,82,0.573170731707317,47.0
2023-24,PHI,47,82,0.573170731707317,47.0
2023-24,BKN,32,82,0.3902439024390244,32.0
2024-25,BOS,61,82,0.7439024390243902,61.0
2024-25,NYK,51,82,0.6219512195121951,51.0
2024-25,LAL,50,82,0.6097560975609756,50.0
2024-25,MIN,49,82,0.5975609756097561,49.0
2024-25,ATL,40,82,0.4878048780487805,40.0
2024-25,BKN,26,82,0.3170731707317073,26.0
2024-25,MIA,37,82,0.45121951219512196,37.0
2024-25,ORL,41,82,0.5,41.0
2024-25,PHI,24,82,0.2926829268292683,24.0
2024-25,MIL,48,82,0.5853658536585366,48.0
2024-25,TOR,30,82,0.36585365853658536,30.0
2024-25,CLE,64,82,0.7804878048780488,64.0
2024-25,HOU,52,82,0.6341463414634146,52.0
2024-25,CHA,19,82,0.23170731707317074,19.0
2024-25,NOP,21,82,0.25609756097560976,21.0
2024-25,CHI,39,82,0.47560975609756095,39.0
2024-25,UTA,17,82,0.2073170731707317,17.0
2024-25,MEM,48,82,0.5853658536585366,48.0
2024-25,LAC,50,82,0.6097560975609756,50.0
2024-25,PHX,36,82,0.43902439024390244,36.0
2024-25,DET,44,82,0.5365853658536586,44.0
2024-25,IND,50,82,0.6097560975609756,50.0
2024-25,POR,36,82,0.43902439024390244,36.0
2024-25,GSW,48,82,0.5853658536585366,48.0
2024-25,WAS,18,82,0.21951219512195122,18.0
2024-25,DAL,39,82,0.47560975609756095,39.0
2024-25,SAS,34,82,0.4146341463414634,34.0
2024-25,DEN,50,82,0.6097560975609756,50.0
2024-25,OKC,68,82,0.8292682926829268,68.0
2024-25,SAC,40,82,0.4878048780487805,40.0
2025-26,OKC,64,82,0.7804878048780488,64.0
2025-26,HOU,52,82,0.6341463414634146,52.0
2025-26,LAL,53,82,0.6463414634146342,53.0
2025-26,GSW,37,82,0.45121951219512196,37.0
2025-26,NYK,53,82,0.6463414634146342,53.0
2025-26,CLE,52,82,0.6341463414634146,52.0
2025-26,CHA,44,82,0.5365853658536586,44.0
2025-26,BKN,20,82,0.24390243902439024,20.0
2025-26,ORL,45,82,0.5487804878048781,45.0
2025-26,MIA,43,82,0.524390243902439,43.0
2025-26,ATL,46,82,0.5609756097560976,46.0
2025-26,TOR,46,82,0.5609756097560976,46.0
2025-26,BOS,56,82,0.6829268292682927,56.0
2025-26,PHI,45,82,0.5487804878048781,45.0
2025-26,CHI,31,82,0.3780487804878049,31.0
2025-26,DET,60,82,0.7317073170731707,60.0
2025-26,MEM,25,82,0.3048780487804878,25.0
2025-26,NOP,26,82,0.3170731707317073,26.0
2025-26,MIL,32,82,0.3902439024390244,32.0
2025-26,WAS,17,82,0.2073170731707317,17.0
2025-26,UTA,22,82,0.2682926829268293,22.0
2025-26,LAC,42,82,0.5121951219512195,42.0
2025-26,DAL,26,82,0.3170731707317073,26.0
2025-26,SAS,62,82,0.7560975609756098,62.0
2025-26,PHX,45,82,0.5487804878048781,45.0
2025-26,SAC,22,82,0.2682926829268293,22.0
2025-26,POR,42,82,0.5121951219512195,42.0
2025-26,MIN,49,82,0.5975609756097561,49.0
2025-26,IND,19,82,0.23170731707317074,19.0
2025-26,DEN,54,82,0.6585365853658537,54.0
