season,team,x,y,z,net,comp,redundancy,eff_roles,connector,value
2018-19,ATL,-0.02019512148944023,0.036918571612559674,-0.04147041369546064,-4.884311698835164,0.05909348591714682,-3.025928063250816,2.5579339346294776,Trae Young,0.11460571038733215
2018-19,BKN,0.09912364345445566,0.050705760491767005,0.15598331738970236,-0.04670873547927279,0.028444845520993273,-3.620287984330366,2.651337955951601,Ed Davis,0.8887151016465719
2018-19,BOS,-0.6550226811341815,0.213488962783892,0.7912051062820726,4.525879826902668,-0.005508973298014214,-2.742249237501295,3.387774847523466,Marcus Smart,1.4331275818699885
2018-19,CHA,-0.5397955303838116,0.12342396817654917,0.1500552152798684,-1.4627096436106823,0.04072594335590116,-3.080261933252901,3.148471156585085,Bismack Biyombo,-0.06509820503155239
2018-19,CHI,-0.4049553534060172,0.6754570905490779,-0.3778260909801575,-8.347783007183551,0.06039141520016997,-4.3519696661365215,4.540458563342611,Zach LaVine,-0.2931313300301842
2018-19,CLE,-0.3188827971659664,0.9183624478997556,-0.45547113007333057,-9.607029816806033,0.03499944952468833,-2.4005559557695197,3.035460856789815,Larry Nance Jr.,-1.06561777312571
2018-19,DAL,-0.9883646575271594,0.050078591122385226,0.6226310034522317,-1.1958532864585703,0.057738705682550996,-3.500747556385469,2.9544954993335897,Luka Doncic,1.0802196623635487
2018-19,DEN,0.12199223305514643,0.5284062547368631,0.5457584535179247,3.899168797278163,0.09195860256909684,-3.1136609078739963,2.7003020151375856,Nikola Jokic,1.3210130577139267
2018-19,DET,0.001436341748328476,0.4118073719148624,-0.12834464701091103,-0.13004366409474777,0.0660088143767077,-4.213306610411433,2.9922856677575598,Andre Drummond,-0.07439022831150521
2018-19,GSW,0.16434846485700916,0.3866381329122894,1.1833737191061688,6.664351848488836,0.11266516802655689,-3.7861226775546863,3.526420818810879,Draymond Green,1.2574246018151436
2018-19,HOU,-0.12800298572655164,-0.4406480093033827,0.18847372338028945,4.501229415250685,0.03551938109076075,-4.1831998906987415,2.674511530203183,Clint Capela,1.0563703334074546
2018-19,IND,-0.7305338666590998,0.5405406083217673,0.4163461811972771,3.4281629849360673,0.05098712474983123,-3.40519897291077,3.537046633280882,Bojan Bogdanovic,0.5451105596049297
2018-19,LAC,0.06229725399559924,0.24883110798162572,0.19821343506551323,0.8906605380402555,0.03078489675745741,-3.6615768274277554,3.189994428486977,Patrick Beverley,0.5163265877775062
2018-19,LAL,-0.15208174053541643,-0.1418412412738515,0.09663025132440795,-0.6936736991730807,0.05177371540617601,-3.230286497944955,3.3307814794783197,Tyson Chandler,0.252779131657318
2018-19,MEM,-0.47462627346926495,-0.05605961822528095,-0.2069398710639815,-1.0396958980878779,0.02176756347672214,-3.528995350485417,3.3270728356729147,Jonas Valanciunas,0.6305265434135332
2018-19,MIA,0.22500523976179998,0.6713472371167923,-0.2726070025272834,-0.07818067753841973,0.04789493843571635,-3.1757220290198225,2.5097663496064646,Rodney McGruder,0.7908876975091698
2018-19,MIL,-0.058535094575795095,-0.3213558885852927,0.7976039891775172,8.747800997226163,0.06837820977769114,-3.121917836016168,2.7455291593527225,Giannis Antetokounmpo,1.426995670796955
2018-19,MIN,-0.49608022253785894,0.47372183076844976,0.1354529610784776,-1.4972654285147824,0.030573248063192764,-3.5313479203545346,3.0967623657181234,Derrick Rose,-0.059926426148242236
2018-19,NOP,-0.046622479718500594,0.8031246748249757,0.2584336652751133,-0.23451950960964307,0.06313568216980837,-2.8318746361998515,2.9499147402018018,Darius Miller,0.962682136477363
2018-19,NYK,0.27445759995306224,0.5709564836629311,-0.7918257422141223,-8.021546532061684,-0.009930564432235724,-2.7980259670285488,2.122964544133777,Kevin Knox,-1.3682897663740206
2018-19,OKC,0.5033928993292636,0.4068577585636925,-0.3189818958157707,3.1418171804087125,0.09332417486450678,-3.3417976131029277,2.6419409972066616,Steven Adams,0.23269045276114433
2018-19,ORL,-0.5477554717492257,0.47142368383788685,0.6853566857216294,0.6412471386818552,0.08988220202343598,-3.561299603136177,3.4876638020465665,D.J. Augustin,0.22959751124384817
2018-19,PHI,0.2629320008174218,1.5658759395689106,0.6381923580539502,2.914440336410018,0.01717610831162349,-3.800558824963561,3.474009722596946,JJ Redick,1.408149277223207
2018-19,PHX,-0.2427342620372917,0.6760937691716431,-0.12507382372877004,-8.416551665858085,0.04398041440691301,-3.6391971278323023,3.228646010017724,Deandre Ayton,-0.3395720110348688
2018-19,POR,0.2378979052666555,0.786798983244428,0.407049764206197,3.919414758659645,0.06155247501069252,-2.885141341398941,3.1511758847938536,Damian Lillard,1.219161466532176
2018-19,SAC,-0.37989269712394813,1.13128208377646,0.14309766044422023,-1.088272338624785,0.024280877977274917,-2.5557964798556805,3.1237330187385006,Nemanja Bjelica,0.7096201185484248
2018-19,SAS,-0.6486018727446006,1.0120570425287305,1.2847759713851516,2.0009213560485684,0.006372704984759625,-3.7326330543126964,2.8216797700930387,Dante Cunningham,0.9797862210842763
2018-19,TOR,-0.7313112411942299,0.7199704702791759,0.8779857229156594,5.775326053142393,0.03917356122676056,-3.622500033914222,2.984639277835364,Danny Green,2.284960819652609
2018-19,UTA,0.3876897480359841,0.15969050868726156,0.5034631219566725,5.317286540213106,0.19379161164540074,-3.2069480152348984,2.582270842642463,Rudy Gobert,1.7912740901062787
2018-19,WAS,-0.3123015352647457,0.309838055271688,0.5183058729017025,-2.733338437242394,0.05291514028690068,-3.471348240084369,3.7159210833780887,Bradley Beal,-0.7678274550045974
2019-20,ATL,-0.6193660857612486,0.438117259741783,-0.4679646900037415,-6.489184692179717,0.060459847176788796,-3.518617388272248,2.7489862130715066,Dewayne Dedmon,-0.8680495829298692
2019-20,BKN,0.3462095556544416,0.06608405140016643,-0.17549384832397064,-0.6646505265887725,0.036548279140590216,-2.274348434335252,2.562763008800823,Jarrett Allen,-0.08255803846861375
2019-20,BOS,-0.26134462725514784,0.6828529854599804,0.2200683880839085,6.44365827751876,0.024988445455824286,-2.89773701436845,2.9183968324728644,Daniel Theis,2.1308093155666343
2019-20,CHA,-0.4046034468948588,0.4733072778318246,-0.6262904098413873,-7.330359472389536,0.04057114888996921,-2.5186133088528826,2.5904392720356295,Bismack Biyombo,-0.8210794397609411
2019-20,CHI,-0.215915838491164,0.23815095505911388,-0.8457804316427094,-3.0430324338084125,0.047987452865304245,-3.2918821758826646,3.4629019433341535,Zach LaVine,0.6546705358218637
2019-20,CLE,0.29338092207232985,1.4482699630386775,-0.5072932254783307,-7.850761787214511,0.06344631797155424,-3.6399061091335057,2.865379782379221,Kevin Love,-0.537536165069717
2019-20,DAL,0.15986113834892127,0.15329591952906346,0.8494417024081059,4.9301126072919255,0.08745672441564764,-3.9678664962994286,3.3986719741851235,Luka Doncic,2.062654134399217
2019-20,DEN,0.03456459289121513,0.5025850666555584,0.25914718995322444,2.287300516385815,0.07467024609845797,-3.3816642502265952,2.8347333859988226,Nikola Jokic,1.1117241213081972
2019-20,DET,-0.8646250504045491,-0.39755243807034873,0.22611055354264026,-3.5680812910707127,-0.0201668882755073,-3.457261339808549,3.42900513609666,Derrick Rose,0.17235284622111627
2019-20,GSW,-0.717487936708629,0.7642733619516137,0.006548888849267323,-8.094931941650962,0.04571986017560856,-2.9243160571593703,2.9217365656884535,Eric Paschall,-1.5153052999670567
2019-20,HOU,0.07698066054592768,-0.7580301474557919,0.40229625189336266,2.6017489190601317,0.08246407630229566,-3.4270988501580155,2.2712636085747366,James Harden,0.7834105524400493
2019-20,IND,-0.5119785809416548,0.5408278583153975,0.29070719668830236,2.2927550399848284,0.06293237993881802,-3.561397171315461,3.2547095706986053,Justin Holiday,1.0342312177236377
2019-20,LAC,-0.32013920375221716,1.1891261825260266,0.5156776124454305,6.150291662932461,-0.0028452835685324387,-3.5750692769060435,2.7912392641534263,Patrick Beverley,1.3602942792739994
2019-20,LAL,0.3100093606628911,0.6423047272486723,0.5936913699338536,6.067187444714217,0.012681021779555445,-3.5810432615663417,2.9982625914285097,Danny Green,1.1120420060332679
2019-20,MEM,0.09515601110820505,0.8219161531808992,0.17227184175314159,-0.6038124644115017,0.029274150404849916,-3.7395998521663087,3.314179639146351,Ja Morant,0.5503266602595112
2019-20,MIA,-0.3316808225970501,-0.2556043736514217,0.8939300739799645,2.8603462905134602,0.06783163165560546,-2.9966533736563767,2.793365691454364,Jimmy Butler,1.0440654392587365
2019-20,MIL,-0.10930209950063408,-0.22352926124571906,0.9720997682897767,9.736250457952856,0.0760508485580366,-3.6050238312847815,2.6947125763019213,Giannis Antetokounmpo,1.6758553870445565
2019-20,MIN,-0.632879831441381,-0.15841807114697826,-0.08102279575040389,-3.2230359331877567,-0.02713342081675387,-3.555698646851036,3.3286063546379414,Karl-Anthony Towns,0.13728613440577933
2019-20,NOP,-0.09943785322935644,0.153792534478217,0.19324861200435114,-1.2695432256884187,0.06382711581852829,-3.1767954163961236,3.55763082982326,Lonzo Ball,1.0315905005416135
2019-20,NYK,0.40803523094325145,0.42732915867434357,-1.141970498636325,-6.243414697149707,0.12843156052412402,-4.244557601142406,3.007020683879757,Elfrid Payton,-0.4844103865905116
2019-20,OKC,-0.17502342580283484,0.7226132059042593,0.37120398418705913,1.9037235397324048,-0.0136410628379126,-3.4801109036191864,2.8983723768061393,Terrance Ferguson,0.7769265638633767
2019-20,ORL,-0.25349797456814255,0.5791931936851671,0.06735031858163977,-1.0169800505878346,0.08609833199091965,-3.1459068045954077,3.6184037572155536,Markelle Fultz,-0.028178839548786253
2019-20,PHI,-0.5832270563507996,0.4269052492737983,0.6532416774284657,2.438071690896493,0.0800384342603068,-3.2610562447207045,2.8810630289621195,Ben Simmons,0.8909535342620954
2019-20,PHX,-0.09445478327846844,0.2836096081169437,0.529362201517643,0.5503576889983819,0.04523442252679522,-3.0691461793252586,2.880423759403214,Devin Booker,0.37631489560833636
2019-20,POR,-0.589901781631855,0.6684309123892652,0.3643344753331434,-1.0373998533893536,-0.061569798895632195,-4.155711171004766,3.2266891908385733,Hassan Whiteside,0.2785717743050705
2019-20,SAC,-0.135374648588477,0.8343664916446523,-0.011804763767463993,-2.1749802071097113,0.04604423913257408,-2.9244210853798402,3.087846735911276,Richaun Holmes,0.759565652065981
2019-20,SAS,-0.7341131263280997,0.9181797676131543,0.7299860876518676,-1.0092617243597335,0.05487248611033467,-3.6292159501010937,3.4346136044625664,Dejounte Murray,0.8107236098557545
2019-20,TOR,-0.11847609159650845,-0.05804521522277509,0.05150436210037802,6.067505896494585,0.026655332152107702,-3.4678307017389867,3.5138791613523312,Serge Ibaka,1.7413376214847072
2019-20,UTA,0.1282414236947901,0.6994423207388809,0.5983052363602631,2.3908990007122766,0.07622403721328645,-2.8244128161098154,2.3259791691092944,Royce O'Neale,1.5161078741935041
2019-20,WAS,-0.5918139845293596,0.7257307470081448,0.03034546768727315,-4.45964111006083,0.04333280517910738,-3.8738781436790855,3.8430460513732,Ish Smith,0.09845263938358131
2020-21,ATL,-0.1492871012075961,0.810286340547385,0.1435553573806563,2.2891836428930556,0.060034881001626315,-3.9774945862237376,2.8998685886780486,Clint Capela,0.5095459875982726
2020-21,BKN,0.10038548955482075,0.04813341744523749,0.9338832004140631,4.903771758244413,0.07725629824327532,-3.240182506083801,3.0511850899894335,DeAndre Jordan,0.6678259645123652
2020-21,BOS,-0.4002819409884886,1.124419631302078,0.2574940533892406,2.4079312867935743,0.02236436904140729,-2.645713643043858,2.6971488285439547,Marcus Smart,0.8095988008981737
2020-21,CHA,-0.26654456616029243,0.12419716499456712,-0.37413304546770276,-2.0171541005376437,0.028021242749328483,-2.642372156785796,3.0232815079412227,Bismack Biyombo,-0.23020453453920556
2020-21,CHI,-0.4196606715388328,0.5236270049650589,0.5552251395360837,-0.95297108379504,0.033663634516625546,-3.664728214322445,3.8439236417098424,Zach LaVine,0.34761300438996234
2020-21,CLE,-0.20549114920195588,0.04380825212509998,-0.23137728721222528,-7.401224914833615,0.096449914604649,-2.5361900066708403,2.9803144885560973,Jarrett Allen,-0.028925458974584296
2020-21,DAL,-0.4067839523074955,-0.06396276419326961,0.7311570478445425,2.0052320270201873,0.04956225799900477,-3.6270281552937615,3.099033523617105,Luka Doncic,1.5504220010571668
2020-21,DEN,-0.20374302060327182,1.2544458811764496,0.6480014312060168,4.953453639322802,0.0035881536658274983,-3.488842166900293,2.9410248336946254,Austin Rivers,1.7954456428403556
2020-21,DET,0.15331963916604247,0.6593027857639416,-0.3838428208758298,-4.105033421937887,0.06451060478814838,-3.335027720362992,3.4578134950508495,Mason Plumlee,-0.06760588635037003
2020-21,GSW,-0.0108976112833614,-0.1009977641415061,0.9023726064846868,0.9484811180013208,0.06935203914035899,-3.4629126826852104,3.5400302815127658,Draymond Green,-0.1469594219317813
2020-21,HOU,-0.3271947272294387,-0.5005155139477916,0.005620107662327713,-5.898947561591639,0.009005854155359764,-2.4117394848715983,2.7677522738421376,Christian Wood,-0.08404600750968515
2020-21,IND,-0.25137826112997325,0.14528227491899484,-0.022030746033793763,0.008351612643564543,0.08112846509664585,-3.2528952407120735,2.9603572758396814,Domantas Sabonis,0.5516067096627044
2020-21,LAC,-0.1330940706926797,0.3412748059754993,0.8239038282529586,6.116106962997714,0.07701289150134424,-3.375905777513808,3.5351731103591884,Ivica Zubac,1.4822425441971503
2020-21,LAL,-0.05795874048946865,0.7984137498261648,0.039181319666908486,3.216885624113841,0.045800155985912056,-3.4820667244507844,3.0188599018304867,Montrezl Harrell,1.2979010191012113
2020-21,MEM,-0.10804379777388608,0.7366328627262603,-0.20672012950806176,1.255830749556086,0.03000500893927472,-2.987995350046499,2.9343576330454577,Dillon Brooks,0.8745575674699432
2020-21,MIA,-0.4338998877837979,0.08324403407625636,0.4116763983696807,0.2907874587649406,0.03020536610312457,-2.770961794652032,2.846827509950327,Bam Adebayo,1.181993672471607
2020-21,MIL,-0.3222584441175091,0.06470018184058761,0.5738623760455561,5.638109999325058,0.06306319576830324,-3.8978548410345755,2.986182251068722,Giannis Antetokounmpo,1.5200745719011717
2020-21,MIN,-0.1522547785755891,-0.0176951919748736,-0.39878483682020377,-5.22648866047144,0.0239614755385997,-3.343709159709624,3.2523504154027085,Anthony Edwards,0.692051899787593
2020-21,NOP,0.6018383534143378,1.004311187319807,-0.24685455221313143,-0.1722467389115856,-0.028882341750261803,-3.5374905951965046,3.011414983429101,Lonzo Ball,1.0625967425454255
2020-21,NYK,0.0077013647661649046,0.8533125421008197,-0.39138548742016827,2.257263800248155,0.032187296156825945,-2.8910306038409535,2.5292850921441685,Reggie Bullock,0.19232653207060033
2020-21,OKC,-0.19038196230209423,0.7051802128058815,-0.5786359665818884,-10.227914243900504,0.0746576727498996,-3.148459417554672,3.1929402933787703,Moses Brown,-0.7654777429062647
2020-21,ORL,-0.9529332192537469,0.46672697873724206,-0.5724819845430945,-9.049075573101796,0.03755707237431516,-2.2953702180609503,3.35939008794934,Dwayne Bacon,-1.2067029452073645
2020-21,PHI,-0.41427899005554636,0.4854598979065374,0.10801134440355757,5.956591825711577,0.09234651265083543,-3.7348657146171993,2.6814955508765075,Ben Simmons,1.5575117388804638
2020-21,PHX,-0.4094654239819347,0.3377662693806221,1.1054189117270374,5.712826838285512,0.11507983013898918,-3.7225161012113483,2.914711889756076,Chris Paul,1.0793050229363295
2020-21,POR,-0.14939143070860808,0.42630960105317384,0.4732421558590771,1.4810801726578005,0.034122628107193576,-3.7584162279278783,2.846541970822231,Robert Covington,1.2134621541685358
2020-21,SAC,-0.07052795186633773,1.0475751568128704,0.24178487834894943,-3.666651727608672,0.04494125024015339,-3.6039085487823668,2.9393650465113415,Buddy Hield,0.2081783837374572
2020-21,SAS,-0.3796768766629706,0.873051643476722,-0.015600615052248917,-1.624960906333528,0.055208208410622385,-3.354836788255984,2.9229435157772685,Dejounte Murray,0.2672869801873816
2020-21,TOR,-0.7375586081287482,-0.056286189086677804,-0.4288657419947505,0.32339749232759285,0.04657050227824883,-3.1670078542337836,3.478097069507783,Khem Birch,0.7707520427869615
2020-21,UTA,0.3651359857655144,0.3809810698139643,0.585362496353032,9.254585232972845,0.13039576165834182,-3.5114576929319443,2.5422064813558753,Rudy Gobert,1.4756191319179313
2020-21,WAS,-0.30476843527724407,1.0385978563421965,0.4377964960939862,-1.4406138020268688,0.052074459365774796,-3.8539105957736677,3.044976111256727,Davis Bertans,0.31393497386661845
2021-22,ATL,0.12505549498085722,0.7161978292060228,0.3065939637690209,1.5662133568095316,0.056807105219495876,-3.815228951488492,2.6365772937603276,John Collins,1.163497258651512
2021-22,BKN,-0.06420574334883054,0.46680239564241577,0.44915755568489407,2.581918938860661,0.0006980328008820303,-3.9111233277042365,3.1002181546474077,Patty Mills,0.986226312196565
2021-22,BOS,0.16755218985626633,0.5992353346637398,0.6174826105359762,7.4225102196560755,0.11083175460911239,-2.617850027291479,2.8711867948124716,Robert Williams III,2.6231923208018384
2021-22,CHA,0.6138328810608447,0.1805065413301075,0.2752841932455229,0.8441639701807446,0.040128009283107634,-2.950161920125496,2.8886828733751093,P.J. Washington,0.1691002943504802
2021-22,CHI,-0.28264112161699456,0.441209016419016,0.48092580470662155,-0.4200567082303541,0.06514123311255202,-3.530647760795295,2.984072191980196,Nikola Vucevic,0.66701095924835
2021-22,CLE,-0.14588413505637907,0.7436707202690576,0.022190093612743333,2.8468094703944624,0.08954149557306997,-3.523726267646478,3.3688443506383745,Jarrett Allen,1.0523218165242132
2021-22,DAL,-0.752776061467581,-0.33081829532323526,0.5960313249889101,3.8684210526315876,0.07793801490240172,-3.769828284144376,2.3249913946005307,Luka Doncic,1.7957845737677456
2021-22,DEN,-0.2658378849850938,0.3432742099074449,0.8755674329511471,2.533908646684657,0.05470331619030117,-3.289178987696359,2.5581943123223083,Nikola Jokic,0.9586220938414747
2021-22,DET,-0.5006523220680699,0.5352302685740702,-0.6866284658739363,-7.4363237362580215,0.08877490417946403,-3.1845288713884314,3.185990975615745,Killian Hayes,0.48596514538236557
2021-22,GSW,0.118919897138166,0.2680436080576171,0.6813987463728854,6.412404606360234,0.06633245577742525,-2.805679379199535,2.954103034260858,Stephen Curry,0.9251439468326248
2021-22,HOU,-0.4227993706678822,0.7051742557962488,-0.08686578164570308,-8.34495793399903,0.020746631338666006,-3.257151474736776,3.236269532387564,Christian Wood,-0.6886695139993814
2021-22,IND,-0.7583958920142704,0.5729022086712305,-0.016423283801758677,-2.2627709807125918,0.0397571687445791,-2.4552068737026596,2.810328318127841,Myles Turner,0.4578324745421015
2021-22,LAC,-0.7067132601823767,-0.0008066348338351944,0.3877026402457151,-0.040100376220175704,0.037046766555082135,-3.063963257676032,3.0888163713753496,Robert Covington,0.929547756457034
2021-22,LAL,-0.7010022429142866,0.20441298667343843,0.35312907399541194,-1.7640067675987137,-0.04181782534745439,-3.9529407853057905,3.1912453739917,Dwight Howard,0.3700553887353377
2021-22,MEM,0.4157529028181293,0.9506178274110219,-0.3986826554618865,5.744849412162534,0.043694672441472536,-4.150956403842921,3.580377707241017,Jaren Jackson Jr.,1.4070583767812874
2021-22,MIA,-0.21934288572495797,0.3433915532428732,0.5899260569395831,4.640916212525492,0.02967093745616741,-3.188994426979765,2.6356698794466626,Jimmy Butler,1.0157342530179596
2021-22,MIL,-0.35858476810839857,0.13329457735912809,0.7476322894273375,5.35765648734936,0.041393404478227015,-3.1042386381827174,2.855947542575152,Jrue Holiday,1.427529472865798
2021-22,MIN,-0.08562367505004442,0.037496245086798705,0.10950009772551564,2.3795499293045808,0.05350718184480464,-3.433975462338908,3.151395558679288,Karl-Anthony Towns,0.7197048184733418
2021-22,NOP,-0.11169370704937531,0.5174656093116415,0.11885709615365687,0.42653428502905655,0.08329194720877692,-3.377604560468197,2.670890456403309,Jonas Valanciunas,0.6330640915888486
2021-22,NYK,0.04952059760385379,0.5764701898778294,-0.2433102489980406,-0.1400123114664975,-0.03935605872178828,-2.589795049901798,2.320436743529289,Julius Randle,0.1425770196402557
2021-22,OKC,-0.8201524131399008,0.41651283001570155,-0.4225278826644121,-7.16416735535883,0.03663291999822462,-2.408364299793635,2.984340614048134,Shai Gilgeous-Alexander,-0.24569236953522114
2021-22,ORL,-0.65927294424148,0.22406708529928962,-0.005902969489545164,-7.987051159819014,0.027466476068148633,-3.008732852645867,3.4048729462788208,Gary Harris,-0.5301305394203278
2021-22,PHI,-0.5433633589671147,0.7147488604452011,0.37914087036914057,2.568556989630255,0.09705977531723142,-4.7639054846482995,2.7952432122660347,Matisse Thybulle,1.8902677662261307
2021-22,PHX,-0.45763554086916985,0.7637252440835646,0.5390400340260718,7.514690501732102,0.07960363563508861,-3.711189504761327,3.20990100521673,Jae Crowder,0.7888720491936224
2021-22,POR,0.046224086865026895,0.9471544364612623,-0.2551592722265771,-8.814375522641216,0.036419048233293574,-3.483340016425531,3.3975154770399936,Anfernee Simons,-0.5189502698911572
2021-22,SAC,-0.02706566458644922,0.5845690746954701,0.6137987801914115,-5.400098183603341,0.07269863419584262,-3.1057211635066997,3.084493390577041,De'Aaron Fox,-0.1693346945453463
2021-22,SAS,-0.20908449555349967,0.26289489063141996,0.09600161812934432,1.3488057088754335,0.06161996642414358,-3.210028905927377,2.890267368359144,Dejounte Murray,-0.28213861294622733
2021-22,TOR,-0.5303497043569649,0.738409328323008,-0.48262581445195574,2.3413773417342743,0.05853956766419717,-3.509886470799734,3.5297483342883167,Khem Birch,1.153926487452267
2021-22,UTA,0.09457678763696407,0.6380773959318549,0.2745776349532448,6.441326831069527,0.0426806663685312,-2.9926369386433165,2.590561143718626,Royce O'Neale,1.3422630037865593
2021-22,WAS,-0.25784915396530966,0.7629272503490772,0.4874835610662266,-3.27402929669125,0.05000701762544299,-3.6681921667876134,3.4156173189764667,Daniel Gafford,0.15131343472395659
2022-23,ATL,-0.15422956747280453,0.7849681375165312,0.05408405989593738,0.4260085028420679,0.021652859093768028,-3.630514956511154,2.5353952147852485,Garrison Mathews,0.6176734069532077
2022-23,BKN,-0.41481091829279604,-0.6890355897215164,-0.11852140564901031,2.383361554031138,0.039699173829698654,-3.5671750589484525,3.1953351642501833,Nic Claxton,0.7476633873809295
2022-23,BOS,-0.2372711110042559,-0.1636230018932832,1.2576336415903064,6.421312301751114,0.08782977988973491,-2.512076234895238,3.1138763555963562,Robert Williams III,2.547133713322041
2022-23,CHA,-0.4852472700026846,0.4902786374100008,-0.50882262700256,-6.016960006706706,0.04980865561884866,-2.665127556979007,2.9578391605288683,P.J. Washington,-0.7229420173882236
2022-23,CHI,-0.4235512736696815,0.18228823477582667,0.1351349524872831,1.5214013526291925,0.07389432242351511,-3.7065062351067435,2.9313400960175295,Nikola Vucevic,0.20010071227714243
2022-23,CLE,0.12045107995814983,0.3550334366878997,0.1802345977880115,5.794480317037176,0.027171310863428017,-3.1898478751849955,2.702392598032337,Evan Mobley,1.206196339068817
2022-23,DAL,-0.3521160300155641,-0.22778924642827109,1.334024274365921,1.023220929282731,0.13711759911194332,-4.58138007025793,2.4975334352076617,Luka Doncic,1.3659059544780803
2022-23,DEN,0.41659642176139405,0.42540519607012645,0.8921031067140252,3.2024928899365035,0.05550839720666294,-3.571264277218515,2.7363390191834975,Nikola Jokic,1.343887640611983
2022-23,DET,-0.5997945605455695,1.1307454940448054,-0.5059573855102255,-7.692346728989774,0.09206039536954194,-3.1050583815461383,3.2455863172296104,Killian Hayes,-0.6688742645229176
2022-23,GSW,-0.23559469897977287,0.15289369216062412,0.884289568097363,1.632106885480611,0.09317503129226924,-2.8657113308294484,2.659882686388237,Kevon Looney,0.44293063786013404
2022-23,HOU,-0.060512452721151515,1.3989313194961632,-0.6503671639709613,-8.19485021336508,0.11496742864751962,-3.8273190455908708,3.589115158114167,Jalen Green,-1.113176365654172
2022-23,IND,-0.6272610658885669,0.13964438531345233,0.13955214424248616,-2.988101857293235,0.046056268123457325,-2.791456999142231,3.146066619317845,Tyrese Haliburton,-0.15185837133999758
2022-23,LAC,-0.1693775169379027,1.260422369814738,-0.03516508406707197,0.7048405609374253,-0.003958753296129141,-2.952939703385375,3.044826364076379,Nicolas Batum,0.8481481510324327
2022-23,LAL,-0.5442432446625695,0.39512256861763934,0.7955593966140736,1.070411964201412,0.025876670108306177,-3.3294379427345806,3.3336023554964425,Jarred Vanderbilt,1.120762904513677
2022-23,MEM,0.018069325550064436,0.2436227480804818,-0.0688227628146318,3.8488855852236714,0.048312472125201254,-3.645369802501994,3.303553850798402,Ja Morant,0.9076748689124605
2022-23,MIA,-0.929068885233451,0.4213690460023708,0.10549218764080494,-0.39164600143417605,0.030591130858465182,-2.9077604854079686,2.9425509961246807,Bam Adebayo,1.2049559483809629
2022-23,MIL,-0.8194870259335524,0.12950119183431547,0.7709206231312258,4.200523174712423,0.05174705786488777,-3.4143780506262824,2.7184629936337514,Giannis Antetokounmpo,1.9567018015073159
2022-23,MIN,0.12594378587139773,0.5084732100533546,-0.1029373749310678,0.5422726152329194,0.07282039097675751,-3.0718852102661365,2.661304681398117,Rudy Gobert,1.1861521882001698
2022-23,NOP,-0.1697897054768918,0.8176386313959636,0.1095174553681943,2.085946901510649,0.041535503215055766,-3.1924833777269566,3.165909937162186,Jonas Valanciunas,1.0647461355218921
2022-23,NYK,0.6520128753399383,0.4299036600496423,-0.12642626954841532,2.8380487778117525,0.005178233600678119,-3.500565635873987,2.855140379165323,Josh Hart,1.3759442084640061
2022-23,OKC,-0.5528497468659309,0.43312720296590507,-0.13147041352777536,2.276481451592627,0.024382422191354607,-2.752466924238628,2.3263615879543695,Shai Gilgeous-Alexander,1.084023809016463
2022-23,ORL,-0.46989874021272354,0.9742313601840639,0.00816302689717265,-1.8968486301033316,0.013453253812562774,-2.78611426862718,3.401081126512193,Gary Harris,0.23699225828938697
2022-23,PHI,-0.10961843983817045,0.24995661664650043,0.36375672495558553,4.431236712240549,0.05073334221829225,-3.9504077253943928,3.0118418213005396,P.J. Tucker,1.5106207577098179
2022-23,PHX,-0.5937412052911873,0.966496211005645,0.4872870361644873,2.5574950586879197,0.05790080052089634,-3.207288154993622,3.2146072756256197,Chris Paul,1.0024001678785706
2022-23,POR,-0.3311535456400391,0.23119299618707095,0.5224066131419763,-3.6999764554086045,0.04495304716824705,-3.5071258691242395,3.306086711966433,Jusuf Nurkic,-0.6743805962778927
2022-23,SAC,-0.33479151607292623,0.40928886853334684,1.0838273279908652,2.425397255577888,0.0769230905092631,-3.437418141334819,2.599401353153953,De'Aaron Fox,0.8274164177581775
2022-23,SAS,-0.8554347156823535,0.4308185496343168,-0.4929121179515015,-8.809160388076641,0.02586804751274232,-3.0707370677707853,3.83743118873807,Tre Jones,-0.48200091344209456
2022-23,TOR,0.10034622515276308,1.010674712151062,-0.5027238428195123,1.4230033340910664,0.05027529595084673,-3.576930885606375,3.1686397212138266,Fred VanVleet,1.3911732126760512
2022-23,UTA,0.1734893093792009,0.9477993858146819,0.5658636597668705,-0.5816659064661112,0.0666564744509484,-3.37437577199554,3.0645883586935057,Walker Kessler,0.5565318853250781
2022-23,WAS,-0.08627726385620958,0.9688090637414195,0.5506724361200124,-1.2469628357276719,0.04405243485547232,-4.027502596247676,3.83652601159008,Daniel Gafford,0.4728053912701748
2023-24,ATL,0.10581978326970726,0.6436152057079895,-0.021211586352282367,-2.187284570688952,0.037795300200688976,-3.4419256900232225,2.6380969004864827,Jalen Johnson,0.5305097989320484
2023-24,BKN,-0.6391617219109988,0.35143034140196516,-0.07777934987856681,-2.84944761907735,0.01521292158079358,-2.9581702002393055,2.7598258424325315,Day'Ron Sharpe,0.43415829532955386
2023-24,BOS,-0.2949473175289646,0.06140040670162352,1.1289878697718718,11.317905912184155,0.04587039882558735,-2.4757872236162126,3.5118775437388945,Jrue Holiday,2.9799378306763042
2023-24,CHA,-0.42220908187776035,0.16411756317557472,-0.24167824997265944,-10.158304874727065,0.03696120683706123,-2.499907224217354,3.142720004775794,Nick Richards,-0.5478308407319511
2023-24,CHI,-0.7404551805746569,0.8360542476492377,-0.16449329119472691,-1.6283119653165423,0.09404717386826267,-3.6453006994457593,2.9175303835791686,Nikola Vucevic,0.6704520005023409
2023-24,CLE,0.014930561489542207,0.19441876231663896,0.20087841962536115,2.188983486665119,0.09948916804930687,-3.3101656072003274,2.975314523944236,Jarrett Allen,0.8350544793011377
2023-24,DAL,0.7797513518594045,0.49150562321729835,0.9038785140794438,2.5823031292996346,0.07648648466014155,-3.339367835006414,2.360499195002051,Luka Doncic,1.6922015913942092
2023-24,DEN,-0.0484617768854267,0.48326263240943007,0.5894378647024432,5.5660387678305945,0.08503599338497822,-3.716587135449855,2.7144408701554554,Nikola Jokic,1.9287468546038036
2023-24,DET,-0.32399949736845635,0.6285339490165653,-0.5286752783763393,-6.79922954746861,0.08275100510357715,-2.5410642533214856,2.788225184712881,Simone Fontecchio,-0.2592378884294527
2023-24,GSW,-0.038821090457654035,1.0103932831220637,0.666580742146771,2.4878007595795726,0.07042124223119328,-3.5095850937287,3.0444003734670426,Draymond Green,1.108322215618115
2023-24,HOU,-0.5917653793077051,0.7742839291360375,-0.07690100267108312,1.341746701568658,0.05023393404762921,-3.2261312455037516,3.2196523606653944,Alperen Sengun,0.5053397329187753
2023-24,IND,0.19274642322997396,0.6224199932314002,0.9118328733653439,2.904898371308584,0.0606356727520276,-3.5478030645982233,3.1837750882728932,Tyrese Haliburton,0.4951256729823182
2023-24,LAC,-0.024444054937075032,0.9485964537424212,0.61167003460911,3.331034367289387,-0.08259710523634649,-3.111260128851771,3.16763058625616,Daniel Theis,1.738465485071771
2023-24,LAL,-0.3436769822857946,0.6552206060045164,0.660975259739045,0.5712314888036696,0.03528311289586954,-3.5064512418715093,3.4594500099519556,Taurean Prince,1.0934851772159206
2023-24,MEM,-0.6734734837416748,0.4058502806003224,-0.17703416663237392,-4.540517339321459,-0.008620581055195607,-3.1322227636136137,4.090941945663108,Trey Jemison,0.7918016089791915
2023-24,MIA,-0.9135223250043436,0.6865197295481194,0.5020470300907554,1.7336932911313774,0.03131931374429956,-3.0446020507383396,3.258082046690589,Bam Adebayo,1.2242024739812594
2023-24,MIL,-0.45494041771710875,0.196431170072388,0.9682744088511905,2.3194220027077606,0.06397308382151091,-3.756600986550595,2.638716992516548,Damian Lillard,1.5703398771069894
2023-24,MIN,0.22175855061140237,0.9006441963685652,0.28040395397517565,6.5627297436834375,0.10973549480736722,-4.567260239332101,3.109708322584007,Rudy Gobert,1.7740154973005653
2023-24,NOP,-0.23487504622622382,0.6173369512577285,0.5185453240032817,4.306749357845985,0.05478837364120072,-3.899626877514431,3.300161471034892,Herbert Jones,1.1789384670963907
2023-24,NYK,0.16922129412545575,0.6815292265453772,-0.11566189264230058,4.850609735496447,0.039036836752475323,-3.321043105137198,2.675796488335254,Josh Hart,1.6695007685658803
2023-24,OKC,-0.09884580232471503,0.3387556677089574,0.7235675577653972,7.6553254437869755,0.06877137658452867,-3.411375473629989,2.9367414469327717,Shai Gilgeous-Alexander,2.0697430119788454
2023-24,ORL,-0.0856410630967936,0.73778039381853,0.23760642683645633,2.17057130721543,-0.00019502288324153128,-2.6703796780845592,3.0830644466567163,Gary Harris,0.5939936227658906
2023-24,PHI,-0.41775506168734894,-0.007274726175262161,0.08804527417761754,4.001454219393996,0.025773644361339887,-3.120646349164231,2.6591164084613683,Tyrese Maxey,1.1719592853098093
2023-24,PHX,-0.3123928856732573,0.5425534495646008,0.9182004540948938,3.1212912980704832,0.06504544109401239,-3.0134851285725417,2.9752334799174167,Royce O'Neale,1.113321826042861
2023-24,POR,-0.8454195555768594,0.9242121647545177,-0.7421323785445094,-8.382740380325071,0.06207178196926858,-2.9244597772682246,3.0612591139744025,Deandre Ayton,-0.13002498055440345
2023-24,SAC,-0.4203869001895664,0.3386371258902933,0.9150726405119306,1.2611454759680285,0.08179954645305511,-2.9502618733239983,2.5707966462462566,De'Aaron Fox,0.6711530907606281
2023-24,SAS,-0.30231793403325224,0.5466848332782167,0.26435774099150716,-6.12935482909045,0.005795828370340102,-2.872933056352349,3.1293749545067167,Tre Jones,0.31135996181874126
2023-24,TOR,-0.016680023114616367,0.36210541229070664,0.16179786646162347,-5.230539720948224,0.044940257319410155,-3.0345401602936715,3.141888315078992,Jakob Poeltl,-0.02025750666005493
2023-24,UTA,-0.3009159707420089,1.5810763669019163,0.3150254726591465,-4.763763486686656,0.016724079324048194,-3.2022039196422623,2.4729302370584487,Kris Dunn,-0.3360393893221903
2023-24,WAS,-0.5878277545186318,0.35988038500339725,0.22899116016966725,-8.755680896017148,0.014981864685916486,-3.3431126707721943,3.7681237228164837,Marvin Bagley III,-0.9582778510235707
2024-25,ATL,0.14771298966594001,-0.06983592501258352,-0.03527002730588692,-1.055911699741885,0.08730574516489407,-3.9151796332987367,2.656799905967989,Trae Young,0.5450797763662287
2024-25,BKN,-0.945367903674883,0.25670703732516786,-0.4067022268902699,-6.373693537317249,0.03952418261932413,-2.4698987054243036,3.3045602461805097,Nic Claxton,-0.3120118173148006
2024-25,BOS,-0.1364150103784548,0.09119631109079276,1.3213891482067088,9.087181360849472,0.07594406721933114,-2.552789565149453,3.0018920306546804,Sam Hauser,3.2704482382688904
2024-25,CHA,-0.03285320681049851,0.3051701920664299,-0.3309482551837834,-4.936010846328398,0.053826573910025106,-3.2579790264654176,3.252669686680526,LaMelo Ball,0.003296624084783829
2024-25,CHI,-0.15019751131122303,-0.4934964427948138,0.10860816830756742,-0.12607618467073145,0.00017838799835787032,-2.8722717818160928,3.636561992494322,Coby White,0.9988076900418809
2024-25,CLE,0.07919874044881414,0.029314053707054664,0.8615086859431568,9.176202366345398,0.1016574380195331,-3.3227078429507126,2.8940810247354265,Jarrett Allen,1.517142771142637
2024-25,DAL,0.34833473143441285,0.6162946685691574,0.3263817948349225,0.7612586436512858,0.015581845958836039,-3.238807643378434,3.0980658648630146,Anthony Davis,0.7214747464518997
2024-25,DEN,0.4069712680963115,0.6824711976664408,0.793756275640933,4.291036108333235,0.05693685665207946,-4.196964885635476,3.4224176870517518,Christian Braun,1.4244308452570817
2024-25,DET,0.26567669197334554,0.5127752571159399,0.24699136167922328,2.135027859521932,0.06358115877138067,-3.5053441638358134,2.615440585069813,Jalen Duren,1.0114098904974724
2024-25,GSW,0.0927541601869212,0.10859906040174774,0.4335560106107123,4.495574495574495,0.11716565161013574,-3.060450708999296,2.9379306375203083,Stephen Curry,2.1441143793088098
2024-25,HOU,-0.3740869268447994,1.1330160361505424,-0.4900451368482274,4.293525580608293,0.07977709310094662,-3.124803194397884,2.876597145471151,Jabari Smith Jr.,0.881100193110022
2024-25,IND,-0.5276321119087091,0.2634014678755464,1.0995918668764486,2.650496232113886,0.05629362550267179,-3.043856956233128,2.8285549217710626,Tyrese Haliburton,-0.119290942479313
2024-25,LAC,0.1827409570193197,0.9860281022520949,-0.121436792148862,4.753457296895047,0.008150852855626457,-4.573214683205512,3.0552182982006584,Nicolas Batum,0.9564106811840158
2024-25,LAL,-0.5736068136343966,0.05957146587698344,0.7344456063688414,1.72022979299431,0.10714722209686281,-3.1612702711402902,2.6147489519232274,Jaxson Hayes,1.6087877830076316
2024-25,MEM,-0.004941035668560058,0.7134899813359936,0.5977031985361467,6.763805062904282,0.04808927398963853,-3.408070203995235,3.37786748078986,Ja Morant,1.278279325761
2024-25,MIA,-0.8183500977366756,0.03241187700205216,0.2734900660382748,0.6800151114469299,0.043865935464932865,-3.1666375859527056,3.3605690746081907,Bam Adebayo,0.7215300944981785
2024-25,MIL,-0.4541886452052615,0.2878750438810358,0.9024085586537873,2.1744236862231148,0.059422670899152326,-4.317751730565958,2.9943862881344447,Giannis Antetokounmpo,0.8234663233317052
2024-25,MIN,0.20221184808721598,0.4046975999232462,0.24026650356410106,5.202409629102922,0.09901852107224139,-3.803281575550351,2.7519268151236544,Rudy Gobert,1.3217326899880413
2024-25,NOP,-0.1550143345012303,0.8423562368319253,-0.6035969898261967,-8.745374149904507,0.0434511524062349,-3.584018266355109,3.345005540971322,Yves Missi,-0.4892943737296431
2024-25,NYK,-0.5004985864828956,0.2673711801864866,0.4210442621629859,4.177476581966899,0.053033883909424984,-4.282643143498588,3.4433072628123966,Karl-Anthony Towns,2.386902256582412
2024-25,OKC,-0.31232803770740225,0.06795098798080126,0.44253393172607647,12.54895530816096,0.06807264812539053,-3.3109516269995494,2.728007738969147,Shai Gilgeous-Alexander,2.525843157766092
2024-25,ORL,-0.39474989774048325,0.3472386882349519,-0.028902669059047162,0.5136489824361989,0.027667050648771528,-2.871835227632899,3.040747753785781,Goga Bitadze,0.6861142613351305
2024-25,PHI,-0.587299984968821,0.6328416094585348,-0.04128728589473696,-5.650514401286899,-0.003015680568182822,-2.949340848758432,3.338342979265909,Guerschon Yabusele,0.10135923415547067
2024-25,PHX,-0.5053962159396106,0.5021867196163635,0.6367560142796993,-2.862191504840794,-0.003158839408943121,-3.062624901112016,3.3113629659107557,Royce O'Neale,1.0605163568924005
2024-25,POR,-0.35254501633877,0.6314949902529301,-0.6057315298470918,-3.1134216018157135,0.06785200484311617,-3.1141108799120465,3.097004828757596,Donovan Clingan,-0.05342721919992268
2024-25,SAC,-0.0656910375471437,0.9296032187856577,1.2554200202887782,0.3269548008901113,0.006771666800935244,-3.7355238160403283,3.1657166314426917,Zach LaVine,0.21275584368625572
2024-25,SAS,-0.7461434775415573,0.45960137497511816,0.6342410435974392,-2.9605417559121827,0.016452338882506627,-3.529259141124257,3.6439115342884105,Julian Champagnie,0.4205514324731086
2024-25,TOR,-0.014431413728086172,0.2624919865169815,-0.25361279452545943,-2.5716262349573027,0.07754650374375882,-3.2888630386507764,3.3609864025782064,Jakob Poeltl,0.3040119720333905
2024-25,UTA,-0.6717372315911,0.6535913472792578,0.14310438724132102,-8.712224344965126,0.047844964243992025,-3.144171605027013,3.047066010678096,Isaiah Collier,-1.0978150205882466
2024-25,WAS,-1.1498112054745018,-0.03375706604875718,-0.1706163073135951,-12.321404012413462,0.0011390687089519675,-3.2477491648018706,4.188731743654005,Alex Sarr,-1.3993003224521579
2025-26,ATL,-0.22869695770839177,0.006946049913287342,0.13481866138447854,3.413368206467715,0.033488142884856804,-2.800975475253881,3.424423725142644,CJ McCollum,1.1804852911481523
2025-26,BKN,-0.16902779138224783,-0.07698794234873904,-0.481485671532968,-8.727440577782875,0.04330515500979097,-2.7305962005189253,3.696820351257758,Nic Claxton,-0.5644078037109779
2025-26,BOS,0.0031670289601671265,0.4933887265766621,1.1548117787855647,8.747237287889131,0.0839938904730592,-2.8797565086320485,2.802997135263798,Neemias Queta,2.390729905068379
2025-26,CHA,0.09369181118857324,0.32429194117026966,0.49597668964233216,6.471769680873107,0.10004042419843422,-3.4238969935682815,2.8406980317293526,Ryan Kalkbrenner,1.7448618496840875
2025-26,CHI,-0.6026881968850055,0.15251569377061164,-0.24429182853837325,-1.3323222672914525,0.03260122032988625,-3.4040653138571964,3.579914159238854,Jalen Smith,-0.6809180161199517
2025-26,CLE,-0.4224148952179013,0.483535140250021,0.3266264607316903,5.89163574799727,0.09175754624189975,-3.2249829298389456,2.89676320452129,Jarrett Allen,1.7601723524611326
2025-26,DAL,-0.071206879238424,1.0666940032485384,-0.21838051712443138,-3.1862342709784386,0.003532297499128798,-3.50063890405093,3.08683709173887,Max Christie,0.4840701252473443
2025-26,DEN,-0.25349881218779874,-0.012081524015386659,0.9764888776721237,6.061864732169053,0.0641811242422381,-3.555583928354452,2.59813482666447,Nikola Jokić,1.0728778492970712
2025-26,DET,0.47791269313528617,0.8414552965103467,-0.24816767040278975,9.04121539269218,0.024592257927114534,-3.553569989843821,3.0466629626030803,Duncan Robinson,2.1556677970360782
2025-26,GSW,-0.673479999179729,-0.18003554442404698,0.6212804154254666,2.6558552638394683,-0.050484418989501345,-2.812340314946687,3.7736323761678188,Stephen Curry,2.045390350698304
2025-26,HOU,-0.1368732812858437,1.267152828608651,-0.09103140184892912,6.296723387595815,0.0012771510596862171,-3.853304192213874,2.809124818154395,Reed Sheppard,2.2242929829661335
2025-26,IND,-0.32055668997972037,0.18020792855188894,0.3794450740858926,-4.354857053254824,0.035161087879066855,-3.383261505757579,3.2109249199897554,Ivica Zubac,-0.03574305841629776
2025-26,LAC,-0.22835767037172308,0.20207080434504415,0.49303776424074225,2.4501822553149033,0.043767809974498466,-3.4239867933080106,3.11107995726988,Kris Dunn,1.7510043343613315
2025-26,LAL,0.3268056622590472,0.6243345768031917,1.0407982553620054,3.3739415763341274,0.09733627118903761,-3.3138617670679125,2.8296449652312172,Luke Kennard,1.55697497361428
2025-26,MEM,-1.2923731456000223,-0.06885569503284146,0.11611152357925929,-4.853994843569054,-0.03462160655744391,-2.480778623121306,3.4054661567895685,Cedric Coward,-0.07847396298822819
2025-26,MIA,-0.3340598903919447,0.28563644448583386,0.2020887715805413,3.1033520074406074,0.04591287376240177,-3.133431323878276,3.4679866662813836,Bam Adebayo,0.7723795946421409
2025-26,MIL,-0.8163068242019924,0.06571696681904038,0.5855687831370465,-4.618501799664099,0.047998501510779557,-3.8816641787352277,3.3099450704306506,Jericho Sims,0.16386363717408015
2025-26,MIN,0.2832772497871493,0.29215332530414967,0.075589768126001,4.243324649536806,0.0910106533219193,-3.423410928803302,2.84869015675149,Rudy Gobert,1.011393382206694
2025-26,NOP,0.3431747968174861,0.5493957339455331,-0.6424217136962337,-2.4951314216285825,0.030051544164022344,-3.7362793391847933,3.4212825703295624,Derik Queen,-0.19913586115100745
2025-26,NYK,0.05777831099491019,0.07464885767002069,0.40311931774325344,7.739282053271612,0.06363638478387387,-3.816437979350791,3.134371399109884,Karl-Anthony Towns,2.4474146127540175
2025-26,OKC,-0.42119783299972413,0.046569634980721315,0.4688257551563153,13.187972161267346,0.07735755147741546,-3.3396638852320417,3.051292989811163,Shai Gilgeous-Alexander,2.9337147408338793
2025-26,ORL,-0.11795832454915256,0.5074391302369252,0.267742701193668,1.6302325026344544,0.02302459134989811,-2.583026217631091,3.2368561771732662,Wendell Carter Jr.,0.41323401263952897
2025-26,PHI,0.04523955414178247,0.3756855425309439,-0.2437871109232378,0.9342452484438768,0.029534426464060244,-2.7813742591271176,2.7202018602979674,Quentin Grimes,0.7136615227470998
2025-26,PHX,-0.5991913814646695,0.3601068595425082,-0.08435058121085527,2.3958666668353112,0.04751603544857435,-3.402507810105598,3.1177711416048743,Royce O'Neale,1.1561493513530603
2025-26,POR,-0.12337352430284958,0.04384988056562572,0.25487219330888083,1.5566605152334878,0.05101475194477188,-2.913551776604765,2.8707687576053087,Donovan Clingan,1.4351584318830275
2025-26,SAC,-0.4569889650743557,1.1376165446565265,0.2157553911610891,-8.326938982594179,0.034086766714416364,-2.870353242910169,3.3838789490962706,Nique Clifford,-0.6707647938771263
2025-26,SAS,0.23187600620281743,0.2820640417120658,0.6222686649811014,8.89823948866284,0.06562247713940376,-4.204989830935203,3.5144303447283725,Victor Wembanyama,1.18132586301677
2025-26,TOR,0.03927524534589655,0.41179006817710856,0.19067916347825534,3.971912963374513,0.041164143259562365,-3.618347421231153,3.265358439511118,Jamal Shead,0.7999111721100692
2025-26,UTA,-0.3331521604059723,0.6839906466432282,0.325291251147345,-6.964503071674133,0.02090152732756438,-3.352050360073922,4.227327994172666,Isaiah Collier,-0.59425153383135
2025-26,WAS,-0.805865521930052,0.49866269227075766,-0.25858662136452804,-10.368019801645989,0.060622494999894076,-2.7462714328162026,3.46157789436627,Julian Reese,-1.6336435070349455
